,0,1
0,248,355
1,248,356
2,248,357
3,248,358
4,248,359
5,248,360
6,248,361
7,248,362
8,248,363
9,248,364
10,248,365
11,248,366
12,248,367
13,248,368
14,248,369
15,248,370
16,248,371
17,248,372
18,248,373
19,248,374
20,248,375
21,248,376
22,248,377
23,248,378
24,248,379
25,248,380
26,248,381
27,248,382
28,248,383
29,248,384
30,249,355
31,249,356
32,249,357
33,249,358
34,249,359
35,249,360
36,249,361
37,249,362
38,249,363
39,249,364
40,249,365
41,249,366
42,249,367
43,249,368
44,249,369
45,249,370
46,249,371
47,249,372
48,249,373
49,249,374
50,249,375
51,249,376
52,249,377
53,249,378
54,249,379
55,249,380
56,249,381
57,249,382
58,249,383
59,249,384
60,250,355
61,250,356
62,250,357
63,250,358
64,250,359
65,250,360
66,250,361
67,250,362
68,250,363
69,250,364
70,250,365
71,250,366
72,250,367
73,250,368
74,250,369
75,250,370
76,250,371
77,250,372
78,250,373
79,250,374
80,250,375
81,250,376
82,250,377
83,250,378
84,250,379
85,250,380
86,250,381
87,250,382
88,250,383
89,250,384
90,251,355
91,251,356
92,251,357
93,251,358
94,251,359
95,251,360
96,251,361
97,251,362
98,251,363
99,251,364
100,251,365
101,251,366
102,251,367
103,251,368
104,251,369
105,251,370
106,251,371
107,251,372
108,251,373
109,251,374
110,251,375
111,251,376
112,251,377
113,251,378
114,251,379
115,251,380
116,251,381
117,251,382
118,251,383
119,251,384
120,252,355
121,252,356
122,252,357
123,252,358
124,252,359
125,252,360
126,252,361
127,252,362
128,252,363
129,252,364
130,252,365
131,252,366
132,252,367
133,252,368
134,252,369
135,252,370
136,252,371
137,252,372
138,252,373
139,252,374
140,252,375
141,252,376
142,252,377
143,252,378
144,252,379
145,252,380
146,252,381
147,252,382
148,252,383
149,252,384
150,253,355
151,253,356
152,253,357
153,253,358
154,253,359
155,253,360
156,253,361
157,253,362
158,253,363
159,253,364
160,253,365
161,253,366
162,253,367
163,253,368
164,253,369
165,253,370
166,253,371
167,253,372
168,253,373
169,253,374
170,253,375
171,253,376
172,253,377
173,253,378
174,253,379
175,253,380
176,253,381
177,253,382
178,253,383
179,253,384
180,254,355
181,254,356
182,254,357
183,254,358
184,254,359
185,254,360
186,254,361
187,254,362
188,254,363
189,254,364
190,254,365
191,254,366
192,254,367
193,254,368
194,254,369
195,254,370
196,254,371
197,254,372
198,254,373
199,254,374
200,254,375
201,254,376
202,254,377
203,254,378
204,254,379
205,254,380
206,254,381
207,254,382
208,254,383
209,254,384
210,255,355
211,255,356
212,255,357
213,255,358
214,255,359
215,255,360
216,255,361
217,255,362
218,255,363
219,255,364
220,255,365
221,255,366
222,255,367
223,255,368
224,255,369
225,255,370
226,255,371
227,255,372
228,255,373
229,255,374
230,255,375
231,255,376
232,255,377
233,255,378
234,255,379
235,255,380
236,255,381
237,255,382
238,255,383
239,255,384
240,256,355
241,256,356
242,256,357
243,256,358
244,256,359
245,256,360
246,256,361
247,256,362
248,256,363
249,256,364
250,256,365
251,256,366
252,256,367
253,256,368
254,256,369
255,256,370
256,256,371
257,256,372
258,256,373
259,256,374
260,256,375
261,256,376
262,256,377
263,256,378
264,256,379
265,256,380
266,256,381
267,256,382
268,256,383
269,256,384
270,257,355
271,257,356
272,257,357
273,257,358
274,257,359
275,257,360
276,257,361
277,257,362
278,257,363
279,257,364
280,257,365
281,257,366
282,257,367
283,257,368
284,257,369
285,257,370
286,257,371
287,257,372
288,257,373
289,257,374
290,257,375
291,257,376
292,257,377
293,257,378
294,257,379
295,257,380
296,257,381
297,257,382
298,257,383
299,257,384
300,258,355
301,258,356
302,258,357
303,258,358
304,258,359
305,258,360
306,258,361
307,258,362
308,258,363
309,258,364
310,258,365
311,258,366
312,258,367
313,258,368
314,258,369
315,258,370
316,258,371
317,258,372
318,258,373
319,258,374
320,258,375
321,258,376
322,258,377
323,258,378
324,258,379
325,258,380
326,258,381
327,258,382
328,258,383
329,258,384
330,259,355
331,259,356
332,259,357
333,259,358
334,259,359
335,259,360
336,259,361
337,259,362
338,259,363
339,259,364
340,259,365
341,259,366
342,259,367
343,259,368
344,259,369
345,259,370
346,259,371
347,259,372
348,259,373
349,259,374
350,259,375
351,259,376
352,259,377
353,259,378
354,259,379
355,259,380
356,259,381
357,259,382
358,259,383
359,259,384
360,260,355
361,260,356
362,260,357
363,260,358
364,260,359
365,260,360
366,260,361
367,260,362
368,260,363
369,260,364
370,260,365
371,260,366
372,260,367
373,260,368
374,260,369
375,260,370
376,260,371
377,260,372
378,260,373
379,260,374
380,260,375
381,260,376
382,260,377
383,260,378
384,260,379
385,260,380
386,260,381
387,260,382
388,260,383
389,260,384
390,261,355
391,261,356
392,261,357
393,261,358
394,261,359
395,261,360
396,261,361
397,261,362
398,261,363
399,261,364
400,261,365
401,261,366
402,261,367
403,261,368
404,261,369
405,261,370
406,261,371
407,261,372
408,261,373
409,261,374
410,261,375
411,261,376
412,261,377
413,261,378
414,261,379
415,261,380
416,261,381
417,261,382
418,261,383
419,261,384
420,262,355
421,262,356
422,262,357
423,262,358
424,262,359
425,262,360
426,262,361
427,262,362
428,262,363
429,262,364
430,262,365
431,262,366
432,262,367
433,262,368
434,262,369
435,262,370
436,262,371
437,262,372
438,262,373
439,262,374
440,262,375
441,262,376
442,262,377
443,262,378
444,262,379
445,262,380
446,262,381
447,262,382
448,262,383
449,262,384
450,263,355
451,263,356
452,263,357
453,263,358
454,263,359
455,263,360
456,263,361
457,263,362
458,263,363
459,263,364
460,263,365
461,263,366
462,263,367
463,263,368
464,263,369
465,263,370
466,263,371
467,263,372
468,263,373
469,263,374
470,263,375
471,263,376
472,263,377
473,263,378
474,263,379
475,263,380
476,263,381
477,263,382
478,263,383
479,263,384
480,264,355
481,264,356
482,264,357
483,264,358
484,264,359
485,264,360
486,264,361
487,264,362
488,264,363
489,264,364
490,264,365
491,264,366
492,264,367
493,264,368
494,264,369
495,264,370
496,264,371
497,264,372
498,264,373
499,264,374
500,264,375
501,264,376
502,264,377
503,264,378
504,264,379
505,264,380
506,264,381
507,264,382
508,264,383
509,264,384
510,265,365
511,265,366
512,265,367
513,265,368
514,265,369
515,265,370
516,265,371
517,265,372
518,265,373
519,265,374
520,265,375
521,265,376
522,265,377
523,266,365
524,266,366
525,266,367
526,266,368
527,266,369
528,266,370
529,266,371
530,266,372
531,266,373
532,266,374
533,266,375
534,266,376
535,266,377
536,267,365
537,267,366
538,267,367
539,267,368
540,267,369
541,267,370
542,267,371
543,267,372
544,267,373
545,267,374
546,267,375
547,267,376
548,267,377
549,268,365
550,268,366
551,268,367
552,268,368
553,268,369
554,268,370
555,268,371
556,268,372
557,268,373
558,268,374
559,268,375
560,268,376
561,268,377
562,269,365
563,269,366
564,269,367
565,269,368
566,269,369
567,269,370
568,269,371
569,269,372
570,269,373
571,269,374
572,269,375
573,269,376
574,269,377
575,270,365
576,270,366
577,270,367
578,270,368
579,270,369
580,270,370
581,270,371
582,270,372
583,270,373
584,270,374
585,270,375
586,270,376
587,270,377
588,271,365
589,271,366
590,271,367
591,271,368
592,271,369
593,271,370
594,271,371
595,271,372
596,271,373
597,271,374
598,271,375
599,271,376
600,271,377
601,272,365
602,272,366
603,272,367
604,272,368
605,272,369
606,272,370
607,272,371
608,272,372
609,272,373
610,272,374
611,272,375
612,272,376
613,272,377
614,273,242
615,273,243
616,273,244
617,273,245
618,273,246
619,273,247
620,273,248
621,273,249
622,273,250
623,273,251
624,273,252
625,273,253
626,273,254
627,273,255
628,273,256
629,273,257
630,273,258
631,273,259
632,273,260
633,273,261
634,273,262
635,273,263
636,273,264
637,273,265
638,273,266
639,273,267
640,273,268
641,273,269
642,273,270
643,273,271
644,273,272
645,273,273
646,273,365
647,273,366
648,273,367
649,273,368
650,273,369
651,273,370
652,273,371
653,273,372
654,273,373
655,273,374
656,273,375
657,273,376
658,273,377
659,274,242
660,274,243
661,274,244
662,274,245
663,274,246
664,274,247
665,274,248
666,274,249
667,274,250
668,274,251
669,274,252
670,274,253
671,274,254
672,274,255
673,274,256
674,274,257
675,274,258
676,274,259
677,274,260
678,274,261
679,274,262
680,274,263
681,274,264
682,274,265
683,274,266
684,274,267
685,274,268
686,274,269
687,274,270
688,274,271
689,274,272
690,274,273
691,274,274
692,274,275
693,274,276
694,274,277
695,274,278
696,274,279
697,274,280
698,274,281
699,274,282
700,274,283
701,274,284
702,274,285
703,274,365
704,274,366
705,274,367
706,274,368
707,274,369
708,274,370
709,274,371
710,274,372
711,274,373
712,274,374
713,274,375
714,274,376
715,274,377
716,275,242
717,275,243
718,275,244
719,275,245
720,275,246
721,275,247
722,275,248
723,275,249
724,275,250
725,275,251
726,275,252
727,275,253
728,275,254
729,275,255
730,275,256
731,275,257
732,275,258
733,275,259
734,275,260
735,275,261
736,275,262
737,275,263
738,275,264
739,275,265
740,275,266
741,275,267
742,275,268
743,275,269
744,275,270
745,275,271
746,275,272
747,275,273
748,275,274
749,275,275
750,275,276
751,275,277
752,275,278
753,275,279
754,275,280
755,275,281
756,275,282
757,275,283
758,275,284
759,275,285
760,275,365
761,275,366
762,275,367
763,275,368
764,275,369
765,275,370
766,275,371
767,275,372
768,275,373
769,275,374
770,275,375
771,275,376
772,275,377
773,275,378
774,275,379
775,275,380
776,275,381
777,275,382
778,275,383
779,275,384
780,275,385
781,275,386
782,275,387
783,275,388
784,275,389
785,275,390
786,276,242
787,276,243
788,276,244
789,276,245
790,276,246
791,276,247
792,276,248
793,276,249
794,276,250
795,276,251
796,276,252
797,276,253
798,276,254
799,276,255
800,276,256
801,276,257
802,276,258
803,276,259
804,276,260
805,276,261
806,276,262
807,276,263
808,276,264
809,276,265
810,276,266
811,276,267
812,276,268
813,276,269
814,276,270
815,276,271
816,276,272
817,276,273
818,276,274
819,276,275
820,276,276
821,276,277
822,276,278
823,276,279
824,276,280
825,276,281
826,276,282
827,276,283
828,276,284
829,276,285
830,276,365
831,276,366
832,276,367
833,276,368
834,276,369
835,276,370
836,276,371
837,276,372
838,276,373
839,276,374
840,276,375
841,276,376
842,276,377
843,276,378
844,276,379
845,276,380
846,276,381
847,276,382
848,276,383
849,276,384
850,276,385
851,276,386
852,276,387
853,276,388
854,276,389
855,276,390
856,277,242
857,277,243
858,277,244
859,277,245
860,277,246
861,277,247
862,277,248
863,277,249
864,277,250
865,277,251
866,277,252
867,277,253
868,277,254
869,277,255
870,277,256
871,277,257
872,277,258
873,277,259
874,277,260
875,277,261
876,277,262
877,277,263
878,277,264
879,277,265
880,277,266
881,277,267
882,277,268
883,277,269
884,277,270
885,277,271
886,277,272
887,277,273
888,277,274
889,277,275
890,277,276
891,277,277
892,277,278
893,277,279
894,277,280
895,277,281
896,277,282
897,277,283
898,277,284
899,277,285
900,277,365
901,277,366
902,277,367
903,277,368
904,277,369
905,277,370
906,277,371
907,277,372
908,277,373
909,277,374
910,277,375
911,277,376
912,277,377
913,277,378
914,277,379
915,277,380
916,277,381
917,277,382
918,277,383
919,277,384
920,277,385
921,277,386
922,277,387
923,277,388
924,277,389
925,277,390
926,278,242
927,278,243
928,278,244
929,278,245
930,278,246
931,278,247
932,278,248
933,278,249
934,278,250
935,278,251
936,278,252
937,278,253
938,278,254
939,278,255
940,278,256
941,278,257
942,278,258
943,278,259
944,278,260
945,278,261
946,278,262
947,278,263
948,278,264
949,278,265
950,278,266
951,278,267
952,278,268
953,278,269
954,278,270
955,278,271
956,278,272
957,278,273
958,278,274
959,278,275
960,278,276
961,278,277
962,278,278
963,278,279
964,278,280
965,278,281
966,278,282
967,278,283
968,278,284
969,278,285
970,278,365
971,278,366
972,278,367
973,278,368
974,278,369
975,278,370
976,278,371
977,278,372
978,278,373
979,278,374
980,278,375
981,278,376
982,278,377
983,278,378
984,278,379
985,278,380
986,278,381
987,278,382
988,278,383
989,278,384
990,278,385
991,278,386
992,278,387
993,278,388
994,278,389
995,278,390
996,279,242
997,279,243
998,279,244
999,279,245
1000,279,246
1001,279,247
1002,279,248
1003,279,249
1004,279,250
1005,279,251
1006,279,252
1007,279,253
1008,279,254
1009,279,255
1010,279,256
1011,279,257
1012,279,258
1013,279,259
1014,279,260
1015,279,261
1016,279,262
1017,279,263
1018,279,264
1019,279,265
1020,279,266
1021,279,267
1022,279,268
1023,279,269
1024,279,270
1025,279,271
1026,279,272
1027,279,273
1028,279,274
1029,279,275
1030,279,276
1031,279,277
1032,279,278
1033,279,279
1034,279,280
1035,279,281
1036,279,282
1037,279,283
1038,279,284
1039,279,285
1040,279,365
1041,279,366
1042,279,367
1043,279,368
1044,279,369
1045,279,370
1046,279,371
1047,279,372
1048,279,373
1049,279,374
1050,279,375
1051,279,376
1052,279,377
1053,279,378
1054,279,379
1055,279,380
1056,279,381
1057,279,382
1058,279,383
1059,279,384
1060,279,385
1061,279,386
1062,279,387
1063,279,388
1064,279,389
1065,279,390
1066,280,242
1067,280,243
1068,280,244
1069,280,245
1070,280,246
1071,280,247
1072,280,248
1073,280,249
1074,280,250
1075,280,251
1076,280,252
1077,280,253
1078,280,254
1079,280,255
1080,280,256
1081,280,257
1082,280,258
1083,280,259
1084,280,260
1085,280,261
1086,280,262
1087,280,263
1088,280,264
1089,280,265
1090,280,266
1091,280,267
1092,280,268
1093,280,269
1094,280,270
1095,280,271
1096,280,272
1097,280,273
1098,280,274
1099,280,275
1100,280,276
1101,280,277
1102,280,278
1103,280,279
1104,280,280
1105,280,281
1106,280,282
1107,280,283
1108,280,284
1109,280,285
1110,280,365
1111,280,366
1112,280,367
1113,280,368
1114,280,369
1115,280,370
1116,280,371
1117,280,372
1118,280,373
1119,280,374
1120,280,375
1121,280,376
1122,280,377
1123,280,378
1124,280,379
1125,280,380
1126,280,381
1127,280,382
1128,280,383
1129,280,384
1130,280,385
1131,280,386
1132,280,387
1133,280,388
1134,280,389
1135,280,390
1136,280,391
1137,281,242
1138,281,243
1139,281,244
1140,281,245
1141,281,246
1142,281,247
1143,281,248
1144,281,249
1145,281,250
1146,281,251
1147,281,252
1148,281,253
1149,281,254
1150,281,255
1151,281,256
1152,281,257
1153,281,258
1154,281,259
1155,281,260
1156,281,261
1157,281,262
1158,281,263
1159,281,264
1160,281,265
1161,281,266
1162,281,267
1163,281,268
1164,281,269
1165,281,270
1166,281,271
1167,281,272
1168,281,273
1169,281,274
1170,281,275
1171,281,276
1172,281,277
1173,281,278
1174,281,279
1175,281,280
1176,281,281
1177,281,282
1178,281,283
1179,281,284
1180,281,285
1181,281,365
1182,281,366
1183,281,367
1184,281,368
1185,281,369
1186,281,370
1187,281,371
1188,281,372
1189,281,373
1190,281,374
1191,281,375
1192,281,376
1193,281,377
1194,281,378
1195,281,379
1196,281,380
1197,281,381
1198,281,382
1199,281,383
1200,281,384
1201,281,385
1202,281,386
1203,281,387
1204,281,388
1205,281,389
1206,281,390
1207,281,391
1208,282,242
1209,282,243
1210,282,244
1211,282,245
1212,282,246
1213,282,247
1214,282,248
1215,282,249
1216,282,250
1217,282,251
1218,282,252
1219,282,253
1220,282,254
1221,282,255
1222,282,256
1223,282,257
1224,282,258
1225,282,259
1226,282,260
1227,282,261
1228,282,262
1229,282,263
1230,282,264
1231,282,265
1232,282,266
1233,282,267
1234,282,268
1235,282,269
1236,282,270
1237,282,271
1238,282,272
1239,282,273
1240,282,274
1241,282,275
1242,282,276
1243,282,277
1244,282,278
1245,282,279
1246,282,280
1247,282,281
1248,282,282
1249,282,283
1250,282,284
1251,282,285
1252,282,365
1253,282,366
1254,282,367
1255,282,368
1256,282,369
1257,282,370
1258,282,371
1259,282,372
1260,282,373
1261,282,374
1262,282,375
1263,282,376
1264,282,377
1265,282,378
1266,282,379
1267,282,380
1268,282,381
1269,282,382
1270,282,383
1271,282,384
1272,282,385
1273,282,386
1274,282,387
1275,282,388
1276,282,389
1277,282,390
1278,282,391
1279,283,247
1280,283,248
1281,283,249
1282,283,250
1283,283,251
1284,283,252
1285,283,253
1286,283,254
1287,283,255
1288,283,256
1289,283,257
1290,283,258
1291,283,259
1292,283,260
1293,283,261
1294,283,262
1295,283,263
1296,283,264
1297,283,265
1298,283,266
1299,283,267
1300,283,268
1301,283,269
1302,283,270
1303,283,271
1304,283,272
1305,283,273
1306,283,274
1307,283,275
1308,283,276
1309,283,277
1310,283,278
1311,283,279
1312,283,280
1313,283,281
1314,283,282
1315,283,283
1316,283,284
1317,283,285
1318,283,365
1319,283,366
1320,283,367
1321,283,368
1322,283,369
1323,283,370
1324,283,371
1325,283,372
1326,283,373
1327,283,374
1328,283,375
1329,283,376
1330,283,377
1331,283,378
1332,283,379
1333,283,380
1334,283,381
1335,283,382
1336,283,383
1337,283,384
1338,283,385
1339,283,386
1340,283,387
1341,283,388
1342,283,389
1343,283,390
1344,283,391
1345,284,247
1346,284,248
1347,284,249
1348,284,250
1349,284,251
1350,284,252
1351,284,253
1352,284,254
1353,284,255
1354,284,256
1355,284,257
1356,284,258
1357,284,259
1358,284,260
1359,284,261
1360,284,262
1361,284,263
1362,284,264
1363,284,265
1364,284,266
1365,284,267
1366,284,268
1367,284,269
1368,284,270
1369,284,271
1370,284,272
1371,284,273
1372,284,274
1373,284,275
1374,284,276
1375,284,277
1376,284,278
1377,284,279
1378,284,280
1379,284,281
1380,284,282
1381,284,283
1382,284,284
1383,284,285
1384,284,365
1385,284,366
1386,284,367
1387,284,368
1388,284,369
1389,284,370
1390,284,371
1391,284,372
1392,284,373
1393,284,374
1394,284,375
1395,284,376
1396,284,377
1397,284,378
1398,284,379
1399,284,380
1400,284,381
1401,284,382
1402,284,383
1403,284,384
1404,284,385
1405,284,386
1406,284,387
1407,284,388
1408,284,389
1409,284,390
1410,284,391
1411,285,247
1412,285,248
1413,285,249
1414,285,250
1415,285,251
1416,285,252
1417,285,253
1418,285,254
1419,285,255
1420,285,256
1421,285,257
1422,285,258
1423,285,259
1424,285,260
1425,285,261
1426,285,262
1427,285,263
1428,285,264
1429,285,265
1430,285,266
1431,285,267
1432,285,268
1433,285,269
1434,285,270
1435,285,271
1436,285,272
1437,285,273
1438,285,274
1439,285,275
1440,285,276
1441,285,277
1442,285,278
1443,285,279
1444,285,280
1445,285,281
1446,285,282
1447,285,283
1448,285,284
1449,285,285
1450,285,365
1451,285,366
1452,285,367
1453,285,368
1454,285,369
1455,285,370
1456,285,371
1457,285,372
1458,285,373
1459,285,374
1460,285,375
1461,285,376
1462,285,377
1463,285,378
1464,285,379
1465,285,380
1466,285,381
1467,285,382
1468,285,383
1469,285,384
1470,286,247
1471,286,248
1472,286,249
1473,286,250
1474,286,251
1475,286,252
1476,286,253
1477,286,254
1478,286,255
1479,286,256
1480,286,257
1481,286,258
1482,286,259
1483,286,260
1484,286,261
1485,286,262
1486,286,263
1487,286,264
1488,286,265
1489,286,266
1490,286,267
1491,286,268
1492,286,269
1493,286,270
1494,286,271
1495,286,272
1496,286,273
1497,286,274
1498,286,275
1499,286,276
1500,286,277
1501,286,278
1502,286,279
1503,286,280
1504,286,281
1505,286,282
1506,286,283
1507,286,284
1508,286,285
1509,286,365
1510,286,366
1511,286,367
1512,286,368
1513,286,369
1514,286,370
1515,286,371
1516,286,372
1517,286,373
1518,286,374
1519,286,375
1520,286,376
1521,286,377
1522,286,378
1523,286,379
1524,286,380
1525,286,381
1526,286,382
1527,286,383
1528,286,384
1529,287,247
1530,287,248
1531,287,249
1532,287,250
1533,287,251
1534,287,252
1535,287,253
1536,287,254
1537,287,255
1538,287,256
1539,287,257
1540,287,258
1541,287,259
1542,287,260
1543,287,261
1544,287,262
1545,287,263
1546,287,264
1547,287,265
1548,287,266
1549,287,267
1550,287,268
1551,287,269
1552,287,270
1553,287,271
1554,287,272
1555,287,273
1556,287,274
1557,287,275
1558,287,276
1559,287,277
1560,287,278
1561,287,279
1562,287,280
1563,287,281
1564,287,282
1565,287,283
1566,287,284
1567,287,285
1568,287,365
1569,287,366
1570,287,367
1571,287,368
1572,287,369
1573,287,370
1574,287,371
1575,287,372
1576,287,373
1577,287,374
1578,287,375
1579,287,376
1580,287,377
1581,287,378
1582,287,379
1583,287,380
1584,287,381
1585,287,382
1586,287,383
1587,287,384
1588,288,247
1589,288,248
1590,288,249
1591,288,250
1592,288,251
1593,288,252
1594,288,253
1595,288,254
1596,288,255
1597,288,256
1598,288,257
1599,288,258
1600,288,259
1601,288,260
1602,288,261
1603,288,262
1604,288,263
1605,288,264
1606,288,265
1607,288,266
1608,288,267
1609,288,268
1610,288,269
1611,288,270
1612,288,271
1613,288,272
1614,288,273
1615,288,274
1616,288,275
1617,288,276
1618,288,277
1619,288,278
1620,288,279
1621,288,280
1622,288,281
1623,288,282
1624,288,283
1625,288,284
1626,288,285
1627,288,365
1628,288,366
1629,288,367
1630,288,368
1631,288,369
1632,288,370
1633,288,371
1634,288,372
1635,288,373
1636,288,374
1637,288,375
1638,288,376
1639,288,377
1640,288,378
1641,288,379
1642,288,380
1643,288,381
1644,288,382
1645,288,383
1646,288,384
1647,289,247
1648,289,248
1649,289,249
1650,289,250
1651,289,251
1652,289,252
1653,289,253
1654,289,254
1655,289,255
1656,289,256
1657,289,257
1658,289,258
1659,289,259
1660,289,260
1661,289,261
1662,289,262
1663,289,263
1664,289,264
1665,289,265
1666,289,266
1667,289,267
1668,289,268
1669,289,269
1670,289,270
1671,289,271
1672,289,272
1673,289,273
1674,289,274
1675,289,275
1676,289,276
1677,289,277
1678,289,278
1679,289,279
1680,289,280
1681,289,281
1682,289,282
1683,289,283
1684,289,284
1685,289,285
1686,289,365
1687,289,366
1688,289,367
1689,289,368
1690,289,369
1691,289,370
1692,289,371
1693,289,372
1694,289,373
1695,289,374
1696,289,375
1697,289,376
1698,289,377
1699,289,378
1700,289,379
1701,289,380
1702,289,381
1703,289,382
1704,289,383
1705,289,384
1706,290,247
1707,290,248
1708,290,249
1709,290,250
1710,290,251
1711,290,252
1712,290,253
1713,290,254
1714,290,255
1715,290,256
1716,290,257
1717,290,258
1718,290,259
1719,290,260
1720,290,261
1721,290,262
1722,290,263
1723,290,264
1724,290,265
1725,290,266
1726,290,267
1727,290,268
1728,290,269
1729,290,270
1730,290,271
1731,290,272
1732,290,273
1733,290,274
1734,290,275
1735,290,276
1736,290,277
1737,290,278
1738,290,279
1739,290,280
1740,290,281
1741,290,282
1742,290,283
1743,290,284
1744,290,285
1745,290,286
1746,290,287
1747,290,288
1748,290,289
1749,290,290
1750,290,291
1751,290,292
1752,290,293
1753,290,294
1754,290,295
1755,290,296
1756,290,297
1757,290,298
1758,290,299
1759,290,300
1760,290,301
1761,290,302
1762,290,303
1763,290,304
1764,290,305
1765,290,329
1766,290,330
1767,290,331
1768,290,332
1769,290,333
1770,290,334
1771,290,335
1772,290,336
1773,290,337
1774,290,338
1775,290,339
1776,290,340
1777,290,341
1778,290,342
1779,290,343
1780,290,344
1781,290,345
1782,290,346
1783,290,347
1784,290,348
1785,290,349
1786,290,350
1787,290,351
1788,290,352
1789,290,353
1790,290,354
1791,290,355
1792,290,356
1793,290,365
1794,290,366
1795,290,367
1796,290,368
1797,290,369
1798,290,370
1799,290,371
1800,290,372
1801,290,373
1802,290,374
1803,290,375
1804,290,376
1805,290,377
1806,290,378
1807,290,379
1808,290,380
1809,290,381
1810,290,382
1811,290,383
1812,290,384
1813,291,247
1814,291,248
1815,291,249
1816,291,250
1817,291,251
1818,291,252
1819,291,253
1820,291,254
1821,291,255
1822,291,256
1823,291,257
1824,291,258
1825,291,259
1826,291,260
1827,291,261
1828,291,262
1829,291,263
1830,291,264
1831,291,265
1832,291,266
1833,291,267
1834,291,268
1835,291,269
1836,291,270
1837,291,271
1838,291,272
1839,291,273
1840,291,274
1841,291,275
1842,291,276
1843,291,277
1844,291,278
1845,291,279
1846,291,280
1847,291,281
1848,291,282
1849,291,283
1850,291,284
1851,291,285
1852,291,286
1853,291,287
1854,291,288
1855,291,289
1856,291,290
1857,291,291
1858,291,292
1859,291,293
1860,291,294
1861,291,295
1862,291,296
1863,291,297
1864,291,298
1865,291,299
1866,291,300
1867,291,301
1868,291,302
1869,291,303
1870,291,304
1871,291,305
1872,291,329
1873,291,330
1874,291,331
1875,291,332
1876,291,333
1877,291,334
1878,291,335
1879,291,336
1880,291,337
1881,291,338
1882,291,339
1883,291,340
1884,291,341
1885,291,342
1886,291,343
1887,291,344
1888,291,345
1889,291,346
1890,291,347
1891,291,348
1892,291,349
1893,291,350
1894,291,351
1895,291,352
1896,291,353
1897,291,354
1898,291,355
1899,291,356
1900,291,357
1901,291,358
1902,291,359
1903,291,360
1904,291,361
1905,291,362
1906,291,363
1907,291,364
1908,291,365
1909,291,366
1910,291,367
1911,291,368
1912,291,369
1913,291,370
1914,291,371
1915,291,372
1916,291,373
1917,291,374
1918,291,375
1919,291,376
1920,291,377
1921,291,378
1922,291,379
1923,291,380
1924,291,381
1925,291,382
1926,291,383
1927,291,384
1928,292,247
1929,292,248
1930,292,249
1931,292,250
1932,292,251
1933,292,252
1934,292,253
1935,292,254
1936,292,255
1937,292,256
1938,292,257
1939,292,258
1940,292,259
1941,292,260
1942,292,261
1943,292,262
1944,292,263
1945,292,264
1946,292,265
1947,292,266
1948,292,267
1949,292,268
1950,292,269
1951,292,270
1952,292,271
1953,292,272
1954,292,273
1955,292,274
1956,292,275
1957,292,276
1958,292,277
1959,292,278
1960,292,279
1961,292,280
1962,292,281
1963,292,282
1964,292,283
1965,292,284
1966,292,285
1967,292,286
1968,292,287
1969,292,288
1970,292,289
1971,292,290
1972,292,291
1973,292,292
1974,292,293
1975,292,294
1976,292,295
1977,292,296
1978,292,297
1979,292,298
1980,292,299
1981,292,300
1982,292,301
1983,292,302
1984,292,303
1985,292,304
1986,292,305
1987,292,329
1988,292,330
1989,292,331
1990,292,332
1991,292,333
1992,292,334
1993,292,335
1994,292,336
1995,292,337
1996,292,338
1997,292,339
1998,292,340
1999,292,341
2000,292,342
2001,292,343
2002,292,344
2003,292,345
2004,292,346
2005,292,347
2006,292,348
2007,292,349
2008,292,350
2009,292,351
2010,292,352
2011,292,353
2012,292,354
2013,292,355
2014,292,356
2015,292,357
2016,292,358
2017,292,359
2018,292,360
2019,292,361
2020,292,362
2021,292,363
2022,292,364
2023,292,365
2024,292,366
2025,292,367
2026,292,368
2027,292,369
2028,292,370
2029,292,371
2030,292,372
2031,292,373
2032,292,374
2033,292,375
2034,292,376
2035,292,377
2036,292,378
2037,292,379
2038,292,380
2039,292,381
2040,292,382
2041,292,383
2042,292,384
2043,293,247
2044,293,248
2045,293,249
2046,293,250
2047,293,251
2048,293,252
2049,293,253
2050,293,254
2051,293,255
2052,293,256
2053,293,257
2054,293,258
2055,293,259
2056,293,260
2057,293,261
2058,293,262
2059,293,263
2060,293,264
2061,293,265
2062,293,266
2063,293,267
2064,293,268
2065,293,269
2066,293,270
2067,293,271
2068,293,272
2069,293,273
2070,293,274
2071,293,275
2072,293,276
2073,293,277
2074,293,278
2075,293,279
2076,293,280
2077,293,281
2078,293,282
2079,293,283
2080,293,284
2081,293,285
2082,293,286
2083,293,287
2084,293,288
2085,293,289
2086,293,290
2087,293,291
2088,293,292
2089,293,293
2090,293,294
2091,293,295
2092,293,296
2093,293,297
2094,293,298
2095,293,299
2096,293,300
2097,293,301
2098,293,302
2099,293,303
2100,293,304
2101,293,305
2102,293,329
2103,293,330
2104,293,331
2105,293,332
2106,293,333
2107,293,334
2108,293,335
2109,293,336
2110,293,337
2111,293,338
2112,293,339
2113,293,340
2114,293,341
2115,293,342
2116,293,343
2117,293,344
2118,293,345
2119,293,346
2120,293,347
2121,293,348
2122,293,349
2123,293,350
2124,293,351
2125,293,352
2126,293,353
2127,293,354
2128,293,355
2129,293,356
2130,293,357
2131,293,358
2132,293,359
2133,293,360
2134,293,361
2135,293,362
2136,293,363
2137,293,364
2138,293,365
2139,293,366
2140,293,367
2141,293,368
2142,293,369
2143,293,370
2144,293,371
2145,293,372
2146,293,373
2147,293,374
2148,293,375
2149,293,376
2150,293,377
2151,293,378
2152,293,379
2153,293,380
2154,293,381
2155,293,382
2156,293,383
2157,293,384
2158,293,385
2159,294,247
2160,294,248
2161,294,249
2162,294,250
2163,294,251
2164,294,252
2165,294,253
2166,294,254
2167,294,255
2168,294,256
2169,294,257
2170,294,258
2171,294,259
2172,294,260
2173,294,261
2174,294,262
2175,294,263
2176,294,264
2177,294,265
2178,294,266
2179,294,267
2180,294,268
2181,294,269
2182,294,270
2183,294,271
2184,294,272
2185,294,273
2186,294,274
2187,294,275
2188,294,276
2189,294,277
2190,294,278
2191,294,279
2192,294,280
2193,294,281
2194,294,282
2195,294,283
2196,294,284
2197,294,285
2198,294,286
2199,294,287
2200,294,288
2201,294,289
2202,294,290
2203,294,291
2204,294,292
2205,294,293
2206,294,294
2207,294,295
2208,294,296
2209,294,297
2210,294,298
2211,294,299
2212,294,300
2213,294,301
2214,294,302
2215,294,303
2216,294,304
2217,294,305
2218,294,329
2219,294,330
2220,294,331
2221,294,332
2222,294,333
2223,294,334
2224,294,335
2225,294,336
2226,294,337
2227,294,338
2228,294,339
2229,294,340
2230,294,341
2231,294,342
2232,294,343
2233,294,344
2234,294,345
2235,294,346
2236,294,347
2237,294,348
2238,294,349
2239,294,350
2240,294,351
2241,294,352
2242,294,353
2243,294,354
2244,294,355
2245,294,356
2246,294,357
2247,294,358
2248,294,359
2249,294,360
2250,294,361
2251,294,362
2252,294,363
2253,294,364
2254,294,365
2255,294,366
2256,294,367
2257,294,368
2258,294,369
2259,294,370
2260,294,371
2261,294,372
2262,294,373
2263,294,374
2264,294,375
2265,294,376
2266,294,377
2267,294,378
2268,294,379
2269,294,380
2270,294,381
2271,294,382
2272,294,383
2273,294,384
2274,294,385
2275,295,247
2276,295,248
2277,295,249
2278,295,250
2279,295,251
2280,295,252
2281,295,253
2282,295,254
2283,295,255
2284,295,256
2285,295,257
2286,295,258
2287,295,259
2288,295,260
2289,295,261
2290,295,262
2291,295,263
2292,295,264
2293,295,265
2294,295,266
2295,295,267
2296,295,268
2297,295,269
2298,295,270
2299,295,271
2300,295,272
2301,295,273
2302,295,274
2303,295,275
2304,295,276
2305,295,277
2306,295,278
2307,295,279
2308,295,280
2309,295,281
2310,295,282
2311,295,283
2312,295,284
2313,295,285
2314,295,286
2315,295,287
2316,295,288
2317,295,289
2318,295,290
2319,295,291
2320,295,292
2321,295,293
2322,295,294
2323,295,295
2324,295,296
2325,295,297
2326,295,298
2327,295,299
2328,295,300
2329,295,301
2330,295,302
2331,295,303
2332,295,304
2333,295,305
2334,295,329
2335,295,330
2336,295,331
2337,295,332
2338,295,333
2339,295,334
2340,295,335
2341,295,336
2342,295,337
2343,295,338
2344,295,339
2345,295,340
2346,295,341
2347,295,342
2348,295,343
2349,295,344
2350,295,345
2351,295,346
2352,295,347
2353,295,348
2354,295,349
2355,295,350
2356,295,351
2357,295,352
2358,295,353
2359,295,354
2360,295,355
2361,295,356
2362,295,357
2363,295,358
2364,295,359
2365,295,360
2366,295,361
2367,295,362
2368,295,363
2369,295,364
2370,295,365
2371,295,366
2372,295,367
2373,295,368
2374,295,369
2375,295,370
2376,295,371
2377,295,372
2378,295,373
2379,295,374
2380,295,375
2381,295,376
2382,295,377
2383,295,378
2384,295,379
2385,295,380
2386,295,381
2387,295,382
2388,295,383
2389,295,384
2390,295,385
2391,296,247
2392,296,248
2393,296,249
2394,296,250
2395,296,251
2396,296,252
2397,296,253
2398,296,254
2399,296,255
2400,296,256
2401,296,257
2402,296,258
2403,296,259
2404,296,260
2405,296,261
2406,296,262
2407,296,263
2408,296,264
2409,296,265
2410,296,266
2411,296,267
2412,296,268
2413,296,269
2414,296,270
2415,296,271
2416,296,272
2417,296,273
2418,296,274
2419,296,275
2420,296,276
2421,296,277
2422,296,278
2423,296,279
2424,296,280
2425,296,281
2426,296,282
2427,296,283
2428,296,284
2429,296,285
2430,296,286
2431,296,287
2432,296,288
2433,296,289
2434,296,290
2435,296,291
2436,296,292
2437,296,293
2438,296,294
2439,296,295
2440,296,296
2441,296,297
2442,296,298
2443,296,299
2444,296,300
2445,296,301
2446,296,302
2447,296,303
2448,296,304
2449,296,305
2450,296,329
2451,296,330
2452,296,331
2453,296,332
2454,296,333
2455,296,334
2456,296,335
2457,296,336
2458,296,337
2459,296,338
2460,296,339
2461,296,340
2462,296,341
2463,296,342
2464,296,343
2465,296,344
2466,296,345
2467,296,346
2468,296,347
2469,296,348
2470,296,349
2471,296,350
2472,296,351
2473,296,352
2474,296,353
2475,296,354
2476,296,355
2477,296,356
2478,296,357
2479,296,358
2480,296,359
2481,296,360
2482,296,361
2483,296,362
2484,296,363
2485,296,364
2486,296,365
2487,296,366
2488,296,367
2489,296,368
2490,296,369
2491,296,370
2492,296,371
2493,296,372
2494,296,373
2495,296,374
2496,296,375
2497,296,376
2498,296,377
2499,296,378
2500,296,379
2501,296,380
2502,296,381
2503,296,382
2504,296,383
2505,296,384
2506,296,385
2507,297,247
2508,297,248
2509,297,249
2510,297,250
2511,297,251
2512,297,252
2513,297,253
2514,297,254
2515,297,255
2516,297,256
2517,297,257
2518,297,258
2519,297,259
2520,297,260
2521,297,261
2522,297,262
2523,297,263
2524,297,264
2525,297,265
2526,297,266
2527,297,267
2528,297,268
2529,297,269
2530,297,270
2531,297,271
2532,297,272
2533,297,273
2534,297,274
2535,297,275
2536,297,276
2537,297,277
2538,297,278
2539,297,279
2540,297,280
2541,297,281
2542,297,282
2543,297,283
2544,297,284
2545,297,285
2546,297,286
2547,297,287
2548,297,288
2549,297,289
2550,297,290
2551,297,291
2552,297,292
2553,297,293
2554,297,294
2555,297,295
2556,297,296
2557,297,297
2558,297,298
2559,297,299
2560,297,300
2561,297,301
2562,297,302
2563,297,303
2564,297,304
2565,297,305
2566,297,329
2567,297,330
2568,297,331
2569,297,332
2570,297,333
2571,297,334
2572,297,335
2573,297,336
2574,297,337
2575,297,338
2576,297,339
2577,297,340
2578,297,341
2579,297,342
2580,297,343
2581,297,344
2582,297,345
2583,297,346
2584,297,347
2585,297,348
2586,297,349
2587,297,350
2588,297,351
2589,297,352
2590,297,353
2591,297,354
2592,297,355
2593,297,356
2594,297,357
2595,297,358
2596,297,359
2597,297,360
2598,297,361
2599,297,362
2600,297,363
2601,297,364
2602,297,365
2603,297,366
2604,297,367
2605,297,368
2606,297,369
2607,297,370
2608,297,371
2609,297,372
2610,297,373
2611,297,374
2612,297,375
2613,297,376
2614,297,377
2615,297,378
2616,297,379
2617,297,380
2618,297,381
2619,297,382
2620,297,383
2621,297,384
2622,297,385
2623,298,247
2624,298,248
2625,298,249
2626,298,250
2627,298,251
2628,298,252
2629,298,253
2630,298,254
2631,298,255
2632,298,256
2633,298,257
2634,298,258
2635,298,259
2636,298,260
2637,298,261
2638,298,262
2639,298,263
2640,298,264
2641,298,265
2642,298,266
2643,298,267
2644,298,268
2645,298,269
2646,298,270
2647,298,271
2648,298,272
2649,298,273
2650,298,274
2651,298,275
2652,298,276
2653,298,277
2654,298,278
2655,298,279
2656,298,280
2657,298,281
2658,298,282
2659,298,283
2660,298,284
2661,298,285
2662,298,286
2663,298,287
2664,298,288
2665,298,289
2666,298,290
2667,298,291
2668,298,292
2669,298,293
2670,298,294
2671,298,295
2672,298,296
2673,298,297
2674,298,298
2675,298,299
2676,298,300
2677,298,301
2678,298,302
2679,298,303
2680,298,304
2681,298,305
2682,298,329
2683,298,330
2684,298,331
2685,298,332
2686,298,333
2687,298,334
2688,298,335
2689,298,336
2690,298,337
2691,298,338
2692,298,339
2693,298,340
2694,298,341
2695,298,342
2696,298,343
2697,298,344
2698,298,345
2699,298,346
2700,298,347
2701,298,348
2702,298,349
2703,298,350
2704,298,351
2705,298,352
2706,298,353
2707,298,354
2708,298,355
2709,298,356
2710,298,357
2711,298,358
2712,298,359
2713,298,360
2714,298,361
2715,298,362
2716,298,363
2717,298,364
2718,298,365
2719,298,366
2720,298,367
2721,298,368
2722,298,369
2723,298,370
2724,298,371
2725,298,372
2726,298,373
2727,298,374
2728,298,375
2729,298,376
2730,298,377
2731,298,378
2732,298,379
2733,298,380
2734,298,381
2735,298,382
2736,298,383
2737,298,384
2738,298,385
2739,299,247
2740,299,248
2741,299,249
2742,299,250
2743,299,251
2744,299,252
2745,299,253
2746,299,254
2747,299,255
2748,299,256
2749,299,257
2750,299,258
2751,299,259
2752,299,260
2753,299,261
2754,299,262
2755,299,263
2756,299,264
2757,299,265
2758,299,266
2759,299,267
2760,299,268
2761,299,269
2762,299,270
2763,299,271
2764,299,272
2765,299,273
2766,299,274
2767,299,275
2768,299,276
2769,299,277
2770,299,278
2771,299,279
2772,299,280
2773,299,281
2774,299,282
2775,299,283
2776,299,284
2777,299,285
2778,299,286
2779,299,287
2780,299,288
2781,299,289
2782,299,290
2783,299,291
2784,299,292
2785,299,293
2786,299,294
2787,299,295
2788,299,296
2789,299,297
2790,299,298
2791,299,299
2792,299,300
2793,299,301
2794,299,302
2795,299,303
2796,299,304
2797,299,305
2798,299,329
2799,299,330
2800,299,331
2801,299,332
2802,299,333
2803,299,334
2804,299,335
2805,299,336
2806,299,337
2807,299,338
2808,299,339
2809,299,340
2810,299,341
2811,299,342
2812,299,343
2813,299,344
2814,299,345
2815,299,346
2816,299,347
2817,299,348
2818,299,349
2819,299,350
2820,299,351
2821,299,352
2822,299,353
2823,299,354
2824,299,355
2825,299,356
2826,299,357
2827,299,358
2828,299,359
2829,299,360
2830,299,361
2831,299,362
2832,299,363
2833,299,364
2834,299,365
2835,299,366
2836,299,367
2837,299,368
2838,299,369
2839,299,370
2840,299,371
2841,299,372
2842,299,373
2843,299,374
2844,299,375
2845,299,376
2846,299,377
2847,299,378
2848,299,379
2849,299,380
2850,299,381
2851,299,382
2852,299,383
2853,299,384
2854,299,385
2855,300,247
2856,300,248
2857,300,249
2858,300,250
2859,300,251
2860,300,252
2861,300,253
2862,300,254
2863,300,255
2864,300,256
2865,300,257
2866,300,258
2867,300,259
2868,300,260
2869,300,261
2870,300,262
2871,300,263
2872,300,264
2873,300,265
2874,300,266
2875,300,267
2876,300,268
2877,300,269
2878,300,270
2879,300,271
2880,300,272
2881,300,273
2882,300,274
2883,300,275
2884,300,276
2885,300,277
2886,300,278
2887,300,279
2888,300,280
2889,300,281
2890,300,282
2891,300,283
2892,300,284
2893,300,285
2894,300,286
2895,300,287
2896,300,288
2897,300,289
2898,300,290
2899,300,291
2900,300,292
2901,300,293
2902,300,294
2903,300,295
2904,300,296
2905,300,297
2906,300,298
2907,300,299
2908,300,300
2909,300,301
2910,300,302
2911,300,303
2912,300,304
2913,300,305
2914,300,329
2915,300,330
2916,300,331
2917,300,332
2918,300,333
2919,300,334
2920,300,335
2921,300,336
2922,300,337
2923,300,338
2924,300,339
2925,300,340
2926,300,341
2927,300,342
2928,300,343
2929,300,344
2930,300,345
2931,300,346
2932,300,347
2933,300,348
2934,300,349
2935,300,350
2936,300,351
2937,300,352
2938,300,353
2939,300,354
2940,300,355
2941,300,356
2942,300,357
2943,300,358
2944,300,359
2945,300,360
2946,300,361
2947,300,362
2948,300,363
2949,300,364
2950,300,365
2951,300,366
2952,300,367
2953,300,368
2954,300,369
2955,300,370
2956,300,371
2957,300,372
2958,300,373
2959,300,374
2960,300,375
2961,300,376
2962,300,377
2963,300,378
2964,300,379
2965,300,380
2966,300,381
2967,300,382
2968,300,383
2969,300,384
2970,300,385
2971,301,247
2972,301,248
2973,301,249
2974,301,250
2975,301,251
2976,301,252
2977,301,253
2978,301,254
2979,301,255
2980,301,256
2981,301,257
2982,301,258
2983,301,259
2984,301,260
2985,301,261
2986,301,262
2987,301,263
2988,301,264
2989,301,265
2990,301,266
2991,301,267
2992,301,268
2993,301,269
2994,301,270
2995,301,271
2996,301,272
2997,301,273
2998,301,274
2999,301,275
3000,301,276
3001,301,277
3002,301,278
3003,301,279
3004,301,280
3005,301,281
3006,301,282
3007,301,283
3008,301,284
3009,301,285
3010,301,286
3011,301,287
3012,301,288
3013,301,289
3014,301,290
3015,301,291
3016,301,292
3017,301,293
3018,301,294
3019,301,295
3020,301,296
3021,301,297
3022,301,298
3023,301,299
3024,301,300
3025,301,301
3026,301,302
3027,301,303
3028,301,304
3029,301,305
3030,301,329
3031,301,330
3032,301,331
3033,301,332
3034,301,333
3035,301,334
3036,301,335
3037,301,336
3038,301,337
3039,301,338
3040,301,339
3041,301,340
3042,301,341
3043,301,342
3044,301,343
3045,301,344
3046,301,345
3047,301,346
3048,301,347
3049,301,348
3050,301,349
3051,301,350
3052,301,351
3053,301,352
3054,301,353
3055,301,354
3056,301,355
3057,301,356
3058,301,357
3059,301,358
3060,301,359
3061,301,360
3062,301,361
3063,301,362
3064,301,363
3065,301,364
3066,301,365
3067,301,366
3068,301,367
3069,301,368
3070,301,369
3071,301,370
3072,301,371
3073,301,372
3074,301,373
3075,301,374
3076,301,375
3077,301,376
3078,301,377
3079,301,378
3080,301,379
3081,301,380
3082,301,381
3083,301,382
3084,301,383
3085,301,384
3086,301,385
3087,302,247
3088,302,248
3089,302,249
3090,302,250
3091,302,251
3092,302,252
3093,302,253
3094,302,254
3095,302,255
3096,302,256
3097,302,257
3098,302,258
3099,302,259
3100,302,260
3101,302,261
3102,302,262
3103,302,263
3104,302,264
3105,302,265
3106,302,266
3107,302,267
3108,302,268
3109,302,269
3110,302,270
3111,302,271
3112,302,272
3113,302,273
3114,302,274
3115,302,275
3116,302,276
3117,302,277
3118,302,278
3119,302,279
3120,302,280
3121,302,281
3122,302,282
3123,302,283
3124,302,284
3125,302,285
3126,302,286
3127,302,287
3128,302,288
3129,302,289
3130,302,290
3131,302,291
3132,302,292
3133,302,293
3134,302,294
3135,302,295
3136,302,296
3137,302,297
3138,302,298
3139,302,299
3140,302,300
3141,302,301
3142,302,302
3143,302,303
3144,302,304
3145,302,305
3146,302,329
3147,302,330
3148,302,331
3149,302,332
3150,302,333
3151,302,334
3152,302,335
3153,302,336
3154,302,337
3155,302,338
3156,302,339
3157,302,340
3158,302,341
3159,302,342
3160,302,343
3161,302,344
3162,302,345
3163,302,346
3164,302,347
3165,302,348
3166,302,349
3167,302,350
3168,302,351
3169,302,352
3170,302,353
3171,302,354
3172,302,355
3173,302,356
3174,302,357
3175,302,358
3176,302,359
3177,302,360
3178,302,361
3179,302,362
3180,302,363
3181,302,364
3182,302,365
3183,302,366
3184,302,367
3185,302,368
3186,302,369
3187,302,370
3188,302,371
3189,302,372
3190,302,373
3191,302,374
3192,302,375
3193,302,376
3194,302,377
3195,302,378
3196,302,379
3197,302,380
3198,302,381
3199,302,382
3200,302,383
3201,302,384
3202,302,385
3203,303,247
3204,303,248
3205,303,249
3206,303,250
3207,303,251
3208,303,252
3209,303,253
3210,303,254
3211,303,255
3212,303,256
3213,303,257
3214,303,258
3215,303,259
3216,303,260
3217,303,261
3218,303,262
3219,303,263
3220,303,264
3221,303,265
3222,303,266
3223,303,267
3224,303,268
3225,303,269
3226,303,270
3227,303,271
3228,303,272
3229,303,273
3230,303,274
3231,303,275
3232,303,276
3233,303,277
3234,303,278
3235,303,279
3236,303,280
3237,303,281
3238,303,282
3239,303,283
3240,303,284
3241,303,285
3242,303,286
3243,303,287
3244,303,288
3245,303,289
3246,303,290
3247,303,291
3248,303,292
3249,303,293
3250,303,294
3251,303,295
3252,303,296
3253,303,297
3254,303,298
3255,303,299
3256,303,300
3257,303,301
3258,303,302
3259,303,303
3260,303,304
3261,303,305
3262,303,329
3263,303,330
3264,303,331
3265,303,332
3266,303,333
3267,303,334
3268,303,335
3269,303,336
3270,303,337
3271,303,338
3272,303,339
3273,303,340
3274,303,341
3275,303,342
3276,303,343
3277,303,344
3278,303,345
3279,303,346
3280,303,347
3281,303,348
3282,303,349
3283,303,350
3284,303,351
3285,303,352
3286,303,353
3287,303,354
3288,303,355
3289,303,356
3290,303,357
3291,303,358
3292,303,359
3293,303,360
3294,303,361
3295,303,362
3296,303,363
3297,303,364
3298,303,365
3299,303,366
3300,303,367
3301,303,368
3302,303,369
3303,303,370
3304,303,371
3305,303,372
3306,303,373
3307,303,374
3308,303,375
3309,303,376
3310,303,377
3311,303,378
3312,303,379
3313,303,380
3314,303,381
3315,303,382
3316,303,383
3317,303,384
3318,303,385
3319,304,247
3320,304,248
3321,304,249
3322,304,250
3323,304,251
3324,304,252
3325,304,253
3326,304,254
3327,304,255
3328,304,256
3329,304,257
3330,304,258
3331,304,259
3332,304,260
3333,304,261
3334,304,262
3335,304,263
3336,304,264
3337,304,265
3338,304,266
3339,304,267
3340,304,268
3341,304,269
3342,304,270
3343,304,271
3344,304,272
3345,304,273
3346,304,274
3347,304,275
3348,304,276
3349,304,277
3350,304,278
3351,304,279
3352,304,280
3353,304,281
3354,304,282
3355,304,283
3356,304,284
3357,304,285
3358,304,286
3359,304,287
3360,304,288
3361,304,289
3362,304,290
3363,304,291
3364,304,292
3365,304,293
3366,304,294
3367,304,295
3368,304,296
3369,304,297
3370,304,298
3371,304,299
3372,304,300
3373,304,301
3374,304,302
3375,304,303
3376,304,304
3377,304,305
3378,304,329
3379,304,330
3380,304,331
3381,304,332
3382,304,333
3383,304,334
3384,304,335
3385,304,336
3386,304,337
3387,304,338
3388,304,339
3389,304,340
3390,304,341
3391,304,342
3392,304,343
3393,304,344
3394,304,345
3395,304,346
3396,304,347
3397,304,348
3398,304,349
3399,304,350
3400,304,351
3401,304,352
3402,304,353
3403,304,354
3404,304,355
3405,304,356
3406,304,357
3407,304,358
3408,304,359
3409,304,360
3410,304,361
3411,304,362
3412,304,363
3413,304,364
3414,304,365
3415,304,366
3416,304,367
3417,304,368
3418,304,369
3419,304,370
3420,304,371
3421,304,372
3422,304,373
3423,304,374
3424,304,375
3425,304,376
3426,304,377
3427,304,378
3428,304,379
3429,304,380
3430,304,381
3431,304,382
3432,304,383
3433,304,384
3434,304,385
3435,305,247
3436,305,248
3437,305,249
3438,305,250
3439,305,251
3440,305,252
3441,305,253
3442,305,254
3443,305,255
3444,305,256
3445,305,257
3446,305,258
3447,305,259
3448,305,260
3449,305,261
3450,305,262
3451,305,263
3452,305,264
3453,305,265
3454,305,266
3455,305,267
3456,305,268
3457,305,269
3458,305,270
3459,305,271
3460,305,272
3461,305,273
3462,305,274
3463,305,275
3464,305,276
3465,305,277
3466,305,278
3467,305,279
3468,305,280
3469,305,281
3470,305,282
3471,305,283
3472,305,284
3473,305,285
3474,305,286
3475,305,287
3476,305,288
3477,305,289
3478,305,290
3479,305,291
3480,305,292
3481,305,293
3482,305,294
3483,305,295
3484,305,296
3485,305,297
3486,305,298
3487,305,299
3488,305,300
3489,305,301
3490,305,302
3491,305,303
3492,305,304
3493,305,305
3494,305,329
3495,305,330
3496,305,331
3497,305,332
3498,305,333
3499,305,334
3500,305,335
3501,305,336
3502,305,337
3503,305,338
3504,305,339
3505,305,340
3506,305,341
3507,305,342
3508,305,343
3509,305,344
3510,305,345
3511,305,346
3512,305,347
3513,305,348
3514,305,349
3515,305,350
3516,305,351
3517,305,352
3518,305,353
3519,305,354
3520,305,355
3521,305,356
3522,305,357
3523,305,358
3524,305,359
3525,305,360
3526,305,361
3527,305,362
3528,305,363
3529,305,364
3530,305,365
3531,305,366
3532,305,367
3533,305,368
3534,305,369
3535,305,370
3536,305,371
3537,305,372
3538,305,373
3539,305,374
3540,305,375
3541,305,376
3542,305,377
3543,305,378
3544,305,379
3545,305,380
3546,305,381
3547,305,382
3548,305,383
3549,305,384
3550,305,385
3551,306,247
3552,306,248
3553,306,249
3554,306,250
3555,306,251
3556,306,252
3557,306,253
3558,306,254
3559,306,255
3560,306,256
3561,306,257
3562,306,258
3563,306,259
3564,306,260
3565,306,261
3566,306,262
3567,306,263
3568,306,264
3569,306,265
3570,306,266
3571,306,267
3572,306,268
3573,306,269
3574,306,270
3575,306,271
3576,306,272
3577,306,273
3578,306,274
3579,306,275
3580,306,276
3581,306,277
3582,306,278
3583,306,279
3584,306,280
3585,306,281
3586,306,282
3587,306,283
3588,306,284
3589,306,285
3590,306,286
3591,306,287
3592,306,288
3593,306,289
3594,306,290
3595,306,291
3596,306,292
3597,306,293
3598,306,294
3599,306,295
3600,306,296
3601,306,297
3602,306,298
3603,306,299
3604,306,300
3605,306,301
3606,306,302
3607,306,303
3608,306,304
3609,306,305
3610,306,329
3611,306,330
3612,306,331
3613,306,332
3614,306,333
3615,306,334
3616,306,335
3617,306,336
3618,306,337
3619,306,338
3620,306,339
3621,306,340
3622,306,341
3623,306,342
3624,306,343
3625,306,344
3626,306,345
3627,306,346
3628,306,347
3629,306,348
3630,306,349
3631,306,350
3632,306,351
3633,306,352
3634,306,353
3635,306,354
3636,306,355
3637,306,356
3638,306,357
3639,306,358
3640,306,359
3641,306,360
3642,306,361
3643,306,362
3644,306,363
3645,306,364
3646,306,365
3647,306,366
3648,306,367
3649,306,368
3650,306,369
3651,306,370
3652,306,371
3653,306,372
3654,306,373
3655,306,374
3656,306,375
3657,306,376
3658,306,377
3659,306,378
3660,306,379
3661,306,380
3662,306,381
3663,306,382
3664,306,383
3665,306,384
3666,306,385
3667,307,247
3668,307,248
3669,307,249
3670,307,250
3671,307,251
3672,307,252
3673,307,253
3674,307,254
3675,307,255
3676,307,256
3677,307,257
3678,307,258
3679,307,259
3680,307,260
3681,307,261
3682,307,262
3683,307,263
3684,307,264
3685,307,265
3686,307,266
3687,307,267
3688,307,268
3689,307,269
3690,307,270
3691,307,271
3692,307,272
3693,307,273
3694,307,274
3695,307,275
3696,307,276
3697,307,277
3698,307,278
3699,307,279
3700,307,280
3701,307,281
3702,307,282
3703,307,283
3704,307,284
3705,307,285
3706,307,286
3707,307,287
3708,307,288
3709,307,289
3710,307,290
3711,307,291
3712,307,292
3713,307,293
3714,307,294
3715,307,295
3716,307,296
3717,307,297
3718,307,298
3719,307,299
3720,307,300
3721,307,301
3722,307,302
3723,307,303
3724,307,304
3725,307,305
3726,307,329
3727,307,330
3728,307,331
3729,307,332
3730,307,333
3731,307,334
3732,307,335
3733,307,336
3734,307,337
3735,307,338
3736,307,339
3737,307,340
3738,307,341
3739,307,342
3740,307,343
3741,307,344
3742,307,345
3743,307,346
3744,307,347
3745,307,348
3746,307,349
3747,307,350
3748,307,351
3749,307,352
3750,307,353
3751,307,354
3752,307,355
3753,307,356
3754,307,357
3755,307,358
3756,307,359
3757,307,360
3758,307,361
3759,307,362
3760,307,363
3761,307,364
3762,307,365
3763,307,366
3764,307,367
3765,307,368
3766,307,369
3767,307,370
3768,307,371
3769,307,372
3770,307,373
3771,307,374
3772,307,375
3773,307,376
3774,307,377
3775,307,378
3776,307,379
3777,307,380
3778,307,381
3779,307,382
3780,307,383
3781,307,384
3782,307,385
3783,308,247
3784,308,248
3785,308,249
3786,308,250
3787,308,251
3788,308,252
3789,308,253
3790,308,254
3791,308,255
3792,308,256
3793,308,257
3794,308,258
3795,308,259
3796,308,260
3797,308,261
3798,308,262
3799,308,263
3800,308,264
3801,308,265
3802,308,266
3803,308,267
3804,308,268
3805,308,269
3806,308,270
3807,308,271
3808,308,272
3809,308,273
3810,308,274
3811,308,275
3812,308,276
3813,308,277
3814,308,278
3815,308,279
3816,308,280
3817,308,281
3818,308,282
3819,308,283
3820,308,284
3821,308,285
3822,308,286
3823,308,287
3824,308,288
3825,308,289
3826,308,290
3827,308,291
3828,308,292
3829,308,293
3830,308,294
3831,308,295
3832,308,296
3833,308,297
3834,308,298
3835,308,299
3836,308,300
3837,308,301
3838,308,302
3839,308,303
3840,308,304
3841,308,305
3842,308,329
3843,308,330
3844,308,331
3845,308,332
3846,308,333
3847,308,334
3848,308,335
3849,308,336
3850,308,337
3851,308,338
3852,308,339
3853,308,340
3854,308,341
3855,308,342
3856,308,343
3857,308,344
3858,308,345
3859,308,346
3860,308,347
3861,308,348
3862,308,349
3863,308,350
3864,308,351
3865,308,352
3866,308,353
3867,308,354
3868,308,355
3869,308,356
3870,308,357
3871,308,358
3872,308,359
3873,308,360
3874,308,361
3875,308,362
3876,308,363
3877,308,364
3878,308,365
3879,308,366
3880,308,367
3881,308,368
3882,308,369
3883,308,370
3884,308,371
3885,308,372
3886,308,373
3887,308,374
3888,308,375
3889,308,376
3890,308,377
3891,308,378
3892,308,379
3893,308,380
3894,308,381
3895,308,382
3896,308,383
3897,308,384
3898,308,385
3899,309,247
3900,309,248
3901,309,249
3902,309,250
3903,309,251
3904,309,252
3905,309,253
3906,309,254
3907,309,255
3908,309,256
3909,309,257
3910,309,258
3911,309,259
3912,309,260
3913,309,261
3914,309,262
3915,309,263
3916,309,264
3917,309,265
3918,309,266
3919,309,267
3920,309,268
3921,309,269
3922,309,270
3923,309,271
3924,309,272
3925,309,273
3926,309,274
3927,309,275
3928,309,276
3929,309,277
3930,309,278
3931,309,279
3932,309,280
3933,309,281
3934,309,282
3935,309,283
3936,309,284
3937,309,285
3938,309,286
3939,309,287
3940,309,288
3941,309,289
3942,309,290
3943,309,291
3944,309,292
3945,309,293
3946,309,294
3947,309,295
3948,309,296
3949,309,297
3950,309,298
3951,309,299
3952,309,300
3953,309,301
3954,309,302
3955,309,303
3956,309,304
3957,309,305
3958,309,329
3959,309,330
3960,309,331
3961,309,332
3962,309,333
3963,309,334
3964,309,335
3965,309,336
3966,309,337
3967,309,338
3968,309,339
3969,309,340
3970,309,341
3971,309,342
3972,309,343
3973,309,344
3974,309,345
3975,309,346
3976,309,347
3977,309,348
3978,309,349
3979,309,350
3980,309,351
3981,309,352
3982,309,353
3983,309,354
3984,309,355
3985,309,356
3986,309,357
3987,309,358
3988,309,359
3989,309,360
3990,309,361
3991,309,362
3992,309,363
3993,309,364
3994,309,365
3995,309,366
3996,309,367
3997,309,368
3998,309,369
3999,309,370
4000,309,371
4001,309,372
4002,309,373
4003,309,374
4004,309,375
4005,309,376
4006,309,377
4007,309,378
4008,309,379
4009,309,380
4010,309,381
4011,309,382
4012,309,383
4013,309,384
4014,309,385
4015,310,247
4016,310,248
4017,310,249
4018,310,250
4019,310,251
4020,310,252
4021,310,253
4022,310,254
4023,310,255
4024,310,256
4025,310,257
4026,310,258
4027,310,259
4028,310,260
4029,310,261
4030,310,262
4031,310,263
4032,310,264
4033,310,265
4034,310,266
4035,310,267
4036,310,268
4037,310,269
4038,310,270
4039,310,271
4040,310,272
4041,310,273
4042,310,274
4043,310,275
4044,310,276
4045,310,277
4046,310,278
4047,310,279
4048,310,280
4049,310,281
4050,310,282
4051,310,283
4052,310,284
4053,310,285
4054,310,286
4055,310,287
4056,310,288
4057,310,289
4058,310,290
4059,310,291
4060,310,292
4061,310,293
4062,310,294
4063,310,295
4064,310,296
4065,310,297
4066,310,298
4067,310,299
4068,310,300
4069,310,301
4070,310,302
4071,310,303
4072,310,304
4073,310,305
4074,310,329
4075,310,330
4076,310,331
4077,310,332
4078,310,333
4079,310,334
4080,310,335
4081,310,336
4082,310,337
4083,310,338
4084,310,339
4085,310,340
4086,310,341
4087,310,342
4088,310,343
4089,310,344
4090,310,345
4091,310,346
4092,310,347
4093,310,348
4094,310,349
4095,310,350
4096,310,351
4097,310,352
4098,310,353
4099,310,354
4100,310,355
4101,310,356
4102,310,357
4103,310,358
4104,310,359
4105,310,360
4106,310,361
4107,310,362
4108,310,363
4109,310,364
4110,310,365
4111,310,366
4112,310,367
4113,310,368
4114,310,369
4115,310,370
4116,310,371
4117,310,372
4118,310,373
4119,310,374
4120,310,375
4121,310,376
4122,310,377
4123,310,378
4124,310,379
4125,310,380
4126,310,381
4127,310,382
4128,310,383
4129,310,384
4130,310,385
4131,311,247
4132,311,248
4133,311,249
4134,311,250
4135,311,251
4136,311,252
4137,311,253
4138,311,254
4139,311,255
4140,311,256
4141,311,257
4142,311,258
4143,311,259
4144,311,260
4145,311,261
4146,311,262
4147,311,263
4148,311,264
4149,311,265
4150,311,266
4151,311,267
4152,311,268
4153,311,269
4154,311,270
4155,311,271
4156,311,272
4157,311,273
4158,311,274
4159,311,275
4160,311,276
4161,311,277
4162,311,278
4163,311,279
4164,311,280
4165,311,281
4166,311,282
4167,311,283
4168,311,284
4169,311,285
4170,311,286
4171,311,287
4172,311,288
4173,311,289
4174,311,290
4175,311,291
4176,311,292
4177,311,293
4178,311,294
4179,311,295
4180,311,296
4181,311,297
4182,311,298
4183,311,299
4184,311,300
4185,311,301
4186,311,302
4187,311,303
4188,311,304
4189,311,305
4190,311,329
4191,311,330
4192,311,331
4193,311,332
4194,311,333
4195,311,334
4196,311,335
4197,311,336
4198,311,337
4199,311,338
4200,311,339
4201,311,340
4202,311,341
4203,311,342
4204,311,343
4205,311,344
4206,311,345
4207,311,346
4208,311,347
4209,311,348
4210,311,349
4211,311,350
4212,311,351
4213,311,352
4214,311,353
4215,311,354
4216,311,355
4217,311,356
4218,311,357
4219,311,358
4220,311,359
4221,311,360
4222,311,361
4223,311,362
4224,311,363
4225,311,364
4226,311,365
4227,311,366
4228,311,367
4229,311,368
4230,311,369
4231,311,370
4232,311,371
4233,311,372
4234,311,373
4235,311,374
4236,311,375
4237,311,376
4238,311,377
4239,311,378
4240,311,379
4241,311,380
4242,311,381
4243,311,382
4244,311,383
4245,311,384
4246,311,385
4247,312,247
4248,312,248
4249,312,249
4250,312,250
4251,312,251
4252,312,252
4253,312,253
4254,312,254
4255,312,255
4256,312,256
4257,312,257
4258,312,258
4259,312,259
4260,312,260
4261,312,261
4262,312,262
4263,312,263
4264,312,264
4265,312,265
4266,312,266
4267,312,267
4268,312,268
4269,312,269
4270,312,270
4271,312,271
4272,312,272
4273,312,273
4274,312,274
4275,312,275
4276,312,276
4277,312,277
4278,312,278
4279,312,279
4280,312,280
4281,312,281
4282,312,282
4283,312,283
4284,312,284
4285,312,285
4286,312,286
4287,312,287
4288,312,288
4289,312,289
4290,312,290
4291,312,291
4292,312,292
4293,312,293
4294,312,294
4295,312,295
4296,312,296
4297,312,297
4298,312,298
4299,312,299
4300,312,300
4301,312,301
4302,312,302
4303,312,303
4304,312,304
4305,312,305
4306,312,329
4307,312,330
4308,312,331
4309,312,332
4310,312,333
4311,312,334
4312,312,335
4313,312,336
4314,312,337
4315,312,338
4316,312,339
4317,312,340
4318,312,341
4319,312,342
4320,312,343
4321,312,344
4322,312,345
4323,312,346
4324,312,347
4325,312,348
4326,312,349
4327,312,350
4328,312,351
4329,312,352
4330,312,353
4331,312,354
4332,312,355
4333,312,356
4334,312,357
4335,312,358
4336,312,359
4337,312,360
4338,312,361
4339,312,362
4340,312,363
4341,312,364
4342,312,365
4343,312,366
4344,312,367
4345,312,368
4346,312,369
4347,312,370
4348,312,371
4349,312,372
4350,312,373
4351,312,374
4352,312,375
4353,312,376
4354,312,377
4355,312,378
4356,312,379
4357,312,380
4358,312,381
4359,312,382
4360,312,383
4361,312,384
4362,312,385
4363,313,246
4364,313,247
4365,313,248
4366,313,249
4367,313,250
4368,313,251
4369,313,252
4370,313,253
4371,313,254
4372,313,255
4373,313,256
4374,313,257
4375,313,258
4376,313,259
4377,313,260
4378,313,261
4379,313,262
4380,313,263
4381,313,264
4382,313,265
4383,313,266
4384,313,267
4385,313,268
4386,313,269
4387,313,270
4388,313,271
4389,313,272
4390,313,273
4391,313,274
4392,313,275
4393,313,276
4394,313,277
4395,313,278
4396,313,279
4397,313,280
4398,313,281
4399,313,282
4400,313,283
4401,313,284
4402,313,285
4403,313,286
4404,313,287
4405,313,288
4406,313,289
4407,313,290
4408,313,291
4409,313,292
4410,313,293
4411,313,294
4412,313,295
4413,313,296
4414,313,297
4415,313,298
4416,313,299
4417,313,300
4418,313,301
4419,313,302
4420,313,303
4421,313,304
4422,313,305
4423,313,329
4424,313,330
4425,313,331
4426,313,332
4427,313,333
4428,313,334
4429,313,335
4430,313,336
4431,313,337
4432,313,338
4433,313,339
4434,313,340
4435,313,341
4436,313,342
4437,313,343
4438,313,344
4439,313,345
4440,313,346
4441,313,347
4442,313,348
4443,313,349
4444,313,350
4445,313,351
4446,313,352
4447,313,353
4448,313,354
4449,313,355
4450,313,356
4451,313,357
4452,313,358
4453,313,359
4454,313,360
4455,313,361
4456,313,362
4457,313,363
4458,313,364
4459,313,365
4460,313,366
4461,313,367
4462,313,368
4463,313,369
4464,313,370
4465,313,371
4466,313,372
4467,313,373
4468,313,374
4469,313,375
4470,313,376
4471,313,377
4472,313,378
4473,313,379
4474,313,380
4475,313,381
4476,313,382
4477,313,383
4478,313,384
4479,313,385
4480,314,230
4481,314,231
4482,314,232
4483,314,233
4484,314,234
4485,314,235
4486,314,236
4487,314,237
4488,314,238
4489,314,239
4490,314,240
4491,314,241
4492,314,242
4493,314,243
4494,314,244
4495,314,245
4496,314,246
4497,314,247
4498,314,248
4499,314,249
4500,314,250
4501,314,251
4502,314,252
4503,314,253
4504,314,254
4505,314,255
4506,314,256
4507,314,257
4508,314,258
4509,314,259
4510,314,260
4511,314,261
4512,314,262
4513,314,263
4514,314,264
4515,314,265
4516,314,266
4517,314,267
4518,314,268
4519,314,269
4520,314,270
4521,314,271
4522,314,272
4523,314,273
4524,314,274
4525,314,275
4526,314,276
4527,314,277
4528,314,278
4529,314,279
4530,314,280
4531,314,281
4532,314,282
4533,314,283
4534,314,284
4535,314,285
4536,314,286
4537,314,287
4538,314,288
4539,314,289
4540,314,290
4541,314,291
4542,314,292
4543,314,293
4544,314,294
4545,314,295
4546,314,296
4547,314,297
4548,314,298
4549,314,299
4550,314,300
4551,314,301
4552,314,302
4553,314,303
4554,314,304
4555,314,305
4556,314,329
4557,314,330
4558,314,331
4559,314,332
4560,314,333
4561,314,334
4562,314,335
4563,314,336
4564,314,337
4565,314,338
4566,314,339
4567,314,340
4568,314,341
4569,314,342
4570,314,343
4571,314,344
4572,314,345
4573,314,346
4574,314,347
4575,314,348
4576,314,349
4577,314,350
4578,314,351
4579,314,352
4580,314,353
4581,314,354
4582,314,355
4583,314,356
4584,314,357
4585,314,358
4586,314,359
4587,314,360
4588,314,361
4589,314,362
4590,314,363
4591,314,364
4592,314,365
4593,314,366
4594,314,367
4595,314,368
4596,314,369
4597,314,370
4598,314,371
4599,314,372
4600,314,373
4601,314,374
4602,314,375
4603,314,376
4604,314,377
4605,314,378
4606,314,379
4607,314,380
4608,314,381
4609,314,382
4610,314,383
4611,314,384
4612,314,385
4613,315,230
4614,315,231
4615,315,232
4616,315,233
4617,315,234
4618,315,235
4619,315,236
4620,315,237
4621,315,238
4622,315,239
4623,315,240
4624,315,241
4625,315,242
4626,315,243
4627,315,244
4628,315,245
4629,315,246
4630,315,247
4631,315,248
4632,315,249
4633,315,250
4634,315,251
4635,315,252
4636,315,253
4637,315,254
4638,315,255
4639,315,256
4640,315,257
4641,315,258
4642,315,259
4643,315,260
4644,315,261
4645,315,262
4646,315,263
4647,315,264
4648,315,265
4649,315,266
4650,315,267
4651,315,268
4652,315,269
4653,315,270
4654,315,271
4655,315,272
4656,315,273
4657,315,274
4658,315,275
4659,315,276
4660,315,277
4661,315,278
4662,315,279
4663,315,280
4664,315,281
4665,315,282
4666,315,283
4667,315,284
4668,315,285
4669,315,286
4670,315,287
4671,315,288
4672,315,289
4673,315,290
4674,315,291
4675,315,292
4676,315,293
4677,315,294
4678,315,295
4679,315,296
4680,315,297
4681,315,298
4682,315,299
4683,315,300
4684,315,301
4685,315,302
4686,315,303
4687,315,304
4688,315,305
4689,315,329
4690,315,330
4691,315,331
4692,315,332
4693,315,333
4694,315,334
4695,315,335
4696,315,336
4697,315,337
4698,315,338
4699,315,339
4700,315,340
4701,315,341
4702,315,342
4703,315,343
4704,315,344
4705,315,345
4706,315,346
4707,315,347
4708,315,348
4709,315,349
4710,315,350
4711,315,351
4712,315,352
4713,315,353
4714,315,354
4715,315,355
4716,315,356
4717,315,357
4718,315,358
4719,315,359
4720,315,360
4721,315,361
4722,315,362
4723,315,363
4724,315,364
4725,315,365
4726,315,366
4727,315,367
4728,315,368
4729,315,369
4730,315,370
4731,315,371
4732,315,372
4733,315,373
4734,315,374
4735,315,375
4736,315,376
4737,315,377
4738,315,378
4739,315,379
4740,315,380
4741,315,381
4742,315,382
4743,315,383
4744,315,384
4745,315,385
4746,316,230
4747,316,231
4748,316,232
4749,316,233
4750,316,234
4751,316,235
4752,316,236
4753,316,237
4754,316,238
4755,316,239
4756,316,240
4757,316,241
4758,316,242
4759,316,243
4760,316,244
4761,316,245
4762,316,246
4763,316,247
4764,316,248
4765,316,249
4766,316,250
4767,316,251
4768,316,252
4769,316,253
4770,316,254
4771,316,255
4772,316,256
4773,316,257
4774,316,258
4775,316,259
4776,316,260
4777,316,261
4778,316,262
4779,316,263
4780,316,264
4781,316,265
4782,316,266
4783,316,267
4784,316,268
4785,316,269
4786,316,270
4787,316,271
4788,316,272
4789,316,273
4790,316,274
4791,316,275
4792,316,276
4793,316,277
4794,316,278
4795,316,279
4796,316,280
4797,316,281
4798,316,282
4799,316,283
4800,316,284
4801,316,285
4802,316,286
4803,316,287
4804,316,288
4805,316,289
4806,316,290
4807,316,291
4808,316,292
4809,316,293
4810,316,294
4811,316,295
4812,316,296
4813,316,297
4814,316,298
4815,316,299
4816,316,300
4817,316,301
4818,316,302
4819,316,303
4820,316,304
4821,316,305
4822,316,329
4823,316,330
4824,316,331
4825,316,332
4826,316,333
4827,316,334
4828,316,335
4829,316,336
4830,316,337
4831,316,338
4832,316,339
4833,316,340
4834,316,341
4835,316,342
4836,316,343
4837,316,344
4838,316,345
4839,316,346
4840,316,347
4841,316,348
4842,316,349
4843,316,350
4844,316,351
4845,316,352
4846,316,353
4847,316,354
4848,316,355
4849,316,356
4850,316,357
4851,316,358
4852,316,359
4853,316,360
4854,316,361
4855,316,362
4856,316,363
4857,316,364
4858,316,365
4859,316,366
4860,316,367
4861,316,368
4862,316,369
4863,316,370
4864,316,371
4865,316,372
4866,316,373
4867,316,374
4868,316,375
4869,316,376
4870,316,377
4871,316,378
4872,316,379
4873,316,380
4874,316,381
4875,316,382
4876,316,383
4877,316,384
4878,316,385
4879,317,230
4880,317,231
4881,317,232
4882,317,233
4883,317,234
4884,317,235
4885,317,236
4886,317,237
4887,317,238
4888,317,239
4889,317,240
4890,317,241
4891,317,242
4892,317,243
4893,317,244
4894,317,245
4895,317,246
4896,317,247
4897,317,248
4898,317,249
4899,317,250
4900,317,251
4901,317,252
4902,317,253
4903,317,254
4904,317,255
4905,317,256
4906,317,257
4907,317,258
4908,317,259
4909,317,260
4910,317,261
4911,317,262
4912,317,263
4913,317,264
4914,317,265
4915,317,266
4916,317,267
4917,317,268
4918,317,269
4919,317,270
4920,317,271
4921,317,272
4922,317,273
4923,317,274
4924,317,275
4925,317,276
4926,317,277
4927,317,278
4928,317,279
4929,317,280
4930,317,281
4931,317,282
4932,317,283
4933,317,284
4934,317,285
4935,317,286
4936,317,287
4937,317,288
4938,317,289
4939,317,290
4940,317,291
4941,317,292
4942,317,293
4943,317,294
4944,317,295
4945,317,296
4946,317,297
4947,317,298
4948,317,299
4949,317,300
4950,317,301
4951,317,302
4952,317,303
4953,317,304
4954,317,305
4955,317,329
4956,317,330
4957,317,331
4958,317,332
4959,317,333
4960,317,334
4961,317,335
4962,317,336
4963,317,337
4964,317,338
4965,317,339
4966,317,340
4967,317,341
4968,317,342
4969,317,343
4970,317,344
4971,317,345
4972,317,346
4973,317,347
4974,317,348
4975,317,349
4976,317,350
4977,317,351
4978,317,352
4979,317,353
4980,317,354
4981,317,355
4982,317,356
4983,317,357
4984,317,358
4985,317,359
4986,317,360
4987,317,361
4988,317,362
4989,317,363
4990,317,364
4991,317,365
4992,317,366
4993,317,367
4994,317,368
4995,317,369
4996,317,370
4997,317,371
4998,317,372
4999,317,373
5000,317,374
5001,317,375
5002,317,376
5003,317,377
5004,317,378
5005,317,379
5006,317,380
5007,317,381
5008,317,382
5009,317,383
5010,317,384
5011,317,385
5012,318,230
5013,318,231
5014,318,232
5015,318,233
5016,318,234
5017,318,235
5018,318,236
5019,318,237
5020,318,238
5021,318,239
5022,318,240
5023,318,241
5024,318,242
5025,318,243
5026,318,244
5027,318,245
5028,318,246
5029,318,247
5030,318,248
5031,318,249
5032,318,250
5033,318,251
5034,318,252
5035,318,253
5036,318,254
5037,318,255
5038,318,256
5039,318,257
5040,318,258
5041,318,259
5042,318,260
5043,318,261
5044,318,262
5045,318,263
5046,318,264
5047,318,265
5048,318,266
5049,318,267
5050,318,268
5051,318,269
5052,318,270
5053,318,271
5054,318,272
5055,318,273
5056,318,274
5057,318,275
5058,318,276
5059,318,277
5060,318,278
5061,318,279
5062,318,280
5063,318,281
5064,318,282
5065,318,283
5066,318,284
5067,318,285
5068,318,286
5069,318,287
5070,318,288
5071,318,289
5072,318,290
5073,318,291
5074,318,292
5075,318,293
5076,318,294
5077,318,295
5078,318,296
5079,318,297
5080,318,298
5081,318,299
5082,318,300
5083,318,301
5084,318,302
5085,318,303
5086,318,304
5087,318,305
5088,318,329
5089,318,330
5090,318,331
5091,318,332
5092,318,333
5093,318,334
5094,318,335
5095,318,336
5096,318,337
5097,318,338
5098,318,339
5099,318,340
5100,318,341
5101,318,342
5102,318,343
5103,318,344
5104,318,345
5105,318,346
5106,318,347
5107,318,348
5108,318,349
5109,318,350
5110,318,351
5111,318,352
5112,318,353
5113,318,354
5114,318,355
5115,318,356
5116,318,357
5117,318,358
5118,318,359
5119,318,360
5120,318,361
5121,318,362
5122,318,363
5123,318,364
5124,318,365
5125,318,366
5126,318,367
5127,318,368
5128,318,369
5129,318,370
5130,318,371
5131,318,372
5132,318,373
5133,318,374
5134,318,375
5135,318,376
5136,318,377
5137,318,378
5138,318,379
5139,318,380
5140,318,381
5141,318,382
5142,318,383
5143,318,384
5144,318,385
5145,319,230
5146,319,231
5147,319,232
5148,319,233
5149,319,234
5150,319,235
5151,319,236
5152,319,237
5153,319,238
5154,319,239
5155,319,240
5156,319,241
5157,319,242
5158,319,243
5159,319,244
5160,319,245
5161,319,246
5162,319,247
5163,319,248
5164,319,249
5165,319,250
5166,319,251
5167,319,252
5168,319,253
5169,319,254
5170,319,255
5171,319,256
5172,319,257
5173,319,258
5174,319,259
5175,319,260
5176,319,261
5177,319,262
5178,319,263
5179,319,264
5180,319,265
5181,319,266
5182,319,267
5183,319,268
5184,319,269
5185,319,270
5186,319,271
5187,319,272
5188,319,273
5189,319,274
5190,319,275
5191,319,276
5192,319,277
5193,319,278
5194,319,279
5195,319,280
5196,319,281
5197,319,282
5198,319,283
5199,319,284
5200,319,285
5201,319,286
5202,319,287
5203,319,288
5204,319,289
5205,319,290
5206,319,291
5207,319,292
5208,319,293
5209,319,294
5210,319,295
5211,319,296
5212,319,297
5213,319,298
5214,319,299
5215,319,300
5216,319,301
5217,319,302
5218,319,303
5219,319,304
5220,319,305
5221,319,329
5222,319,330
5223,319,331
5224,319,332
5225,319,333
5226,319,334
5227,319,335
5228,319,336
5229,319,337
5230,319,338
5231,319,339
5232,319,340
5233,319,341
5234,319,342
5235,319,343
5236,319,344
5237,319,345
5238,319,346
5239,319,347
5240,319,348
5241,319,349
5242,319,350
5243,319,351
5244,319,352
5245,319,353
5246,319,354
5247,319,355
5248,319,356
5249,319,357
5250,319,358
5251,319,359
5252,319,360
5253,319,361
5254,319,362
5255,319,363
5256,319,364
5257,319,365
5258,319,366
5259,319,367
5260,319,368
5261,319,369
5262,319,370
5263,319,371
5264,319,372
5265,319,373
5266,319,374
5267,319,375
5268,319,376
5269,319,377
5270,319,378
5271,319,379
5272,319,380
5273,319,381
5274,319,382
5275,319,383
5276,319,384
5277,319,385
5278,320,230
5279,320,231
5280,320,232
5281,320,233
5282,320,234
5283,320,235
5284,320,236
5285,320,237
5286,320,238
5287,320,239
5288,320,240
5289,320,241
5290,320,242
5291,320,243
5292,320,244
5293,320,245
5294,320,246
5295,320,247
5296,320,248
5297,320,249
5298,320,250
5299,320,251
5300,320,252
5301,320,253
5302,320,254
5303,320,255
5304,320,256
5305,320,257
5306,320,258
5307,320,259
5308,320,260
5309,320,261
5310,320,262
5311,320,263
5312,320,264
5313,320,265
5314,320,266
5315,320,267
5316,320,268
5317,320,269
5318,320,270
5319,320,271
5320,320,272
5321,320,273
5322,320,274
5323,320,275
5324,320,276
5325,320,277
5326,320,278
5327,320,279
5328,320,280
5329,320,281
5330,320,282
5331,320,283
5332,320,284
5333,320,285
5334,320,286
5335,320,287
5336,320,288
5337,320,289
5338,320,290
5339,320,291
5340,320,292
5341,320,293
5342,320,294
5343,320,295
5344,320,296
5345,320,297
5346,320,298
5347,320,299
5348,320,300
5349,320,301
5350,320,302
5351,320,303
5352,320,304
5353,320,305
5354,320,329
5355,320,330
5356,320,331
5357,320,332
5358,320,333
5359,320,334
5360,320,335
5361,320,336
5362,320,337
5363,320,338
5364,320,339
5365,320,340
5366,320,341
5367,320,342
5368,320,343
5369,320,344
5370,320,345
5371,320,346
5372,320,347
5373,320,348
5374,320,349
5375,320,350
5376,320,351
5377,320,352
5378,320,353
5379,320,354
5380,320,355
5381,320,356
5382,320,357
5383,320,358
5384,320,359
5385,320,360
5386,320,361
5387,320,362
5388,320,363
5389,320,364
5390,320,365
5391,320,366
5392,320,367
5393,320,368
5394,320,369
5395,320,370
5396,320,371
5397,320,372
5398,320,373
5399,320,374
5400,320,375
5401,320,376
5402,320,377
5403,320,378
5404,320,379
5405,320,380
5406,320,381
5407,320,382
5408,320,383
5409,320,384
5410,320,385
5411,321,230
5412,321,231
5413,321,232
5414,321,233
5415,321,234
5416,321,235
5417,321,236
5418,321,237
5419,321,238
5420,321,239
5421,321,240
5422,321,241
5423,321,242
5424,321,243
5425,321,244
5426,321,245
5427,321,246
5428,321,247
5429,321,248
5430,321,249
5431,321,250
5432,321,251
5433,321,252
5434,321,253
5435,321,254
5436,321,255
5437,321,256
5438,321,257
5439,321,258
5440,321,259
5441,321,260
5442,321,261
5443,321,262
5444,321,263
5445,321,264
5446,321,265
5447,321,266
5448,321,267
5449,321,268
5450,321,269
5451,321,270
5452,321,271
5453,321,272
5454,321,273
5455,321,274
5456,321,275
5457,321,276
5458,321,277
5459,321,278
5460,321,279
5461,321,280
5462,321,281
5463,321,282
5464,321,283
5465,321,284
5466,321,285
5467,321,286
5468,321,287
5469,321,288
5470,321,289
5471,321,290
5472,321,291
5473,321,292
5474,321,293
5475,321,294
5476,321,295
5477,321,296
5478,321,297
5479,321,298
5480,321,299
5481,321,300
5482,321,301
5483,321,302
5484,321,303
5485,321,304
5486,321,305
5487,321,329
5488,321,330
5489,321,331
5490,321,332
5491,321,333
5492,321,334
5493,321,335
5494,321,336
5495,321,337
5496,321,338
5497,321,339
5498,321,340
5499,321,341
5500,321,342
5501,321,343
5502,321,344
5503,321,345
5504,321,346
5505,321,347
5506,321,348
5507,321,349
5508,321,350
5509,321,351
5510,321,352
5511,321,353
5512,321,354
5513,321,355
5514,321,356
5515,321,357
5516,321,358
5517,321,359
5518,321,360
5519,321,361
5520,321,362
5521,321,363
5522,321,364
5523,321,365
5524,321,366
5525,321,367
5526,321,368
5527,321,369
5528,321,370
5529,321,371
5530,321,372
5531,321,373
5532,321,374
5533,321,375
5534,321,376
5535,321,377
5536,321,378
5537,321,379
5538,321,380
5539,321,381
5540,321,382
5541,321,383
5542,321,384
5543,321,385
5544,322,230
5545,322,231
5546,322,232
5547,322,233
5548,322,234
5549,322,235
5550,322,236
5551,322,237
5552,322,238
5553,322,239
5554,322,240
5555,322,241
5556,322,242
5557,322,243
5558,322,244
5559,322,245
5560,322,246
5561,322,247
5562,322,248
5563,322,249
5564,322,250
5565,322,251
5566,322,252
5567,322,253
5568,322,254
5569,322,255
5570,322,256
5571,322,257
5572,322,258
5573,322,259
5574,322,260
5575,322,261
5576,322,262
5577,322,263
5578,322,264
5579,322,265
5580,322,266
5581,322,267
5582,322,268
5583,322,269
5584,322,270
5585,322,271
5586,322,272
5587,322,273
5588,322,274
5589,322,275
5590,322,276
5591,322,277
5592,322,278
5593,322,279
5594,322,280
5595,322,281
5596,322,282
5597,322,283
5598,322,284
5599,322,285
5600,322,286
5601,322,287
5602,322,288
5603,322,289
5604,322,290
5605,322,291
5606,322,292
5607,322,293
5608,322,294
5609,322,295
5610,322,296
5611,322,297
5612,322,298
5613,322,299
5614,322,300
5615,322,301
5616,322,302
5617,322,303
5618,322,304
5619,322,305
5620,322,329
5621,322,330
5622,322,331
5623,322,332
5624,322,333
5625,322,334
5626,322,335
5627,322,336
5628,322,337
5629,322,338
5630,322,339
5631,322,340
5632,322,341
5633,322,342
5634,322,343
5635,322,344
5636,322,345
5637,322,346
5638,322,347
5639,322,348
5640,322,349
5641,322,350
5642,322,351
5643,322,352
5644,322,353
5645,322,354
5646,322,355
5647,322,356
5648,322,357
5649,322,358
5650,322,359
5651,322,360
5652,322,361
5653,322,362
5654,322,363
5655,322,364
5656,322,365
5657,322,366
5658,322,367
5659,322,368
5660,322,369
5661,322,370
5662,322,371
5663,322,372
5664,322,373
5665,322,374
5666,322,375
5667,322,376
5668,322,377
5669,322,378
5670,322,379
5671,322,380
5672,322,381
5673,322,382
5674,322,383
5675,322,384
5676,322,385
5677,323,230
5678,323,231
5679,323,232
5680,323,233
5681,323,234
5682,323,235
5683,323,236
5684,323,237
5685,323,238
5686,323,239
5687,323,240
5688,323,241
5689,323,242
5690,323,243
5691,323,244
5692,323,245
5693,323,246
5694,323,247
5695,323,248
5696,323,249
5697,323,250
5698,323,251
5699,323,252
5700,323,253
5701,323,254
5702,323,255
5703,323,256
5704,323,257
5705,323,258
5706,323,259
5707,323,260
5708,323,261
5709,323,262
5710,323,263
5711,323,264
5712,323,265
5713,323,266
5714,323,267
5715,323,268
5716,323,269
5717,323,270
5718,323,271
5719,323,272
5720,323,273
5721,323,274
5722,323,275
5723,323,276
5724,323,277
5725,323,278
5726,323,279
5727,323,280
5728,323,281
5729,323,282
5730,323,283
5731,323,284
5732,323,285
5733,323,286
5734,323,287
5735,323,288
5736,323,289
5737,323,290
5738,323,291
5739,323,292
5740,323,293
5741,323,294
5742,323,295
5743,323,296
5744,323,297
5745,323,298
5746,323,299
5747,323,300
5748,323,301
5749,323,302
5750,323,303
5751,323,304
5752,323,305
5753,323,329
5754,323,330
5755,323,331
5756,323,332
5757,323,333
5758,323,334
5759,323,335
5760,323,336
5761,323,337
5762,323,338
5763,323,339
5764,323,340
5765,323,341
5766,323,342
5767,323,343
5768,323,344
5769,323,345
5770,323,346
5771,323,347
5772,323,348
5773,323,349
5774,323,350
5775,323,351
5776,323,352
5777,323,353
5778,323,354
5779,323,355
5780,323,356
5781,323,357
5782,323,358
5783,323,359
5784,323,360
5785,323,361
5786,323,362
5787,323,363
5788,323,364
5789,323,365
5790,323,366
5791,323,367
5792,323,368
5793,323,369
5794,323,370
5795,323,371
5796,323,372
5797,323,373
5798,323,374
5799,323,375
5800,323,376
5801,323,377
5802,323,378
5803,323,379
5804,323,380
5805,323,381
5806,323,382
5807,323,383
5808,323,384
5809,323,385
5810,324,230
5811,324,231
5812,324,232
5813,324,233
5814,324,234
5815,324,235
5816,324,236
5817,324,237
5818,324,238
5819,324,239
5820,324,240
5821,324,241
5822,324,242
5823,324,243
5824,324,244
5825,324,245
5826,324,246
5827,324,247
5828,324,248
5829,324,249
5830,324,250
5831,324,251
5832,324,252
5833,324,253
5834,324,254
5835,324,255
5836,324,256
5837,324,257
5838,324,258
5839,324,259
5840,324,260
5841,324,261
5842,324,262
5843,324,263
5844,324,264
5845,324,265
5846,324,266
5847,324,267
5848,324,268
5849,324,269
5850,324,270
5851,324,271
5852,324,272
5853,324,273
5854,324,274
5855,324,275
5856,324,276
5857,324,277
5858,324,278
5859,324,279
5860,324,280
5861,324,281
5862,324,282
5863,324,283
5864,324,284
5865,324,285
5866,324,286
5867,324,287
5868,324,288
5869,324,289
5870,324,290
5871,324,291
5872,324,292
5873,324,293
5874,324,294
5875,324,295
5876,324,296
5877,324,297
5878,324,298
5879,324,299
5880,324,300
5881,324,301
5882,324,302
5883,324,303
5884,324,304
5885,324,305
5886,324,329
5887,324,330
5888,324,331
5889,324,332
5890,324,333
5891,324,334
5892,324,335
5893,324,336
5894,324,337
5895,324,338
5896,324,339
5897,324,340
5898,324,341
5899,324,342
5900,324,343
5901,324,344
5902,324,345
5903,324,346
5904,324,347
5905,324,348
5906,324,349
5907,324,350
5908,324,351
5909,324,352
5910,324,353
5911,324,354
5912,324,355
5913,324,356
5914,324,357
5915,324,358
5916,324,359
5917,324,360
5918,324,361
5919,324,362
5920,324,363
5921,324,364
5922,324,365
5923,324,366
5924,324,367
5925,324,368
5926,324,369
5927,324,370
5928,324,371
5929,324,372
5930,324,373
5931,324,374
5932,324,375
5933,324,376
5934,324,377
5935,324,378
5936,324,379
5937,324,380
5938,324,381
5939,324,382
5940,324,383
5941,324,384
5942,324,385
5943,325,230
5944,325,231
5945,325,232
5946,325,233
5947,325,234
5948,325,235
5949,325,236
5950,325,237
5951,325,238
5952,325,239
5953,325,240
5954,325,241
5955,325,242
5956,325,243
5957,325,244
5958,325,245
5959,325,246
5960,325,247
5961,325,248
5962,325,249
5963,325,250
5964,325,251
5965,325,252
5966,325,253
5967,325,254
5968,325,255
5969,325,256
5970,325,257
5971,325,258
5972,325,259
5973,325,260
5974,325,261
5975,325,262
5976,325,263
5977,325,264
5978,325,265
5979,325,266
5980,325,267
5981,325,268
5982,325,269
5983,325,270
5984,325,271
5985,325,272
5986,325,273
5987,325,274
5988,325,275
5989,325,276
5990,325,277
5991,325,278
5992,325,279
5993,325,280
5994,325,281
5995,325,282
5996,325,283
5997,325,284
5998,325,285
5999,325,286
6000,325,287
6001,325,288
6002,325,289
6003,325,290
6004,325,291
6005,325,292
6006,325,293
6007,325,294
6008,325,295
6009,325,296
6010,325,297
6011,325,298
6012,325,299
6013,325,300
6014,325,301
6015,325,302
6016,325,303
6017,325,304
6018,325,305
6019,325,329
6020,325,330
6021,325,331
6022,325,332
6023,325,333
6024,325,334
6025,325,335
6026,325,336
6027,325,337
6028,325,338
6029,325,339
6030,325,340
6031,325,341
6032,325,342
6033,325,343
6034,325,344
6035,325,345
6036,325,346
6037,325,347
6038,325,348
6039,325,349
6040,325,350
6041,325,351
6042,325,352
6043,325,353
6044,325,354
6045,325,355
6046,325,356
6047,325,357
6048,325,358
6049,325,359
6050,325,360
6051,325,361
6052,325,362
6053,325,363
6054,325,364
6055,325,365
6056,325,366
6057,325,367
6058,325,368
6059,325,369
6060,325,370
6061,325,371
6062,325,372
6063,325,373
6064,325,374
6065,325,375
6066,325,376
6067,325,377
6068,325,378
6069,325,379
6070,325,380
6071,325,381
6072,325,382
6073,325,383
6074,325,384
6075,325,385
6076,326,247
6077,326,248
6078,326,249
6079,326,250
6080,326,251
6081,326,252
6082,326,253
6083,326,254
6084,326,255
6085,326,256
6086,326,257
6087,326,258
6088,326,259
6089,326,260
6090,326,261
6091,326,262
6092,326,263
6093,326,264
6094,326,265
6095,326,266
6096,326,267
6097,326,268
6098,326,269
6099,326,270
6100,326,271
6101,326,272
6102,326,273
6103,326,274
6104,326,275
6105,326,276
6106,326,277
6107,326,278
6108,326,279
6109,326,280
6110,326,281
6111,326,282
6112,326,283
6113,326,284
6114,326,285
6115,326,286
6116,326,287
6117,326,288
6118,326,289
6119,326,290
6120,326,291
6121,326,292
6122,326,293
6123,326,294
6124,326,295
6125,326,296
6126,326,297
6127,326,298
6128,326,299
6129,326,300
6130,326,301
6131,326,302
6132,326,303
6133,326,304
6134,326,305
6135,326,329
6136,326,330
6137,326,331
6138,326,332
6139,326,333
6140,326,334
6141,326,335
6142,326,336
6143,326,337
6144,326,338
6145,326,339
6146,326,340
6147,326,341
6148,326,342
6149,326,343
6150,326,344
6151,326,345
6152,326,346
6153,326,347
6154,326,348
6155,326,349
6156,326,350
6157,326,351
6158,326,352
6159,326,353
6160,326,354
6161,326,355
6162,326,356
6163,326,357
6164,326,358
6165,326,359
6166,326,360
6167,326,361
6168,326,362
6169,326,363
6170,326,364
6171,326,365
6172,326,366
6173,326,367
6174,326,368
6175,326,369
6176,326,370
6177,326,371
6178,326,372
6179,326,373
6180,326,374
6181,326,375
6182,326,376
6183,326,377
6184,326,378
6185,326,379
6186,326,380
6187,326,381
6188,326,382
6189,326,383
6190,326,384
6191,326,385
6192,327,247
6193,327,248
6194,327,249
6195,327,250
6196,327,251
6197,327,252
6198,327,253
6199,327,254
6200,327,255
6201,327,256
6202,327,257
6203,327,258
6204,327,259
6205,327,260
6206,327,261
6207,327,284
6208,327,285
6209,327,286
6210,327,287
6211,327,288
6212,327,289
6213,327,290
6214,327,291
6215,327,292
6216,327,293
6217,327,294
6218,327,295
6219,327,296
6220,327,297
6221,327,298
6222,327,299
6223,327,300
6224,327,301
6225,327,302
6226,327,303
6227,327,304
6228,327,305
6229,327,329
6230,327,330
6231,327,331
6232,327,332
6233,327,333
6234,327,334
6235,327,335
6236,327,336
6237,327,337
6238,327,338
6239,327,339
6240,327,340
6241,327,341
6242,327,342
6243,327,343
6244,327,344
6245,327,345
6246,327,346
6247,327,347
6248,327,348
6249,327,349
6250,327,350
6251,327,351
6252,327,352
6253,327,353
6254,327,354
6255,327,355
6256,327,356
6257,327,357
6258,327,358
6259,327,359
6260,327,360
6261,327,361
6262,327,362
6263,327,363
6264,327,364
6265,327,365
6266,327,366
6267,327,367
6268,327,368
6269,327,369
6270,327,370
6271,327,371
6272,327,372
6273,327,373
6274,327,374
6275,327,375
6276,327,376
6277,327,377
6278,327,378
6279,327,379
6280,327,380
6281,327,381
6282,327,382
6283,327,383
6284,327,384
6285,327,385
6286,328,247
6287,328,248
6288,328,249
6289,328,250
6290,328,251
6291,328,252
6292,328,253
6293,328,254
6294,328,255
6295,328,256
6296,328,257
6297,328,258
6298,328,259
6299,328,260
6300,328,261
6301,328,284
6302,328,285
6303,328,286
6304,328,287
6305,328,288
6306,328,289
6307,328,290
6308,328,291
6309,328,292
6310,328,293
6311,328,294
6312,328,295
6313,328,296
6314,328,297
6315,328,298
6316,328,299
6317,328,300
6318,328,301
6319,328,302
6320,328,303
6321,328,304
6322,328,305
6323,328,329
6324,328,330
6325,328,331
6326,328,332
6327,328,333
6328,328,334
6329,328,335
6330,328,336
6331,328,337
6332,328,338
6333,328,339
6334,328,340
6335,328,341
6336,328,342
6337,328,343
6338,328,344
6339,328,345
6340,328,346
6341,328,347
6342,328,348
6343,328,349
6344,328,350
6345,328,351
6346,328,352
6347,328,353
6348,328,354
6349,328,355
6350,328,356
6351,328,357
6352,328,358
6353,328,359
6354,328,360
6355,328,361
6356,328,362
6357,328,363
6358,328,364
6359,328,365
6360,328,366
6361,328,367
6362,328,368
6363,328,369
6364,328,370
6365,328,371
6366,328,372
6367,328,373
6368,328,374
6369,328,375
6370,328,376
6371,328,377
6372,328,378
6373,328,379
6374,328,380
6375,328,381
6376,328,382
6377,328,383
6378,328,384
6379,329,247
6380,329,248
6381,329,249
6382,329,250
6383,329,251
6384,329,252
6385,329,253
6386,329,254
6387,329,255
6388,329,256
6389,329,257
6390,329,258
6391,329,259
6392,329,260
6393,329,261
6394,329,284
6395,329,285
6396,329,286
6397,329,287
6398,329,288
6399,329,289
6400,329,290
6401,329,291
6402,329,292
6403,329,293
6404,329,294
6405,329,295
6406,329,296
6407,329,297
6408,329,298
6409,329,299
6410,329,300
6411,329,301
6412,329,302
6413,329,303
6414,329,304
6415,329,305
6416,329,306
6417,329,307
6418,329,308
6419,329,309
6420,329,310
6421,329,311
6422,329,312
6423,329,313
6424,329,314
6425,329,315
6426,329,316
6427,329,317
6428,329,318
6429,329,319
6430,329,329
6431,329,330
6432,329,331
6433,329,332
6434,329,333
6435,329,334
6436,329,335
6437,329,336
6438,329,337
6439,329,338
6440,329,339
6441,329,340
6442,329,341
6443,329,342
6444,329,343
6445,329,344
6446,329,345
6447,329,346
6448,329,347
6449,329,348
6450,329,349
6451,329,350
6452,329,351
6453,329,352
6454,329,353
6455,329,354
6456,329,355
6457,329,356
6458,329,357
6459,329,358
6460,329,359
6461,329,360
6462,329,361
6463,329,362
6464,329,363
6465,329,364
6466,329,365
6467,329,366
6468,329,367
6469,329,368
6470,329,369
6471,329,370
6472,329,371
6473,329,372
6474,329,373
6475,329,374
6476,329,375
6477,329,376
6478,329,377
6479,329,378
6480,329,379
6481,329,380
6482,329,381
6483,329,382
6484,329,383
6485,329,384
6486,330,247
6487,330,248
6488,330,249
6489,330,250
6490,330,251
6491,330,252
6492,330,253
6493,330,254
6494,330,255
6495,330,256
6496,330,257
6497,330,258
6498,330,259
6499,330,260
6500,330,261
6501,330,284
6502,330,285
6503,330,286
6504,330,287
6505,330,288
6506,330,289
6507,330,290
6508,330,291
6509,330,292
6510,330,293
6511,330,294
6512,330,295
6513,330,296
6514,330,297
6515,330,298
6516,330,299
6517,330,300
6518,330,301
6519,330,302
6520,330,303
6521,330,304
6522,330,305
6523,330,306
6524,330,307
6525,330,308
6526,330,309
6527,330,310
6528,330,311
6529,330,312
6530,330,313
6531,330,314
6532,330,315
6533,330,316
6534,330,317
6535,330,318
6536,330,319
6537,330,329
6538,330,330
6539,330,331
6540,330,332
6541,330,333
6542,330,334
6543,330,335
6544,330,336
6545,330,337
6546,330,338
6547,330,339
6548,330,340
6549,330,341
6550,330,342
6551,330,343
6552,330,344
6553,330,345
6554,330,346
6555,330,347
6556,330,348
6557,330,349
6558,330,350
6559,330,351
6560,330,352
6561,330,353
6562,330,354
6563,330,355
6564,330,356
6565,330,357
6566,330,358
6567,330,359
6568,330,360
6569,330,361
6570,330,362
6571,330,363
6572,330,364
6573,330,365
6574,330,366
6575,330,367
6576,330,368
6577,330,369
6578,330,370
6579,330,371
6580,330,372
6581,330,373
6582,330,374
6583,330,375
6584,330,376
6585,330,377
6586,330,378
6587,330,379
6588,330,380
6589,330,381
6590,330,382
6591,330,383
6592,330,384
6593,331,247
6594,331,248
6595,331,249
6596,331,250
6597,331,251
6598,331,252
6599,331,253
6600,331,254
6601,331,255
6602,331,256
6603,331,257
6604,331,258
6605,331,259
6606,331,260
6607,331,261
6608,331,284
6609,331,285
6610,331,286
6611,331,287
6612,331,288
6613,331,289
6614,331,290
6615,331,291
6616,331,292
6617,331,293
6618,331,294
6619,331,295
6620,331,296
6621,331,297
6622,331,298
6623,331,299
6624,331,300
6625,331,301
6626,331,302
6627,331,303
6628,331,304
6629,331,305
6630,331,306
6631,331,307
6632,331,308
6633,331,309
6634,331,310
6635,331,311
6636,331,312
6637,331,313
6638,331,314
6639,331,315
6640,331,316
6641,331,317
6642,331,318
6643,331,319
6644,331,329
6645,331,330
6646,331,331
6647,331,332
6648,331,333
6649,331,334
6650,331,335
6651,331,336
6652,331,337
6653,331,338
6654,331,339
6655,331,340
6656,331,341
6657,331,342
6658,331,343
6659,331,344
6660,331,345
6661,331,346
6662,331,347
6663,331,348
6664,331,349
6665,331,350
6666,331,351
6667,331,352
6668,331,353
6669,331,354
6670,331,355
6671,331,356
6672,331,357
6673,331,358
6674,331,359
6675,331,360
6676,331,361
6677,331,362
6678,331,363
6679,331,364
6680,331,365
6681,331,366
6682,331,367
6683,331,368
6684,331,369
6685,331,370
6686,331,371
6687,331,372
6688,331,373
6689,331,374
6690,331,375
6691,331,376
6692,331,377
6693,331,378
6694,331,379
6695,331,380
6696,331,381
6697,331,382
6698,331,383
6699,331,384
6700,332,247
6701,332,248
6702,332,249
6703,332,250
6704,332,251
6705,332,252
6706,332,253
6707,332,254
6708,332,255
6709,332,256
6710,332,257
6711,332,258
6712,332,259
6713,332,260
6714,332,261
6715,332,284
6716,332,285
6717,332,286
6718,332,287
6719,332,288
6720,332,289
6721,332,290
6722,332,291
6723,332,292
6724,332,293
6725,332,294
6726,332,295
6727,332,296
6728,332,297
6729,332,298
6730,332,299
6731,332,300
6732,332,301
6733,332,302
6734,332,303
6735,332,304
6736,332,305
6737,332,306
6738,332,307
6739,332,308
6740,332,309
6741,332,310
6742,332,311
6743,332,312
6744,332,313
6745,332,314
6746,332,315
6747,332,316
6748,332,317
6749,332,318
6750,332,319
6751,332,329
6752,332,330
6753,332,331
6754,332,332
6755,332,333
6756,332,334
6757,332,335
6758,332,336
6759,332,337
6760,332,338
6761,332,339
6762,332,340
6763,332,341
6764,332,342
6765,332,343
6766,332,344
6767,332,345
6768,332,346
6769,332,347
6770,332,348
6771,332,349
6772,332,350
6773,332,351
6774,332,352
6775,332,353
6776,332,354
6777,332,355
6778,332,356
6779,332,357
6780,332,358
6781,332,359
6782,332,360
6783,332,361
6784,332,362
6785,332,363
6786,332,364
6787,332,365
6788,332,366
6789,332,367
6790,332,368
6791,332,369
6792,332,370
6793,332,371
6794,332,372
6795,332,373
6796,332,374
6797,332,375
6798,332,376
6799,332,377
6800,332,378
6801,332,379
6802,332,380
6803,332,381
6804,332,382
6805,332,383
6806,332,384
6807,333,247
6808,333,248
6809,333,249
6810,333,250
6811,333,251
6812,333,252
6813,333,253
6814,333,254
6815,333,255
6816,333,256
6817,333,257
6818,333,258
6819,333,259
6820,333,260
6821,333,261
6822,333,284
6823,333,285
6824,333,286
6825,333,287
6826,333,288
6827,333,289
6828,333,290
6829,333,291
6830,333,292
6831,333,293
6832,333,294
6833,333,295
6834,333,296
6835,333,297
6836,333,298
6837,333,299
6838,333,300
6839,333,301
6840,333,302
6841,333,303
6842,333,304
6843,333,305
6844,333,306
6845,333,307
6846,333,308
6847,333,309
6848,333,310
6849,333,311
6850,333,312
6851,333,313
6852,333,314
6853,333,315
6854,333,316
6855,333,317
6856,333,318
6857,333,319
6858,333,329
6859,333,330
6860,333,331
6861,333,332
6862,333,333
6863,333,334
6864,333,335
6865,333,336
6866,333,337
6867,333,338
6868,333,339
6869,333,340
6870,333,341
6871,333,342
6872,333,343
6873,333,344
6874,333,345
6875,333,346
6876,333,347
6877,333,348
6878,333,349
6879,333,350
6880,333,351
6881,333,352
6882,333,353
6883,333,354
6884,333,355
6885,333,356
6886,333,357
6887,333,358
6888,333,359
6889,333,360
6890,333,361
6891,333,362
6892,333,363
6893,333,364
6894,333,365
6895,333,366
6896,333,367
6897,333,368
6898,333,369
6899,333,370
6900,333,371
6901,333,372
6902,333,373
6903,333,374
6904,333,375
6905,333,376
6906,333,377
6907,333,378
6908,333,379
6909,333,380
6910,333,381
6911,333,382
6912,333,383
6913,333,384
6914,334,247
6915,334,248
6916,334,249
6917,334,250
6918,334,251
6919,334,252
6920,334,253
6921,334,254
6922,334,255
6923,334,256
6924,334,257
6925,334,258
6926,334,259
6927,334,260
6928,334,261
6929,334,284
6930,334,285
6931,334,286
6932,334,287
6933,334,288
6934,334,289
6935,334,290
6936,334,291
6937,334,292
6938,334,293
6939,334,294
6940,334,295
6941,334,296
6942,334,297
6943,334,298
6944,334,299
6945,334,300
6946,334,301
6947,334,302
6948,334,303
6949,334,304
6950,334,305
6951,334,306
6952,334,307
6953,334,308
6954,334,309
6955,334,310
6956,334,311
6957,334,312
6958,334,313
6959,334,314
6960,334,315
6961,334,316
6962,334,317
6963,334,318
6964,334,319
6965,334,329
6966,334,330
6967,334,331
6968,334,332
6969,334,333
6970,334,334
6971,334,335
6972,334,336
6973,334,337
6974,334,338
6975,334,339
6976,334,340
6977,334,341
6978,334,342
6979,334,343
6980,334,344
6981,334,345
6982,334,346
6983,334,347
6984,334,348
6985,334,349
6986,334,350
6987,334,351
6988,334,352
6989,334,353
6990,334,354
6991,334,355
6992,334,356
6993,334,357
6994,334,358
6995,334,359
6996,334,360
6997,334,361
6998,334,362
6999,334,363
7000,334,364
7001,334,365
7002,334,366
7003,334,367
7004,334,368
7005,334,369
7006,334,370
7007,334,371
7008,334,372
7009,334,373
7010,334,374
7011,334,375
7012,334,376
7013,334,377
7014,334,378
7015,334,379
7016,334,380
7017,334,381
7018,334,382
7019,334,383
7020,334,384
7021,335,247
7022,335,248
7023,335,249
7024,335,250
7025,335,251
7026,335,252
7027,335,253
7028,335,254
7029,335,255
7030,335,256
7031,335,257
7032,335,258
7033,335,259
7034,335,260
7035,335,261
7036,335,284
7037,335,285
7038,335,286
7039,335,287
7040,335,288
7041,335,289
7042,335,290
7043,335,291
7044,335,292
7045,335,293
7046,335,294
7047,335,295
7048,335,296
7049,335,297
7050,335,298
7051,335,299
7052,335,300
7053,335,301
7054,335,302
7055,335,303
7056,335,304
7057,335,305
7058,335,306
7059,335,307
7060,335,308
7061,335,309
7062,335,310
7063,335,311
7064,335,312
7065,335,313
7066,335,314
7067,335,315
7068,335,316
7069,335,317
7070,335,318
7071,335,319
7072,335,329
7073,335,330
7074,335,331
7075,335,332
7076,335,333
7077,335,334
7078,335,335
7079,335,336
7080,335,337
7081,335,338
7082,335,339
7083,335,340
7084,335,341
7085,335,342
7086,335,343
7087,335,344
7088,335,345
7089,335,346
7090,335,347
7091,335,348
7092,335,349
7093,335,350
7094,335,351
7095,335,352
7096,335,353
7097,335,354
7098,335,355
7099,335,356
7100,335,357
7101,335,358
7102,335,359
7103,335,360
7104,335,361
7105,335,362
7106,335,363
7107,335,364
7108,335,365
7109,335,366
7110,335,367
7111,335,368
7112,335,369
7113,335,370
7114,335,371
7115,335,372
7116,335,373
7117,335,374
7118,335,375
7119,335,376
7120,335,377
7121,335,378
7122,335,379
7123,335,380
7124,335,381
7125,335,382
7126,335,383
7127,335,384
7128,336,247
7129,336,248
7130,336,249
7131,336,250
7132,336,251
7133,336,252
7134,336,253
7135,336,254
7136,336,255
7137,336,256
7138,336,257
7139,336,258
7140,336,259
7141,336,260
7142,336,261
7143,336,284
7144,336,285
7145,336,286
7146,336,287
7147,336,288
7148,336,289
7149,336,290
7150,336,291
7151,336,292
7152,336,293
7153,336,294
7154,336,295
7155,336,296
7156,336,297
7157,336,298
7158,336,299
7159,336,300
7160,336,301
7161,336,302
7162,336,303
7163,336,304
7164,336,305
7165,336,306
7166,336,307
7167,336,308
7168,336,309
7169,336,310
7170,336,311
7171,336,312
7172,336,313
7173,336,314
7174,336,315
7175,336,316
7176,336,317
7177,336,318
7178,336,319
7179,336,329
7180,336,330
7181,336,331
7182,336,332
7183,336,333
7184,336,334
7185,336,335
7186,336,336
7187,336,337
7188,336,338
7189,336,339
7190,336,340
7191,336,341
7192,336,342
7193,336,343
7194,336,344
7195,336,345
7196,336,346
7197,336,347
7198,336,348
7199,336,349
7200,336,350
7201,336,351
7202,336,352
7203,336,353
7204,336,354
7205,336,355
7206,336,356
7207,336,357
7208,336,358
7209,336,359
7210,336,360
7211,336,361
7212,336,362
7213,336,363
7214,336,364
7215,336,365
7216,336,366
7217,336,367
7218,336,368
7219,336,369
7220,336,370
7221,336,371
7222,336,372
7223,336,373
7224,336,374
7225,336,375
7226,336,376
7227,336,377
7228,336,378
7229,336,379
7230,336,380
7231,336,381
7232,336,382
7233,336,383
7234,336,384
7235,337,247
7236,337,248
7237,337,249
7238,337,250
7239,337,251
7240,337,252
7241,337,253
7242,337,254
7243,337,255
7244,337,256
7245,337,257
7246,337,258
7247,337,259
7248,337,260
7249,337,261
7250,337,284
7251,337,285
7252,337,286
7253,337,287
7254,337,288
7255,337,289
7256,337,290
7257,337,291
7258,337,292
7259,337,293
7260,337,294
7261,337,295
7262,337,296
7263,337,297
7264,337,298
7265,337,299
7266,337,300
7267,337,301
7268,337,302
7269,337,303
7270,337,304
7271,337,305
7272,337,306
7273,337,307
7274,337,308
7275,337,309
7276,337,310
7277,337,311
7278,337,312
7279,337,313
7280,337,314
7281,337,315
7282,337,316
7283,337,317
7284,337,318
7285,337,319
7286,337,329
7287,337,330
7288,337,331
7289,337,332
7290,337,333
7291,337,334
7292,337,335
7293,337,336
7294,337,337
7295,337,338
7296,337,339
7297,337,340
7298,337,341
7299,337,342
7300,337,343
7301,337,344
7302,337,345
7303,337,346
7304,337,347
7305,337,348
7306,337,349
7307,337,350
7308,337,351
7309,337,352
7310,337,353
7311,337,354
7312,337,355
7313,337,356
7314,337,357
7315,337,358
7316,337,359
7317,337,360
7318,337,361
7319,337,362
7320,337,363
7321,337,364
7322,337,365
7323,337,366
7324,337,367
7325,337,368
7326,337,369
7327,337,370
7328,337,371
7329,337,372
7330,337,373
7331,337,374
7332,337,375
7333,337,376
7334,337,377
7335,337,378
7336,337,379
7337,337,380
7338,337,381
7339,337,382
7340,337,383
7341,337,384
7342,338,247
7343,338,248
7344,338,249
7345,338,250
7346,338,251
7347,338,252
7348,338,253
7349,338,254
7350,338,255
7351,338,256
7352,338,257
7353,338,258
7354,338,259
7355,338,260
7356,338,261
7357,338,284
7358,338,285
7359,338,286
7360,338,287
7361,338,288
7362,338,289
7363,338,290
7364,338,291
7365,338,292
7366,338,293
7367,338,294
7368,338,295
7369,338,296
7370,338,297
7371,338,298
7372,338,299
7373,338,300
7374,338,301
7375,338,302
7376,338,303
7377,338,304
7378,338,305
7379,338,306
7380,338,307
7381,338,308
7382,338,309
7383,338,310
7384,338,311
7385,338,312
7386,338,313
7387,338,314
7388,338,315
7389,338,316
7390,338,317
7391,338,318
7392,338,319
7393,338,329
7394,338,330
7395,338,331
7396,338,332
7397,338,333
7398,338,334
7399,338,335
7400,338,336
7401,338,337
7402,338,338
7403,338,339
7404,338,340
7405,338,341
7406,338,342
7407,338,343
7408,338,344
7409,338,345
7410,338,346
7411,338,347
7412,338,348
7413,338,349
7414,338,350
7415,338,351
7416,338,352
7417,338,353
7418,338,354
7419,338,355
7420,338,356
7421,338,357
7422,338,358
7423,338,359
7424,338,360
7425,338,361
7426,338,362
7427,338,363
7428,338,364
7429,338,365
7430,338,366
7431,338,367
7432,338,368
7433,338,369
7434,338,370
7435,338,371
7436,338,372
7437,338,373
7438,338,374
7439,338,375
7440,338,376
7441,338,377
7442,338,378
7443,338,379
7444,338,380
7445,338,381
7446,338,382
7447,338,383
7448,338,384
7449,339,247
7450,339,248
7451,339,249
7452,339,250
7453,339,251
7454,339,252
7455,339,253
7456,339,254
7457,339,255
7458,339,256
7459,339,257
7460,339,258
7461,339,259
7462,339,260
7463,339,261
7464,339,284
7465,339,285
7466,339,286
7467,339,287
7468,339,288
7469,339,289
7470,339,290
7471,339,291
7472,339,292
7473,339,293
7474,339,294
7475,339,295
7476,339,296
7477,339,297
7478,339,298
7479,339,299
7480,339,300
7481,339,301
7482,339,302
7483,339,303
7484,339,304
7485,339,305
7486,339,306
7487,339,307
7488,339,308
7489,339,309
7490,339,310
7491,339,311
7492,339,312
7493,339,313
7494,339,314
7495,339,315
7496,339,316
7497,339,317
7498,339,318
7499,339,319
7500,339,329
7501,339,330
7502,339,331
7503,339,332
7504,339,333
7505,339,334
7506,339,335
7507,339,336
7508,339,337
7509,339,338
7510,339,339
7511,339,340
7512,339,341
7513,339,342
7514,339,343
7515,339,344
7516,339,345
7517,339,346
7518,339,347
7519,339,348
7520,339,349
7521,339,350
7522,339,351
7523,339,352
7524,339,353
7525,339,354
7526,339,355
7527,339,356
7528,339,357
7529,339,358
7530,339,359
7531,339,360
7532,339,361
7533,339,362
7534,339,363
7535,339,364
7536,339,365
7537,339,366
7538,339,367
7539,339,368
7540,339,369
7541,339,370
7542,339,371
7543,339,372
7544,339,373
7545,339,374
7546,339,375
7547,339,376
7548,339,377
7549,339,378
7550,339,379
7551,339,380
7552,339,381
7553,339,382
7554,339,383
7555,339,384
7556,340,247
7557,340,248
7558,340,249
7559,340,250
7560,340,251
7561,340,252
7562,340,253
7563,340,254
7564,340,255
7565,340,256
7566,340,257
7567,340,258
7568,340,259
7569,340,260
7570,340,261
7571,340,284
7572,340,285
7573,340,286
7574,340,287
7575,340,288
7576,340,289
7577,340,290
7578,340,291
7579,340,292
7580,340,293
7581,340,294
7582,340,295
7583,340,296
7584,340,297
7585,340,298
7586,340,299
7587,340,300
7588,340,301
7589,340,302
7590,340,303
7591,340,304
7592,340,305
7593,340,306
7594,340,307
7595,340,308
7596,340,309
7597,340,310
7598,340,311
7599,340,312
7600,340,313
7601,340,314
7602,340,315
7603,340,316
7604,340,317
7605,340,318
7606,340,319
7607,340,329
7608,340,330
7609,340,331
7610,340,332
7611,340,333
7612,340,334
7613,340,335
7614,340,336
7615,340,337
7616,340,338
7617,340,339
7618,340,340
7619,340,341
7620,340,342
7621,340,343
7622,340,344
7623,340,345
7624,340,346
7625,340,347
7626,340,348
7627,340,349
7628,340,350
7629,340,351
7630,340,352
7631,340,353
7632,340,354
7633,340,355
7634,340,356
7635,340,357
7636,340,358
7637,340,359
7638,340,360
7639,340,361
7640,340,362
7641,340,363
7642,340,364
7643,340,365
7644,340,366
7645,340,367
7646,340,368
7647,340,369
7648,340,370
7649,340,371
7650,340,372
7651,340,373
7652,340,374
7653,340,375
7654,340,376
7655,340,377
7656,340,378
7657,340,379
7658,340,380
7659,340,381
7660,340,382
7661,340,383
7662,340,384
7663,341,247
7664,341,248
7665,341,249
7666,341,250
7667,341,251
7668,341,252
7669,341,253
7670,341,254
7671,341,255
7672,341,256
7673,341,257
7674,341,258
7675,341,259
7676,341,260
7677,341,261
7678,341,284
7679,341,285
7680,341,286
7681,341,287
7682,341,288
7683,341,289
7684,341,290
7685,341,291
7686,341,292
7687,341,293
7688,341,294
7689,341,295
7690,341,296
7691,341,297
7692,341,298
7693,341,299
7694,341,300
7695,341,301
7696,341,302
7697,341,303
7698,341,304
7699,341,305
7700,341,306
7701,341,307
7702,341,308
7703,341,309
7704,341,310
7705,341,311
7706,341,312
7707,341,313
7708,341,314
7709,341,315
7710,341,316
7711,341,317
7712,341,318
7713,341,319
7714,341,320
7715,341,329
7716,341,330
7717,341,331
7718,341,332
7719,341,333
7720,341,334
7721,341,335
7722,341,336
7723,341,337
7724,341,338
7725,341,339
7726,341,340
7727,341,341
7728,341,342
7729,341,343
7730,341,344
7731,341,345
7732,341,346
7733,341,347
7734,341,348
7735,341,349
7736,341,350
7737,341,351
7738,341,352
7739,341,353
7740,341,354
7741,341,355
7742,341,356
7743,341,357
7744,341,358
7745,341,359
7746,341,360
7747,341,361
7748,341,362
7749,341,363
7750,341,364
7751,341,365
7752,341,366
7753,341,367
7754,341,368
7755,341,369
7756,341,370
7757,341,371
7758,341,372
7759,341,373
7760,341,374
7761,341,375
7762,341,376
7763,341,377
7764,341,378
7765,341,379
7766,341,380
7767,341,381
7768,341,382
7769,341,383
7770,341,384
7771,342,247
7772,342,248
7773,342,249
7774,342,250
7775,342,251
7776,342,252
7777,342,253
7778,342,254
7779,342,255
7780,342,256
7781,342,257
7782,342,258
7783,342,259
7784,342,260
7785,342,261
7786,342,284
7787,342,285
7788,342,286
7789,342,287
7790,342,288
7791,342,289
7792,342,290
7793,342,291
7794,342,292
7795,342,293
7796,342,294
7797,342,295
7798,342,296
7799,342,297
7800,342,298
7801,342,299
7802,342,300
7803,342,301
7804,342,302
7805,342,303
7806,342,304
7807,342,305
7808,342,306
7809,342,307
7810,342,308
7811,342,309
7812,342,310
7813,342,311
7814,342,312
7815,342,313
7816,342,314
7817,342,315
7818,342,316
7819,342,317
7820,342,318
7821,342,319
7822,342,320
7823,342,321
7824,342,322
7825,342,323
7826,342,324
7827,342,325
7828,342,326
7829,342,327
7830,342,328
7831,342,329
7832,342,330
7833,342,331
7834,342,332
7835,342,333
7836,342,334
7837,342,335
7838,342,336
7839,342,337
7840,342,338
7841,342,339
7842,342,340
7843,342,341
7844,342,342
7845,342,343
7846,342,344
7847,342,345
7848,342,346
7849,342,347
7850,342,348
7851,342,349
7852,342,350
7853,342,351
7854,342,352
7855,342,353
7856,342,354
7857,342,355
7858,342,356
7859,342,357
7860,342,358
7861,342,359
7862,342,360
7863,342,361
7864,342,362
7865,342,363
7866,342,364
7867,342,365
7868,342,366
7869,342,367
7870,342,368
7871,342,369
7872,342,370
7873,342,371
7874,342,372
7875,342,373
7876,342,374
7877,342,375
7878,342,376
7879,342,377
7880,342,378
7881,342,379
7882,342,380
7883,342,381
7884,342,382
7885,342,383
7886,342,384
7887,343,247
7888,343,248
7889,343,249
7890,343,250
7891,343,251
7892,343,252
7893,343,253
7894,343,254
7895,343,255
7896,343,256
7897,343,257
7898,343,258
7899,343,259
7900,343,260
7901,343,261
7902,343,284
7903,343,285
7904,343,286
7905,343,287
7906,343,288
7907,343,289
7908,343,290
7909,343,291
7910,343,292
7911,343,293
7912,343,294
7913,343,295
7914,343,296
7915,343,297
7916,343,298
7917,343,299
7918,343,300
7919,343,301
7920,343,302
7921,343,303
7922,343,304
7923,343,305
7924,343,306
7925,343,307
7926,343,308
7927,343,309
7928,343,310
7929,343,311
7930,343,312
7931,343,313
7932,343,314
7933,343,315
7934,343,316
7935,343,317
7936,343,318
7937,343,319
7938,343,320
7939,343,321
7940,343,322
7941,343,323
7942,343,324
7943,343,325
7944,343,326
7945,343,327
7946,343,328
7947,343,329
7948,343,330
7949,343,331
7950,343,332
7951,343,333
7952,343,334
7953,343,335
7954,343,336
7955,343,337
7956,343,338
7957,343,339
7958,343,340
7959,343,341
7960,343,342
7961,343,343
7962,343,344
7963,343,345
7964,343,346
7965,343,347
7966,343,348
7967,343,349
7968,343,350
7969,343,351
7970,343,352
7971,343,353
7972,343,354
7973,343,355
7974,343,356
7975,343,357
7976,343,358
7977,343,359
7978,343,360
7979,343,361
7980,343,362
7981,343,363
7982,343,364
7983,343,365
7984,343,366
7985,343,367
7986,343,368
7987,343,369
7988,343,370
7989,343,371
7990,343,372
7991,343,373
7992,343,374
7993,343,375
7994,343,376
7995,343,377
7996,343,378
7997,343,379
7998,343,380
7999,343,381
8000,343,382
8001,343,383
8002,343,384
8003,344,247
8004,344,248
8005,344,249
8006,344,250
8007,344,251
8008,344,252
8009,344,253
8010,344,254
8011,344,255
8012,344,256
8013,344,257
8014,344,258
8015,344,259
8016,344,260
8017,344,261
8018,344,284
8019,344,285
8020,344,286
8021,344,287
8022,344,288
8023,344,289
8024,344,290
8025,344,291
8026,344,292
8027,344,293
8028,344,294
8029,344,295
8030,344,296
8031,344,297
8032,344,298
8033,344,299
8034,344,300
8035,344,301
8036,344,302
8037,344,303
8038,344,304
8039,344,305
8040,344,306
8041,344,307
8042,344,308
8043,344,309
8044,344,310
8045,344,311
8046,344,312
8047,344,313
8048,344,314
8049,344,315
8050,344,316
8051,344,317
8052,344,318
8053,344,319
8054,344,320
8055,344,321
8056,344,322
8057,344,323
8058,344,324
8059,344,325
8060,344,326
8061,344,327
8062,344,328
8063,344,329
8064,344,330
8065,344,331
8066,344,332
8067,344,333
8068,344,334
8069,344,335
8070,344,336
8071,344,337
8072,344,338
8073,344,339
8074,344,340
8075,344,341
8076,344,342
8077,344,343
8078,344,344
8079,344,345
8080,344,346
8081,344,347
8082,344,348
8083,344,349
8084,344,350
8085,344,351
8086,344,352
8087,344,353
8088,344,354
8089,344,355
8090,344,356
8091,344,357
8092,344,358
8093,344,359
8094,344,360
8095,344,361
8096,344,362
8097,344,363
8098,344,364
8099,344,365
8100,344,366
8101,344,367
8102,344,368
8103,344,369
8104,344,370
8105,344,371
8106,344,372
8107,344,373
8108,344,374
8109,344,375
8110,344,376
8111,344,377
8112,344,378
8113,344,379
8114,344,380
8115,344,381
8116,344,382
8117,344,383
8118,344,384
8119,345,247
8120,345,248
8121,345,249
8122,345,250
8123,345,251
8124,345,252
8125,345,253
8126,345,254
8127,345,255
8128,345,256
8129,345,257
8130,345,258
8131,345,259
8132,345,260
8133,345,261
8134,345,284
8135,345,285
8136,345,286
8137,345,287
8138,345,288
8139,345,289
8140,345,290
8141,345,291
8142,345,292
8143,345,293
8144,345,294
8145,345,295
8146,345,296
8147,345,297
8148,345,298
8149,345,299
8150,345,300
8151,345,301
8152,345,302
8153,345,303
8154,345,304
8155,345,305
8156,345,306
8157,345,307
8158,345,308
8159,345,309
8160,345,310
8161,345,311
8162,345,312
8163,345,313
8164,345,314
8165,345,315
8166,345,316
8167,345,317
8168,345,318
8169,345,319
8170,345,320
8171,345,321
8172,345,322
8173,345,323
8174,345,324
8175,345,325
8176,345,326
8177,345,327
8178,345,328
8179,345,329
8180,345,330
8181,345,331
8182,345,332
8183,345,333
8184,345,334
8185,345,335
8186,345,336
8187,345,337
8188,345,338
8189,345,339
8190,345,340
8191,345,341
8192,345,342
8193,345,343
8194,345,344
8195,345,345
8196,345,346
8197,345,347
8198,345,348
8199,345,349
8200,345,350
8201,345,351
8202,345,352
8203,345,353
8204,345,354
8205,345,355
8206,345,356
8207,345,357
8208,345,358
8209,345,359
8210,345,360
8211,345,361
8212,345,362
8213,345,363
8214,345,364
8215,345,365
8216,345,366
8217,345,367
8218,345,368
8219,345,369
8220,345,370
8221,345,371
8222,345,372
8223,345,373
8224,345,374
8225,345,375
8226,345,376
8227,345,377
8228,345,378
8229,345,379
8230,345,380
8231,345,381
8232,345,382
8233,345,383
8234,345,384
8235,346,247
8236,346,248
8237,346,249
8238,346,250
8239,346,251
8240,346,252
8241,346,253
8242,346,254
8243,346,255
8244,346,256
8245,346,257
8246,346,258
8247,346,259
8248,346,260
8249,346,261
8250,346,284
8251,346,285
8252,346,286
8253,346,287
8254,346,288
8255,346,289
8256,346,290
8257,346,291
8258,346,292
8259,346,293
8260,346,294
8261,346,295
8262,346,296
8263,346,297
8264,346,298
8265,346,299
8266,346,300
8267,346,301
8268,346,302
8269,346,303
8270,346,304
8271,346,305
8272,346,306
8273,346,307
8274,346,308
8275,346,309
8276,346,310
8277,346,311
8278,346,312
8279,346,313
8280,346,314
8281,346,315
8282,346,316
8283,346,317
8284,346,318
8285,346,319
8286,346,320
8287,346,321
8288,346,322
8289,346,323
8290,346,324
8291,346,325
8292,346,326
8293,346,327
8294,346,328
8295,346,329
8296,346,330
8297,346,331
8298,346,332
8299,346,333
8300,346,334
8301,346,335
8302,346,336
8303,346,337
8304,346,338
8305,346,339
8306,346,340
8307,346,341
8308,346,342
8309,346,343
8310,346,344
8311,346,345
8312,346,346
8313,346,347
8314,346,348
8315,346,349
8316,346,350
8317,346,351
8318,346,352
8319,346,353
8320,346,354
8321,346,355
8322,346,356
8323,346,357
8324,346,358
8325,346,359
8326,346,360
8327,346,361
8328,346,362
8329,346,363
8330,346,364
8331,346,365
8332,346,366
8333,346,367
8334,346,368
8335,346,369
8336,346,370
8337,346,371
8338,346,372
8339,346,373
8340,346,374
8341,346,375
8342,346,376
8343,346,377
8344,346,378
8345,346,379
8346,346,380
8347,346,381
8348,346,382
8349,346,383
8350,346,384
8351,347,247
8352,347,248
8353,347,249
8354,347,250
8355,347,251
8356,347,252
8357,347,253
8358,347,254
8359,347,255
8360,347,256
8361,347,257
8362,347,258
8363,347,259
8364,347,260
8365,347,261
8366,347,284
8367,347,285
8368,347,286
8369,347,287
8370,347,288
8371,347,289
8372,347,290
8373,347,291
8374,347,292
8375,347,293
8376,347,294
8377,347,295
8378,347,296
8379,347,297
8380,347,298
8381,347,299
8382,347,300
8383,347,301
8384,347,302
8385,347,303
8386,347,304
8387,347,305
8388,347,306
8389,347,307
8390,347,308
8391,347,309
8392,347,310
8393,347,311
8394,347,312
8395,347,313
8396,347,314
8397,347,315
8398,347,316
8399,347,317
8400,347,318
8401,347,319
8402,347,320
8403,347,321
8404,347,322
8405,347,323
8406,347,324
8407,347,325
8408,347,326
8409,347,327
8410,347,328
8411,347,329
8412,347,330
8413,347,331
8414,347,332
8415,347,333
8416,347,334
8417,347,335
8418,347,336
8419,347,337
8420,347,338
8421,347,339
8422,347,340
8423,347,341
8424,347,342
8425,347,343
8426,347,344
8427,347,345
8428,347,346
8429,347,347
8430,347,348
8431,347,349
8432,347,350
8433,347,351
8434,347,352
8435,347,353
8436,347,354
8437,347,355
8438,347,356
8439,347,357
8440,347,358
8441,347,359
8442,347,360
8443,347,361
8444,347,362
8445,347,363
8446,347,364
8447,347,365
8448,347,366
8449,347,367
8450,347,368
8451,347,369
8452,347,370
8453,347,371
8454,347,372
8455,347,373
8456,347,374
8457,347,375
8458,347,376
8459,347,377
8460,347,378
8461,347,379
8462,347,380
8463,347,381
8464,347,382
8465,347,383
8466,347,384
8467,348,247
8468,348,248
8469,348,249
8470,348,250
8471,348,251
8472,348,252
8473,348,253
8474,348,254
8475,348,255
8476,348,256
8477,348,257
8478,348,258
8479,348,259
8480,348,260
8481,348,261
8482,348,284
8483,348,285
8484,348,286
8485,348,287
8486,348,288
8487,348,289
8488,348,290
8489,348,291
8490,348,292
8491,348,293
8492,348,294
8493,348,295
8494,348,296
8495,348,297
8496,348,298
8497,348,299
8498,348,300
8499,348,301
8500,348,302
8501,348,303
8502,348,304
8503,348,305
8504,348,306
8505,348,307
8506,348,308
8507,348,309
8508,348,310
8509,348,311
8510,348,312
8511,348,313
8512,348,314
8513,348,315
8514,348,316
8515,348,317
8516,348,318
8517,348,319
8518,348,320
8519,348,321
8520,348,322
8521,348,323
8522,348,324
8523,348,325
8524,348,326
8525,348,327
8526,348,328
8527,348,329
8528,348,330
8529,348,331
8530,348,332
8531,348,333
8532,348,334
8533,348,335
8534,348,336
8535,348,337
8536,348,338
8537,348,339
8538,348,340
8539,348,341
8540,348,342
8541,348,343
8542,348,344
8543,348,345
8544,348,346
8545,348,347
8546,348,348
8547,348,349
8548,348,350
8549,348,351
8550,348,352
8551,348,353
8552,348,354
8553,348,355
8554,348,356
8555,348,357
8556,348,358
8557,348,359
8558,348,360
8559,348,361
8560,348,362
8561,348,363
8562,348,364
8563,348,365
8564,348,366
8565,348,367
8566,348,368
8567,348,369
8568,348,370
8569,348,371
8570,348,372
8571,348,373
8572,348,374
8573,348,375
8574,348,376
8575,348,377
8576,348,378
8577,348,379
8578,348,380
8579,348,381
8580,348,382
8581,348,383
8582,348,384
8583,349,247
8584,349,248
8585,349,249
8586,349,250
8587,349,251
8588,349,252
8589,349,253
8590,349,254
8591,349,255
8592,349,256
8593,349,257
8594,349,258
8595,349,259
8596,349,260
8597,349,261
8598,349,284
8599,349,285
8600,349,286
8601,349,287
8602,349,288
8603,349,289
8604,349,290
8605,349,291
8606,349,292
8607,349,293
8608,349,294
8609,349,295
8610,349,296
8611,349,297
8612,349,298
8613,349,299
8614,349,300
8615,349,301
8616,349,302
8617,349,303
8618,349,304
8619,349,305
8620,349,306
8621,349,307
8622,349,308
8623,349,309
8624,349,310
8625,349,311
8626,349,312
8627,349,313
8628,349,314
8629,349,315
8630,349,316
8631,349,317
8632,349,318
8633,349,319
8634,349,320
8635,349,321
8636,349,322
8637,349,323
8638,349,324
8639,349,325
8640,349,326
8641,349,327
8642,349,328
8643,349,329
8644,349,330
8645,349,331
8646,349,332
8647,349,333
8648,349,334
8649,349,335
8650,349,336
8651,349,337
8652,349,338
8653,349,339
8654,349,340
8655,349,341
8656,349,342
8657,349,343
8658,349,344
8659,349,345
8660,349,346
8661,349,347
8662,349,348
8663,349,349
8664,349,350
8665,349,351
8666,349,352
8667,349,353
8668,349,354
8669,349,355
8670,349,356
8671,349,357
8672,349,358
8673,349,359
8674,349,360
8675,349,361
8676,349,362
8677,349,363
8678,349,364
8679,349,365
8680,349,366
8681,349,367
8682,349,368
8683,349,369
8684,349,370
8685,349,371
8686,349,372
8687,349,373
8688,349,374
8689,349,375
8690,349,376
8691,349,377
8692,349,378
8693,349,379
8694,349,380
8695,349,381
8696,349,382
8697,349,383
8698,349,384
8699,350,247
8700,350,248
8701,350,249
8702,350,250
8703,350,251
8704,350,252
8705,350,253
8706,350,254
8707,350,255
8708,350,256
8709,350,257
8710,350,258
8711,350,259
8712,350,260
8713,350,261
8714,350,284
8715,350,285
8716,350,286
8717,350,287
8718,350,288
8719,350,289
8720,350,290
8721,350,291
8722,350,292
8723,350,293
8724,350,294
8725,350,295
8726,350,296
8727,350,297
8728,350,298
8729,350,299
8730,350,300
8731,350,301
8732,350,302
8733,350,303
8734,350,304
8735,350,305
8736,350,306
8737,350,307
8738,350,308
8739,350,309
8740,350,310
8741,350,311
8742,350,312
8743,350,313
8744,350,314
8745,350,315
8746,350,316
8747,350,317
8748,350,318
8749,350,319
8750,350,320
8751,350,321
8752,350,322
8753,350,323
8754,350,324
8755,350,325
8756,350,326
8757,350,327
8758,350,328
8759,350,329
8760,350,330
8761,350,331
8762,350,332
8763,350,333
8764,350,334
8765,350,335
8766,350,336
8767,350,337
8768,350,338
8769,350,339
8770,350,340
8771,350,341
8772,350,342
8773,350,343
8774,350,344
8775,350,345
8776,350,346
8777,350,347
8778,350,348
8779,350,349
8780,350,350
8781,350,351
8782,350,352
8783,350,353
8784,350,354
8785,350,355
8786,350,356
8787,350,357
8788,350,358
8789,350,359
8790,350,360
8791,350,361
8792,350,362
8793,350,363
8794,350,364
8795,350,365
8796,350,366
8797,350,367
8798,350,368
8799,350,369
8800,350,370
8801,350,371
8802,350,372
8803,350,373
8804,350,374
8805,350,375
8806,350,376
8807,350,377
8808,350,378
8809,350,379
8810,350,380
8811,350,381
8812,350,382
8813,350,383
8814,350,384
8815,351,247
8816,351,248
8817,351,249
8818,351,250
8819,351,251
8820,351,252
8821,351,253
8822,351,254
8823,351,255
8824,351,256
8825,351,257
8826,351,258
8827,351,259
8828,351,260
8829,351,261
8830,351,284
8831,351,285
8832,351,286
8833,351,287
8834,351,288
8835,351,289
8836,351,290
8837,351,291
8838,351,292
8839,351,293
8840,351,294
8841,351,295
8842,351,296
8843,351,297
8844,351,298
8845,351,299
8846,351,300
8847,351,301
8848,351,302
8849,351,303
8850,351,304
8851,351,305
8852,351,306
8853,351,307
8854,351,308
8855,351,309
8856,351,310
8857,351,311
8858,351,312
8859,351,313
8860,351,314
8861,351,315
8862,351,316
8863,351,317
8864,351,318
8865,351,319
8866,351,320
8867,351,321
8868,351,322
8869,351,323
8870,351,324
8871,351,325
8872,351,326
8873,351,327
8874,351,328
8875,351,329
8876,351,330
8877,351,331
8878,351,332
8879,351,333
8880,351,334
8881,351,335
8882,351,336
8883,351,337
8884,351,338
8885,351,339
8886,351,340
8887,351,341
8888,351,342
8889,351,343
8890,351,344
8891,351,345
8892,351,346
8893,351,347
8894,351,348
8895,351,349
8896,351,350
8897,351,351
8898,351,352
8899,351,353
8900,351,354
8901,351,355
8902,351,356
8903,351,357
8904,351,358
8905,351,359
8906,351,360
8907,351,361
8908,351,362
8909,351,363
8910,351,364
8911,351,365
8912,351,366
8913,351,367
8914,351,368
8915,351,369
8916,351,370
8917,351,371
8918,351,372
8919,351,373
8920,351,374
8921,351,375
8922,351,376
8923,351,377
8924,351,378
8925,351,379
8926,351,380
8927,351,381
8928,351,382
8929,351,383
8930,351,384
8931,352,247
8932,352,248
8933,352,249
8934,352,250
8935,352,251
8936,352,252
8937,352,253
8938,352,254
8939,352,255
8940,352,256
8941,352,257
8942,352,258
8943,352,259
8944,352,260
8945,352,261
8946,352,284
8947,352,285
8948,352,286
8949,352,287
8950,352,288
8951,352,289
8952,352,290
8953,352,291
8954,352,292
8955,352,293
8956,352,294
8957,352,295
8958,352,296
8959,352,297
8960,352,298
8961,352,299
8962,352,300
8963,352,301
8964,352,302
8965,352,303
8966,352,304
8967,352,305
8968,352,306
8969,352,307
8970,352,308
8971,352,309
8972,352,310
8973,352,311
8974,352,312
8975,352,313
8976,352,314
8977,352,315
8978,352,316
8979,352,317
8980,352,318
8981,352,319
8982,352,320
8983,352,321
8984,352,322
8985,352,323
8986,352,324
8987,352,325
8988,352,326
8989,352,327
8990,352,328
8991,352,329
8992,352,330
8993,352,331
8994,352,332
8995,352,333
8996,352,334
8997,352,335
8998,352,336
8999,352,337
9000,352,338
9001,352,339
9002,352,340
9003,352,341
9004,352,342
9005,352,343
9006,352,344
9007,352,345
9008,352,346
9009,352,347
9010,352,348
9011,352,349
9012,352,350
9013,352,351
9014,352,352
9015,352,353
9016,352,354
9017,352,355
9018,352,356
9019,352,357
9020,352,358
9021,352,359
9022,352,360
9023,352,361
9024,352,362
9025,352,363
9026,352,364
9027,352,365
9028,352,366
9029,352,367
9030,352,368
9031,352,369
9032,352,370
9033,352,371
9034,352,372
9035,352,373
9036,352,374
9037,352,375
9038,352,376
9039,352,377
9040,352,378
9041,352,379
9042,352,380
9043,352,381
9044,352,382
9045,352,383
9046,352,384
9047,353,247
9048,353,248
9049,353,249
9050,353,250
9051,353,251
9052,353,252
9053,353,253
9054,353,254
9055,353,255
9056,353,256
9057,353,257
9058,353,258
9059,353,259
9060,353,260
9061,353,261
9062,353,284
9063,353,285
9064,353,286
9065,353,287
9066,353,288
9067,353,289
9068,353,290
9069,353,291
9070,353,292
9071,353,293
9072,353,294
9073,353,295
9074,353,296
9075,353,297
9076,353,298
9077,353,299
9078,353,300
9079,353,301
9080,353,302
9081,353,303
9082,353,304
9083,353,305
9084,353,306
9085,353,307
9086,353,308
9087,353,309
9088,353,310
9089,353,311
9090,353,312
9091,353,313
9092,353,314
9093,353,315
9094,353,316
9095,353,317
9096,353,318
9097,353,319
9098,353,320
9099,353,321
9100,353,322
9101,353,323
9102,353,324
9103,353,325
9104,353,326
9105,353,327
9106,353,328
9107,353,329
9108,353,330
9109,353,331
9110,353,332
9111,353,333
9112,353,334
9113,353,335
9114,353,336
9115,353,337
9116,353,338
9117,353,339
9118,353,340
9119,353,341
9120,353,342
9121,353,343
9122,353,344
9123,353,345
9124,353,346
9125,353,347
9126,353,348
9127,353,349
9128,353,350
9129,353,351
9130,353,352
9131,353,353
9132,353,354
9133,353,355
9134,353,356
9135,353,357
9136,353,358
9137,353,359
9138,353,360
9139,353,361
9140,353,362
9141,353,363
9142,353,364
9143,353,365
9144,353,366
9145,353,367
9146,353,368
9147,353,369
9148,353,370
9149,353,371
9150,353,372
9151,353,373
9152,353,374
9153,353,375
9154,353,376
9155,353,377
9156,353,378
9157,353,379
9158,353,380
9159,353,381
9160,353,382
9161,353,383
9162,353,384
9163,354,247
9164,354,248
9165,354,249
9166,354,250
9167,354,251
9168,354,252
9169,354,253
9170,354,254
9171,354,255
9172,354,256
9173,354,257
9174,354,258
9175,354,259
9176,354,260
9177,354,261
9178,354,284
9179,354,285
9180,354,286
9181,354,287
9182,354,288
9183,354,289
9184,354,290
9185,354,291
9186,354,292
9187,354,293
9188,354,294
9189,354,295
9190,354,296
9191,354,297
9192,354,298
9193,354,299
9194,354,300
9195,354,301
9196,354,302
9197,354,303
9198,354,304
9199,354,305
9200,354,306
9201,354,307
9202,354,308
9203,354,309
9204,354,310
9205,354,311
9206,354,312
9207,354,313
9208,354,314
9209,354,315
9210,354,316
9211,354,317
9212,354,318
9213,354,319
9214,354,320
9215,354,321
9216,354,322
9217,354,323
9218,354,324
9219,354,325
9220,354,326
9221,354,327
9222,354,328
9223,354,329
9224,354,330
9225,354,331
9226,354,332
9227,354,333
9228,354,334
9229,354,335
9230,354,336
9231,354,337
9232,354,338
9233,354,339
9234,354,340
9235,354,341
9236,354,342
9237,354,343
9238,354,344
9239,354,345
9240,354,346
9241,354,347
9242,354,348
9243,354,349
9244,354,350
9245,354,351
9246,354,352
9247,354,353
9248,354,354
9249,354,355
9250,354,356
9251,354,357
9252,354,358
9253,354,359
9254,354,360
9255,354,361
9256,354,362
9257,354,363
9258,354,364
9259,354,365
9260,354,366
9261,354,367
9262,354,368
9263,354,369
9264,354,370
9265,354,371
9266,354,372
9267,354,373
9268,354,374
9269,354,375
9270,354,376
9271,354,377
9272,354,378
9273,354,379
9274,354,380
9275,354,381
9276,354,382
9277,354,383
9278,354,384
9279,355,247
9280,355,248
9281,355,249
9282,355,250
9283,355,251
9284,355,252
9285,355,253
9286,355,254
9287,355,255
9288,355,256
9289,355,257
9290,355,258
9291,355,259
9292,355,260
9293,355,261
9294,355,284
9295,355,285
9296,355,286
9297,355,287
9298,355,288
9299,355,289
9300,355,290
9301,355,291
9302,355,292
9303,355,293
9304,355,294
9305,355,295
9306,355,296
9307,355,297
9308,355,298
9309,355,299
9310,355,300
9311,355,301
9312,355,302
9313,355,303
9314,355,304
9315,355,305
9316,355,306
9317,355,307
9318,355,308
9319,355,309
9320,355,310
9321,355,311
9322,355,312
9323,355,313
9324,355,314
9325,355,315
9326,355,316
9327,355,317
9328,355,318
9329,355,319
9330,355,329
9331,355,330
9332,355,331
9333,355,332
9334,355,333
9335,355,334
9336,355,335
9337,355,336
9338,355,337
9339,355,338
9340,355,339
9341,355,340
9342,355,341
9343,355,342
9344,355,343
9345,355,344
9346,355,345
9347,355,346
9348,355,347
9349,355,348
9350,355,349
9351,355,350
9352,355,351
9353,355,352
9354,355,353
9355,355,354
9356,355,355
9357,355,356
9358,355,357
9359,355,358
9360,355,359
9361,355,360
9362,355,361
9363,355,362
9364,355,363
9365,355,364
9366,355,365
9367,355,366
9368,355,367
9369,355,368
9370,355,369
9371,355,370
9372,355,371
9373,355,372
9374,355,373
9375,355,374
9376,355,375
9377,355,376
9378,355,377
9379,355,378
9380,355,379
9381,355,380
9382,355,381
9383,355,382
9384,355,383
9385,355,384
9386,356,247
9387,356,248
9388,356,249
9389,356,250
9390,356,251
9391,356,252
9392,356,253
9393,356,254
9394,356,255
9395,356,256
9396,356,257
9397,356,258
9398,356,259
9399,356,260
9400,356,261
9401,356,284
9402,356,285
9403,356,286
9404,356,287
9405,356,288
9406,356,289
9407,356,290
9408,356,291
9409,356,292
9410,356,293
9411,356,294
9412,356,295
9413,356,296
9414,356,297
9415,356,298
9416,356,299
9417,356,300
9418,356,301
9419,356,302
9420,356,303
9421,356,304
9422,356,305
9423,356,306
9424,356,307
9425,356,308
9426,356,309
9427,356,310
9428,356,311
9429,356,312
9430,356,313
9431,356,314
9432,356,315
9433,356,316
9434,356,317
9435,356,318
9436,356,319
9437,356,329
9438,356,330
9439,356,331
9440,356,332
9441,356,333
9442,356,334
9443,356,335
9444,356,336
9445,356,337
9446,356,338
9447,356,339
9448,356,340
9449,356,341
9450,356,342
9451,356,343
9452,356,344
9453,356,345
9454,356,346
9455,356,347
9456,356,348
9457,356,349
9458,356,350
9459,356,351
9460,356,352
9461,356,353
9462,356,354
9463,356,355
9464,356,356
9465,356,357
9466,356,358
9467,356,359
9468,356,360
9469,356,361
9470,356,362
9471,356,363
9472,356,364
9473,356,365
9474,356,366
9475,356,367
9476,356,368
9477,356,369
9478,356,370
9479,356,371
9480,356,372
9481,356,373
9482,356,374
9483,356,375
9484,356,376
9485,356,377
9486,356,378
9487,356,379
9488,356,380
9489,356,381
9490,356,382
9491,356,383
9492,356,384
9493,357,247
9494,357,248
9495,357,249
9496,357,250
9497,357,251
9498,357,252
9499,357,253
9500,357,254
9501,357,255
9502,357,256
9503,357,257
9504,357,258
9505,357,259
9506,357,260
9507,357,261
9508,357,284
9509,357,285
9510,357,286
9511,357,287
9512,357,288
9513,357,289
9514,357,290
9515,357,291
9516,357,292
9517,357,293
9518,357,294
9519,357,295
9520,357,296
9521,357,297
9522,357,298
9523,357,299
9524,357,300
9525,357,301
9526,357,302
9527,357,303
9528,357,304
9529,357,305
9530,357,306
9531,357,307
9532,357,308
9533,357,309
9534,357,310
9535,357,311
9536,357,312
9537,357,313
9538,357,314
9539,357,315
9540,357,316
9541,357,317
9542,357,318
9543,357,319
9544,357,329
9545,357,330
9546,357,331
9547,357,332
9548,357,333
9549,357,334
9550,357,335
9551,357,336
9552,357,337
9553,357,338
9554,357,339
9555,357,340
9556,357,341
9557,357,342
9558,357,343
9559,357,344
9560,357,345
9561,357,346
9562,357,347
9563,357,348
9564,357,349
9565,357,350
9566,357,351
9567,357,352
9568,357,353
9569,357,354
9570,357,355
9571,357,356
9572,357,357
9573,357,358
9574,357,359
9575,357,360
9576,357,361
9577,357,362
9578,357,363
9579,357,364
9580,357,365
9581,357,366
9582,357,367
9583,357,368
9584,357,369
9585,357,370
9586,357,371
9587,357,372
9588,357,373
9589,357,374
9590,357,375
9591,357,376
9592,357,377
9593,357,378
9594,357,379
9595,357,380
9596,357,381
9597,357,382
9598,357,383
9599,357,384
9600,358,247
9601,358,248
9602,358,249
9603,358,250
9604,358,251
9605,358,252
9606,358,253
9607,358,254
9608,358,255
9609,358,256
9610,358,257
9611,358,258
9612,358,259
9613,358,260
9614,358,261
9615,358,284
9616,358,285
9617,358,286
9618,358,287
9619,358,288
9620,358,289
9621,358,290
9622,358,291
9623,358,292
9624,358,293
9625,358,294
9626,358,295
9627,358,296
9628,358,297
9629,358,298
9630,358,299
9631,358,300
9632,358,301
9633,358,302
9634,358,303
9635,358,304
9636,358,305
9637,358,306
9638,358,307
9639,358,308
9640,358,309
9641,358,310
9642,358,311
9643,358,312
9644,358,313
9645,358,314
9646,358,315
9647,358,316
9648,358,317
9649,358,318
9650,358,319
9651,358,329
9652,358,330
9653,358,331
9654,358,332
9655,358,333
9656,358,334
9657,358,335
9658,358,336
9659,358,337
9660,358,338
9661,358,339
9662,358,340
9663,358,341
9664,358,342
9665,358,343
9666,358,344
9667,358,345
9668,358,346
9669,358,347
9670,358,348
9671,358,349
9672,358,350
9673,358,351
9674,358,352
9675,358,353
9676,358,354
9677,358,355
9678,358,356
9679,358,357
9680,358,358
9681,358,359
9682,358,360
9683,358,361
9684,358,362
9685,358,363
9686,358,364
9687,358,365
9688,358,366
9689,358,367
9690,358,368
9691,358,369
9692,358,370
9693,358,371
9694,358,372
9695,358,373
9696,358,374
9697,358,375
9698,358,376
9699,358,377
9700,358,378
9701,358,379
9702,358,380
9703,358,381
9704,358,382
9705,358,383
9706,358,384
9707,359,247
9708,359,248
9709,359,249
9710,359,250
9711,359,251
9712,359,252
9713,359,253
9714,359,254
9715,359,255
9716,359,256
9717,359,257
9718,359,258
9719,359,259
9720,359,260
9721,359,261
9722,359,284
9723,359,285
9724,359,286
9725,359,287
9726,359,288
9727,359,289
9728,359,290
9729,359,291
9730,359,292
9731,359,293
9732,359,294
9733,359,295
9734,359,296
9735,359,297
9736,359,298
9737,359,299
9738,359,300
9739,359,301
9740,359,302
9741,359,303
9742,359,304
9743,359,305
9744,359,306
9745,359,307
9746,359,308
9747,359,309
9748,359,310
9749,359,311
9750,359,312
9751,359,313
9752,359,314
9753,359,315
9754,359,316
9755,359,317
9756,359,318
9757,359,319
9758,359,329
9759,359,330
9760,359,331
9761,359,332
9762,359,333
9763,359,334
9764,359,335
9765,359,336
9766,359,337
9767,359,338
9768,359,339
9769,359,340
9770,359,341
9771,359,342
9772,359,343
9773,359,344
9774,359,345
9775,359,346
9776,359,347
9777,359,348
9778,359,349
9779,359,350
9780,359,351
9781,359,352
9782,359,353
9783,359,354
9784,359,355
9785,359,356
9786,359,357
9787,359,358
9788,359,359
9789,359,360
9790,359,361
9791,359,362
9792,359,363
9793,359,364
9794,359,365
9795,359,366
9796,359,367
9797,359,368
9798,359,369
9799,359,370
9800,359,371
9801,359,372
9802,359,373
9803,359,374
9804,359,375
9805,359,376
9806,359,377
9807,359,378
9808,359,379
9809,359,380
9810,359,381
9811,359,382
9812,359,383
9813,359,384
9814,359,385
9815,359,386
9816,359,387
9817,360,247
9818,360,248
9819,360,249
9820,360,250
9821,360,251
9822,360,252
9823,360,253
9824,360,254
9825,360,255
9826,360,256
9827,360,257
9828,360,258
9829,360,259
9830,360,260
9831,360,261
9832,360,284
9833,360,285
9834,360,286
9835,360,287
9836,360,288
9837,360,289
9838,360,290
9839,360,291
9840,360,292
9841,360,293
9842,360,294
9843,360,295
9844,360,296
9845,360,297
9846,360,298
9847,360,299
9848,360,300
9849,360,301
9850,360,302
9851,360,303
9852,360,304
9853,360,305
9854,360,306
9855,360,307
9856,360,308
9857,360,309
9858,360,310
9859,360,311
9860,360,312
9861,360,313
9862,360,314
9863,360,315
9864,360,316
9865,360,317
9866,360,318
9867,360,319
9868,360,329
9869,360,330
9870,360,331
9871,360,332
9872,360,333
9873,360,334
9874,360,335
9875,360,336
9876,360,337
9877,360,338
9878,360,339
9879,360,340
9880,360,341
9881,360,342
9882,360,343
9883,360,344
9884,360,345
9885,360,346
9886,360,347
9887,360,348
9888,360,349
9889,360,350
9890,360,351
9891,360,352
9892,360,353
9893,360,354
9894,360,355
9895,360,356
9896,360,357
9897,360,358
9898,360,359
9899,360,360
9900,360,361
9901,360,362
9902,360,363
9903,360,364
9904,360,365
9905,360,366
9906,360,367
9907,360,368
9908,360,369
9909,360,370
9910,360,371
9911,360,372
9912,360,373
9913,360,374
9914,360,375
9915,360,376
9916,360,377
9917,360,378
9918,360,379
9919,360,380
9920,360,381
9921,360,382
9922,360,383
9923,360,384
9924,360,385
9925,360,386
9926,360,387
9927,361,247
9928,361,248
9929,361,249
9930,361,250
9931,361,251
9932,361,252
9933,361,253
9934,361,254
9935,361,255
9936,361,256
9937,361,257
9938,361,258
9939,361,259
9940,361,260
9941,361,261
9942,361,284
9943,361,285
9944,361,286
9945,361,287
9946,361,288
9947,361,289
9948,361,290
9949,361,291
9950,361,292
9951,361,293
9952,361,294
9953,361,295
9954,361,296
9955,361,297
9956,361,298
9957,361,299
9958,361,300
9959,361,301
9960,361,302
9961,361,303
9962,361,304
9963,361,305
9964,361,306
9965,361,307
9966,361,308
9967,361,309
9968,361,310
9969,361,311
9970,361,312
9971,361,313
9972,361,314
9973,361,315
9974,361,316
9975,361,317
9976,361,318
9977,361,319
9978,361,329
9979,361,330
9980,361,331
9981,361,332
9982,361,333
9983,361,334
9984,361,335
9985,361,336
9986,361,337
9987,361,338
9988,361,339
9989,361,340
9990,361,341
9991,361,342
9992,361,343
9993,361,344
9994,361,345
9995,361,346
9996,361,347
9997,361,348
9998,361,349
9999,361,350
10000,361,351
10001,361,352
10002,361,353
10003,361,354
10004,361,355
10005,361,356
10006,361,357
10007,361,358
10008,361,359
10009,361,360
10010,361,361
10011,361,362
10012,361,363
10013,361,364
10014,361,365
10015,361,366
10016,361,367
10017,361,368
10018,361,369
10019,361,370
10020,361,371
10021,361,372
10022,361,373
10023,361,374
10024,361,375
10025,361,376
10026,361,377
10027,361,378
10028,361,379
10029,361,380
10030,361,381
10031,361,382
10032,361,383
10033,361,384
10034,361,385
10035,361,386
10036,361,387
10037,362,247
10038,362,248
10039,362,249
10040,362,250
10041,362,251
10042,362,252
10043,362,253
10044,362,254
10045,362,255
10046,362,256
10047,362,257
10048,362,258
10049,362,259
10050,362,260
10051,362,261
10052,362,284
10053,362,285
10054,362,286
10055,362,287
10056,362,288
10057,362,289
10058,362,290
10059,362,291
10060,362,292
10061,362,293
10062,362,294
10063,362,295
10064,362,296
10065,362,297
10066,362,298
10067,362,299
10068,362,300
10069,362,301
10070,362,302
10071,362,303
10072,362,304
10073,362,305
10074,362,306
10075,362,307
10076,362,308
10077,362,309
10078,362,310
10079,362,311
10080,362,312
10081,362,313
10082,362,314
10083,362,315
10084,362,316
10085,362,317
10086,362,318
10087,362,319
10088,362,329
10089,362,330
10090,362,331
10091,362,332
10092,362,333
10093,362,334
10094,362,335
10095,362,336
10096,362,337
10097,362,338
10098,362,339
10099,362,340
10100,362,341
10101,362,342
10102,362,343
10103,362,344
10104,362,345
10105,362,346
10106,362,347
10107,362,348
10108,362,349
10109,362,350
10110,362,351
10111,362,352
10112,362,353
10113,362,354
10114,362,355
10115,362,356
10116,362,357
10117,362,358
10118,362,359
10119,362,360
10120,362,361
10121,362,362
10122,362,363
10123,362,364
10124,362,365
10125,362,366
10126,362,367
10127,362,368
10128,362,369
10129,362,370
10130,362,371
10131,362,372
10132,362,373
10133,362,374
10134,362,375
10135,362,376
10136,362,377
10137,362,378
10138,362,379
10139,362,380
10140,362,381
10141,362,382
10142,362,383
10143,362,384
10144,362,385
10145,362,386
10146,362,387
10147,363,247
10148,363,248
10149,363,249
10150,363,250
10151,363,251
10152,363,252
10153,363,253
10154,363,254
10155,363,255
10156,363,256
10157,363,257
10158,363,258
10159,363,259
10160,363,260
10161,363,261
10162,363,284
10163,363,285
10164,363,286
10165,363,287
10166,363,288
10167,363,289
10168,363,290
10169,363,291
10170,363,292
10171,363,293
10172,363,294
10173,363,295
10174,363,296
10175,363,297
10176,363,298
10177,363,299
10178,363,300
10179,363,301
10180,363,302
10181,363,303
10182,363,304
10183,363,305
10184,363,306
10185,363,307
10186,363,308
10187,363,309
10188,363,310
10189,363,311
10190,363,312
10191,363,313
10192,363,314
10193,363,315
10194,363,316
10195,363,317
10196,363,318
10197,363,319
10198,363,329
10199,363,330
10200,363,331
10201,363,332
10202,363,333
10203,363,334
10204,363,335
10205,363,336
10206,363,337
10207,363,338
10208,363,339
10209,363,340
10210,363,341
10211,363,342
10212,363,343
10213,363,344
10214,363,345
10215,363,346
10216,363,347
10217,363,348
10218,363,349
10219,363,350
10220,363,351
10221,363,352
10222,363,353
10223,363,354
10224,363,355
10225,363,356
10226,363,357
10227,363,358
10228,363,359
10229,363,360
10230,363,361
10231,363,362
10232,363,363
10233,363,364
10234,363,365
10235,363,366
10236,363,367
10237,363,368
10238,363,369
10239,363,370
10240,363,371
10241,363,372
10242,363,373
10243,363,374
10244,363,375
10245,363,376
10246,363,377
10247,363,378
10248,363,379
10249,363,380
10250,363,381
10251,363,382
10252,363,383
10253,363,384
10254,363,385
10255,363,386
10256,364,247
10257,364,248
10258,364,249
10259,364,250
10260,364,251
10261,364,252
10262,364,253
10263,364,254
10264,364,255
10265,364,256
10266,364,257
10267,364,258
10268,364,259
10269,364,260
10270,364,261
10271,364,262
10272,364,263
10273,364,264
10274,364,265
10275,364,266
10276,364,267
10277,364,268
10278,364,269
10279,364,270
10280,364,271
10281,364,272
10282,364,273
10283,364,274
10284,364,275
10285,364,276
10286,364,277
10287,364,278
10288,364,279
10289,364,280
10290,364,281
10291,364,282
10292,364,283
10293,364,284
10294,364,285
10295,364,286
10296,364,287
10297,364,288
10298,364,289
10299,364,290
10300,364,291
10301,364,292
10302,364,293
10303,364,294
10304,364,295
10305,364,296
10306,364,297
10307,364,298
10308,364,299
10309,364,300
10310,364,301
10311,364,302
10312,364,303
10313,364,304
10314,364,305
10315,364,306
10316,364,307
10317,364,308
10318,364,309
10319,364,310
10320,364,311
10321,364,312
10322,364,313
10323,364,314
10324,364,315
10325,364,316
10326,364,317
10327,364,318
10328,364,319
10329,364,329
10330,364,330
10331,364,331
10332,364,332
10333,364,333
10334,364,334
10335,364,335
10336,364,336
10337,364,337
10338,364,338
10339,364,339
10340,364,340
10341,364,341
10342,364,342
10343,364,343
10344,364,344
10345,364,345
10346,364,346
10347,364,347
10348,364,348
10349,364,349
10350,364,350
10351,364,351
10352,364,352
10353,364,353
10354,364,354
10355,364,355
10356,364,356
10357,364,357
10358,364,358
10359,364,359
10360,364,360
10361,364,361
10362,364,362
10363,364,363
10364,364,364
10365,364,365
10366,364,366
10367,364,367
10368,364,368
10369,364,369
10370,364,370
10371,364,371
10372,364,372
10373,364,373
10374,364,374
10375,364,375
10376,364,376
10377,364,377
10378,364,378
10379,364,379
10380,364,380
10381,364,381
10382,364,382
10383,364,383
10384,364,384
10385,364,385
10386,364,386
10387,365,247
10388,365,248
10389,365,249
10390,365,250
10391,365,251
10392,365,252
10393,365,253
10394,365,254
10395,365,255
10396,365,256
10397,365,257
10398,365,258
10399,365,259
10400,365,260
10401,365,261
10402,365,262
10403,365,263
10404,365,264
10405,365,265
10406,365,266
10407,365,267
10408,365,268
10409,365,269
10410,365,270
10411,365,271
10412,365,272
10413,365,273
10414,365,274
10415,365,275
10416,365,276
10417,365,277
10418,365,278
10419,365,279
10420,365,280
10421,365,281
10422,365,282
10423,365,283
10424,365,284
10425,365,285
10426,365,286
10427,365,287
10428,365,288
10429,365,289
10430,365,290
10431,365,291
10432,365,292
10433,365,293
10434,365,294
10435,365,295
10436,365,296
10437,365,297
10438,365,298
10439,365,299
10440,365,300
10441,365,301
10442,365,302
10443,365,303
10444,365,304
10445,365,305
10446,365,306
10447,365,307
10448,365,308
10449,365,309
10450,365,310
10451,365,311
10452,365,312
10453,365,313
10454,365,314
10455,365,315
10456,365,316
10457,365,317
10458,365,318
10459,365,319
10460,365,329
10461,365,330
10462,365,331
10463,365,332
10464,365,333
10465,365,334
10466,365,335
10467,365,336
10468,365,337
10469,365,338
10470,365,339
10471,365,340
10472,365,341
10473,365,342
10474,365,343
10475,365,344
10476,365,345
10477,365,346
10478,365,347
10479,365,348
10480,365,349
10481,365,350
10482,365,351
10483,365,352
10484,365,353
10485,365,354
10486,365,355
10487,365,356
10488,365,357
10489,365,358
10490,365,359
10491,365,360
10492,365,361
10493,365,362
10494,365,363
10495,365,364
10496,365,365
10497,365,366
10498,365,367
10499,365,368
10500,365,369
10501,365,370
10502,365,371
10503,365,372
10504,365,373
10505,365,374
10506,365,375
10507,365,376
10508,365,377
10509,365,378
10510,365,379
10511,365,380
10512,365,381
10513,365,382
10514,365,383
10515,365,384
10516,365,385
10517,365,386
10518,366,247
10519,366,248
10520,366,249
10521,366,250
10522,366,251
10523,366,252
10524,366,253
10525,366,254
10526,366,255
10527,366,256
10528,366,257
10529,366,258
10530,366,259
10531,366,260
10532,366,261
10533,366,262
10534,366,263
10535,366,264
10536,366,265
10537,366,266
10538,366,267
10539,366,268
10540,366,269
10541,366,270
10542,366,271
10543,366,272
10544,366,273
10545,366,274
10546,366,275
10547,366,276
10548,366,277
10549,366,278
10550,366,279
10551,366,280
10552,366,281
10553,366,282
10554,366,283
10555,366,284
10556,366,285
10557,366,286
10558,366,287
10559,366,288
10560,366,289
10561,366,290
10562,366,291
10563,366,292
10564,366,293
10565,366,294
10566,366,295
10567,366,296
10568,366,297
10569,366,298
10570,366,299
10571,366,300
10572,366,301
10573,366,302
10574,366,303
10575,366,304
10576,366,305
10577,366,306
10578,366,307
10579,366,308
10580,366,309
10581,366,310
10582,366,311
10583,366,312
10584,366,313
10585,366,314
10586,366,315
10587,366,316
10588,366,317
10589,366,318
10590,366,319
10591,366,329
10592,366,330
10593,366,331
10594,366,332
10595,366,333
10596,366,334
10597,366,335
10598,366,336
10599,366,337
10600,366,338
10601,366,339
10602,366,340
10603,366,341
10604,366,342
10605,366,343
10606,366,344
10607,366,345
10608,366,346
10609,366,347
10610,366,348
10611,366,349
10612,366,350
10613,366,351
10614,366,352
10615,366,353
10616,366,354
10617,366,355
10618,366,356
10619,366,357
10620,366,358
10621,366,359
10622,366,360
10623,366,361
10624,366,362
10625,366,363
10626,366,364
10627,366,365
10628,366,366
10629,366,367
10630,366,368
10631,366,369
10632,366,370
10633,366,371
10634,366,372
10635,366,373
10636,366,374
10637,366,375
10638,366,376
10639,366,377
10640,366,378
10641,366,379
10642,366,380
10643,366,381
10644,366,382
10645,366,383
10646,366,384
10647,366,385
10648,366,386
10649,367,247
10650,367,248
10651,367,249
10652,367,250
10653,367,251
10654,367,252
10655,367,253
10656,367,254
10657,367,255
10658,367,256
10659,367,257
10660,367,258
10661,367,259
10662,367,260
10663,367,261
10664,367,262
10665,367,263
10666,367,264
10667,367,265
10668,367,266
10669,367,267
10670,367,268
10671,367,269
10672,367,270
10673,367,271
10674,367,272
10675,367,273
10676,367,274
10677,367,275
10678,367,276
10679,367,277
10680,367,278
10681,367,279
10682,367,280
10683,367,281
10684,367,282
10685,367,283
10686,367,284
10687,367,285
10688,367,286
10689,367,287
10690,367,288
10691,367,289
10692,367,290
10693,367,291
10694,367,292
10695,367,293
10696,367,294
10697,367,295
10698,367,296
10699,367,297
10700,367,298
10701,367,299
10702,367,300
10703,367,301
10704,367,302
10705,367,303
10706,367,304
10707,367,305
10708,367,306
10709,367,307
10710,367,308
10711,367,309
10712,367,310
10713,367,311
10714,367,312
10715,367,313
10716,367,314
10717,367,315
10718,367,316
10719,367,317
10720,367,318
10721,367,319
10722,367,329
10723,367,330
10724,367,331
10725,367,332
10726,367,333
10727,367,334
10728,367,335
10729,367,336
10730,367,337
10731,367,338
10732,367,339
10733,367,340
10734,367,341
10735,367,342
10736,367,343
10737,367,344
10738,367,345
10739,367,346
10740,367,347
10741,367,348
10742,367,349
10743,367,350
10744,367,351
10745,367,352
10746,367,353
10747,367,354
10748,367,355
10749,367,356
10750,367,357
10751,367,358
10752,367,359
10753,367,360
10754,367,361
10755,367,362
10756,367,363
10757,367,364
10758,367,365
10759,367,366
10760,367,367
10761,367,368
10762,367,369
10763,367,370
10764,367,371
10765,367,372
10766,367,373
10767,367,374
10768,367,375
10769,367,376
10770,367,377
10771,367,378
10772,367,379
10773,367,380
10774,367,381
10775,367,382
10776,367,383
10777,367,384
10778,367,385
10779,367,386
10780,368,247
10781,368,248
10782,368,249
10783,368,250
10784,368,251
10785,368,252
10786,368,253
10787,368,254
10788,368,255
10789,368,256
10790,368,257
10791,368,258
10792,368,259
10793,368,260
10794,368,261
10795,368,262
10796,368,263
10797,368,264
10798,368,265
10799,368,266
10800,368,267
10801,368,268
10802,368,269
10803,368,270
10804,368,271
10805,368,272
10806,368,273
10807,368,274
10808,368,275
10809,368,276
10810,368,277
10811,368,278
10812,368,279
10813,368,280
10814,368,281
10815,368,282
10816,368,283
10817,368,284
10818,368,285
10819,368,286
10820,368,287
10821,368,288
10822,368,289
10823,368,290
10824,368,291
10825,368,292
10826,368,293
10827,368,294
10828,368,295
10829,368,296
10830,368,297
10831,368,298
10832,368,299
10833,368,300
10834,368,301
10835,368,302
10836,368,303
10837,368,304
10838,368,305
10839,368,306
10840,368,307
10841,368,308
10842,368,309
10843,368,310
10844,368,311
10845,368,312
10846,368,313
10847,368,314
10848,368,315
10849,368,316
10850,368,317
10851,368,318
10852,368,319
10853,368,329
10854,368,330
10855,368,331
10856,368,332
10857,368,333
10858,368,334
10859,368,335
10860,368,336
10861,368,337
10862,368,338
10863,368,339
10864,368,340
10865,368,341
10866,368,342
10867,368,343
10868,368,344
10869,368,345
10870,368,346
10871,368,347
10872,368,348
10873,368,349
10874,368,350
10875,368,351
10876,368,352
10877,368,353
10878,368,354
10879,368,355
10880,368,356
10881,368,357
10882,368,358
10883,368,359
10884,368,360
10885,368,361
10886,368,362
10887,368,363
10888,368,364
10889,368,365
10890,368,366
10891,368,367
10892,368,368
10893,368,369
10894,368,370
10895,368,371
10896,368,372
10897,368,373
10898,368,374
10899,368,375
10900,368,376
10901,368,377
10902,368,378
10903,368,379
10904,368,380
10905,368,381
10906,368,382
10907,368,383
10908,368,384
10909,368,385
10910,368,386
10911,369,230
10912,369,231
10913,369,232
10914,369,233
10915,369,234
10916,369,235
10917,369,236
10918,369,237
10919,369,238
10920,369,239
10921,369,240
10922,369,241
10923,369,242
10924,369,243
10925,369,244
10926,369,245
10927,369,246
10928,369,247
10929,369,248
10930,369,249
10931,369,250
10932,369,251
10933,369,252
10934,369,253
10935,369,254
10936,369,255
10937,369,256
10938,369,257
10939,369,258
10940,369,259
10941,369,260
10942,369,261
10943,369,262
10944,369,263
10945,369,264
10946,369,265
10947,369,266
10948,369,267
10949,369,268
10950,369,269
10951,369,270
10952,369,271
10953,369,272
10954,369,273
10955,369,274
10956,369,275
10957,369,276
10958,369,277
10959,369,278
10960,369,279
10961,369,280
10962,369,281
10963,369,282
10964,369,283
10965,369,284
10966,369,285
10967,369,286
10968,369,287
10969,369,288
10970,369,289
10971,369,290
10972,369,291
10973,369,292
10974,369,293
10975,369,294
10976,369,295
10977,369,296
10978,369,297
10979,369,298
10980,369,299
10981,369,300
10982,369,301
10983,369,302
10984,369,303
10985,369,304
10986,369,305
10987,369,306
10988,369,307
10989,369,308
10990,369,309
10991,369,310
10992,369,311
10993,369,312
10994,369,313
10995,369,314
10996,369,315
10997,369,316
10998,369,317
10999,369,318
11000,369,319
11001,369,329
11002,369,330
11003,369,331
11004,369,332
11005,369,333
11006,369,334
11007,369,335
11008,369,336
11009,369,337
11010,369,338
11011,369,339
11012,369,340
11013,369,341
11014,369,342
11015,369,343
11016,369,344
11017,369,345
11018,369,346
11019,369,347
11020,369,348
11021,369,349
11022,369,350
11023,369,351
11024,369,352
11025,369,353
11026,369,354
11027,369,355
11028,369,356
11029,369,357
11030,369,358
11031,369,359
11032,369,360
11033,369,361
11034,369,362
11035,369,363
11036,369,364
11037,369,365
11038,369,366
11039,369,367
11040,369,368
11041,369,369
11042,369,370
11043,369,371
11044,369,372
11045,369,373
11046,369,374
11047,369,375
11048,369,376
11049,369,377
11050,369,378
11051,369,379
11052,369,380
11053,369,381
11054,369,382
11055,369,383
11056,369,384
11057,369,385
11058,369,386
11059,370,230
11060,370,231
11061,370,232
11062,370,233
11063,370,234
11064,370,235
11065,370,236
11066,370,237
11067,370,238
11068,370,239
11069,370,240
11070,370,241
11071,370,242
11072,370,243
11073,370,244
11074,370,245
11075,370,246
11076,370,247
11077,370,248
11078,370,249
11079,370,250
11080,370,251
11081,370,252
11082,370,253
11083,370,254
11084,370,255
11085,370,256
11086,370,257
11087,370,258
11088,370,259
11089,370,260
11090,370,261
11091,370,262
11092,370,263
11093,370,264
11094,370,265
11095,370,266
11096,370,267
11097,370,268
11098,370,269
11099,370,270
11100,370,271
11101,370,272
11102,370,273
11103,370,274
11104,370,275
11105,370,276
11106,370,277
11107,370,278
11108,370,279
11109,370,280
11110,370,281
11111,370,282
11112,370,283
11113,370,284
11114,370,285
11115,370,286
11116,370,287
11117,370,288
11118,370,289
11119,370,290
11120,370,291
11121,370,292
11122,370,293
11123,370,294
11124,370,295
11125,370,296
11126,370,297
11127,370,298
11128,370,299
11129,370,300
11130,370,301
11131,370,302
11132,370,303
11133,370,304
11134,370,305
11135,370,306
11136,370,307
11137,370,308
11138,370,309
11139,370,310
11140,370,311
11141,370,312
11142,370,313
11143,370,314
11144,370,315
11145,370,316
11146,370,317
11147,370,318
11148,370,319
11149,370,329
11150,370,330
11151,370,331
11152,370,332
11153,370,333
11154,370,334
11155,370,335
11156,370,336
11157,370,337
11158,370,338
11159,370,339
11160,370,340
11161,370,341
11162,370,342
11163,370,343
11164,370,344
11165,370,345
11166,370,346
11167,370,347
11168,370,348
11169,370,349
11170,370,350
11171,370,351
11172,370,352
11173,370,353
11174,370,354
11175,370,355
11176,370,356
11177,370,357
11178,370,358
11179,370,359
11180,370,360
11181,370,361
11182,370,362
11183,370,363
11184,370,364
11185,370,365
11186,370,366
11187,370,367
11188,370,368
11189,370,369
11190,370,370
11191,370,371
11192,370,372
11193,370,373
11194,370,374
11195,370,375
11196,370,376
11197,370,377
11198,370,378
11199,370,379
11200,370,380
11201,370,381
11202,370,382
11203,370,383
11204,370,384
11205,370,385
11206,370,386
11207,371,230
11208,371,231
11209,371,232
11210,371,233
11211,371,234
11212,371,235
11213,371,236
11214,371,237
11215,371,238
11216,371,239
11217,371,240
11218,371,241
11219,371,242
11220,371,243
11221,371,244
11222,371,245
11223,371,246
11224,371,247
11225,371,248
11226,371,249
11227,371,250
11228,371,251
11229,371,252
11230,371,253
11231,371,254
11232,371,255
11233,371,256
11234,371,257
11235,371,258
11236,371,259
11237,371,260
11238,371,261
11239,371,262
11240,371,263
11241,371,264
11242,371,265
11243,371,266
11244,371,267
11245,371,268
11246,371,269
11247,371,270
11248,371,271
11249,371,272
11250,371,273
11251,371,274
11252,371,275
11253,371,276
11254,371,277
11255,371,278
11256,371,279
11257,371,280
11258,371,281
11259,371,282
11260,371,283
11261,371,284
11262,371,285
11263,371,286
11264,371,287
11265,371,288
11266,371,289
11267,371,290
11268,371,291
11269,371,292
11270,371,293
11271,371,294
11272,371,295
11273,371,296
11274,371,297
11275,371,298
11276,371,299
11277,371,300
11278,371,301
11279,371,302
11280,371,303
11281,371,304
11282,371,305
11283,371,306
11284,371,307
11285,371,308
11286,371,309
11287,371,310
11288,371,311
11289,371,312
11290,371,313
11291,371,314
11292,371,315
11293,371,316
11294,371,317
11295,371,318
11296,371,319
11297,371,329
11298,371,330
11299,371,331
11300,371,332
11301,371,333
11302,371,334
11303,371,335
11304,371,336
11305,371,337
11306,371,338
11307,371,339
11308,371,340
11309,371,341
11310,371,342
11311,371,343
11312,371,344
11313,371,345
11314,371,346
11315,371,347
11316,371,348
11317,371,349
11318,371,350
11319,371,351
11320,371,352
11321,371,353
11322,371,354
11323,371,355
11324,371,356
11325,371,357
11326,371,358
11327,371,359
11328,371,360
11329,371,361
11330,371,362
11331,371,363
11332,371,364
11333,371,365
11334,371,366
11335,371,367
11336,371,368
11337,371,369
11338,371,370
11339,371,371
11340,371,372
11341,371,373
11342,371,374
11343,371,375
11344,371,376
11345,371,377
11346,371,378
11347,371,379
11348,371,380
11349,371,381
11350,371,382
11351,371,383
11352,371,384
11353,371,385
11354,371,386
11355,372,230
11356,372,231
11357,372,232
11358,372,233
11359,372,234
11360,372,235
11361,372,236
11362,372,237
11363,372,238
11364,372,239
11365,372,240
11366,372,241
11367,372,242
11368,372,243
11369,372,244
11370,372,245
11371,372,246
11372,372,247
11373,372,248
11374,372,249
11375,372,250
11376,372,251
11377,372,252
11378,372,253
11379,372,254
11380,372,255
11381,372,256
11382,372,257
11383,372,258
11384,372,259
11385,372,260
11386,372,261
11387,372,262
11388,372,263
11389,372,264
11390,372,265
11391,372,266
11392,372,267
11393,372,268
11394,372,269
11395,372,270
11396,372,271
11397,372,272
11398,372,273
11399,372,274
11400,372,275
11401,372,276
11402,372,277
11403,372,278
11404,372,279
11405,372,280
11406,372,281
11407,372,282
11408,372,283
11409,372,284
11410,372,285
11411,372,286
11412,372,287
11413,372,288
11414,372,289
11415,372,290
11416,372,291
11417,372,292
11418,372,293
11419,372,294
11420,372,295
11421,372,296
11422,372,297
11423,372,298
11424,372,299
11425,372,300
11426,372,301
11427,372,302
11428,372,303
11429,372,304
11430,372,305
11431,372,306
11432,372,307
11433,372,308
11434,372,309
11435,372,310
11436,372,311
11437,372,312
11438,372,313
11439,372,314
11440,372,315
11441,372,316
11442,372,317
11443,372,318
11444,372,319
11445,372,329
11446,372,330
11447,372,331
11448,372,332
11449,372,333
11450,372,334
11451,372,335
11452,372,336
11453,372,337
11454,372,338
11455,372,339
11456,372,340
11457,372,341
11458,372,342
11459,372,343
11460,372,344
11461,372,345
11462,372,346
11463,372,347
11464,372,348
11465,372,349
11466,372,350
11467,372,351
11468,372,352
11469,372,353
11470,372,354
11471,372,355
11472,372,356
11473,372,357
11474,372,358
11475,372,359
11476,372,360
11477,372,361
11478,372,362
11479,372,363
11480,372,364
11481,372,365
11482,372,366
11483,372,367
11484,372,368
11485,372,369
11486,372,370
11487,372,371
11488,372,372
11489,372,373
11490,372,374
11491,372,375
11492,372,376
11493,372,377
11494,372,378
11495,372,379
11496,372,380
11497,372,381
11498,372,382
11499,372,383
11500,372,384
11501,372,385
11502,372,386
11503,373,230
11504,373,231
11505,373,232
11506,373,233
11507,373,234
11508,373,235
11509,373,236
11510,373,237
11511,373,238
11512,373,239
11513,373,240
11514,373,241
11515,373,242
11516,373,243
11517,373,244
11518,373,245
11519,373,246
11520,373,247
11521,373,248
11522,373,249
11523,373,250
11524,373,251
11525,373,252
11526,373,253
11527,373,254
11528,373,255
11529,373,256
11530,373,257
11531,373,258
11532,373,259
11533,373,260
11534,373,261
11535,373,262
11536,373,263
11537,373,264
11538,373,265
11539,373,266
11540,373,267
11541,373,268
11542,373,269
11543,373,270
11544,373,271
11545,373,272
11546,373,273
11547,373,274
11548,373,275
11549,373,276
11550,373,277
11551,373,278
11552,373,279
11553,373,280
11554,373,281
11555,373,282
11556,373,283
11557,373,284
11558,373,285
11559,373,286
11560,373,287
11561,373,288
11562,373,289
11563,373,290
11564,373,291
11565,373,292
11566,373,293
11567,373,294
11568,373,295
11569,373,296
11570,373,297
11571,373,298
11572,373,299
11573,373,300
11574,373,301
11575,373,302
11576,373,303
11577,373,304
11578,373,305
11579,373,306
11580,373,307
11581,373,308
11582,373,309
11583,373,310
11584,373,311
11585,373,312
11586,373,313
11587,373,314
11588,373,315
11589,373,316
11590,373,317
11591,373,318
11592,373,319
11593,373,329
11594,373,330
11595,373,331
11596,373,332
11597,373,333
11598,373,334
11599,373,335
11600,373,336
11601,373,337
11602,373,338
11603,373,339
11604,373,340
11605,373,341
11606,373,342
11607,373,343
11608,373,344
11609,373,345
11610,373,346
11611,373,347
11612,373,348
11613,373,349
11614,373,350
11615,373,351
11616,373,352
11617,373,353
11618,373,354
11619,373,355
11620,373,356
11621,373,357
11622,373,358
11623,373,359
11624,373,360
11625,373,361
11626,373,362
11627,373,363
11628,373,364
11629,373,365
11630,373,366
11631,373,367
11632,373,368
11633,373,369
11634,373,370
11635,373,371
11636,373,372
11637,373,373
11638,373,374
11639,373,375
11640,373,376
11641,373,377
11642,373,378
11643,373,379
11644,373,380
11645,373,381
11646,373,382
11647,373,383
11648,373,384
11649,373,385
11650,373,386
11651,374,230
11652,374,231
11653,374,232
11654,374,233
11655,374,234
11656,374,235
11657,374,236
11658,374,237
11659,374,238
11660,374,239
11661,374,240
11662,374,241
11663,374,242
11664,374,243
11665,374,244
11666,374,245
11667,374,246
11668,374,247
11669,374,248
11670,374,249
11671,374,250
11672,374,251
11673,374,252
11674,374,253
11675,374,254
11676,374,255
11677,374,256
11678,374,257
11679,374,258
11680,374,259
11681,374,260
11682,374,261
11683,374,262
11684,374,263
11685,374,264
11686,374,265
11687,374,266
11688,374,267
11689,374,268
11690,374,269
11691,374,270
11692,374,271
11693,374,272
11694,374,273
11695,374,274
11696,374,275
11697,374,276
11698,374,277
11699,374,278
11700,374,279
11701,374,280
11702,374,281
11703,374,282
11704,374,283
11705,374,284
11706,374,285
11707,374,286
11708,374,287
11709,374,288
11710,374,289
11711,374,290
11712,374,291
11713,374,292
11714,374,293
11715,374,294
11716,374,295
11717,374,296
11718,374,297
11719,374,298
11720,374,299
11721,374,300
11722,374,301
11723,374,302
11724,374,303
11725,374,304
11726,374,305
11727,374,306
11728,374,307
11729,374,308
11730,374,309
11731,374,310
11732,374,311
11733,374,312
11734,374,313
11735,374,314
11736,374,315
11737,374,316
11738,374,317
11739,374,318
11740,374,319
11741,374,329
11742,374,330
11743,374,331
11744,374,332
11745,374,333
11746,374,334
11747,374,335
11748,374,336
11749,374,337
11750,374,338
11751,374,339
11752,374,340
11753,374,341
11754,374,342
11755,374,343
11756,374,344
11757,374,345
11758,374,346
11759,374,347
11760,374,348
11761,374,349
11762,374,350
11763,374,351
11764,374,352
11765,374,353
11766,374,354
11767,374,355
11768,374,356
11769,374,357
11770,374,358
11771,374,359
11772,374,360
11773,374,361
11774,374,362
11775,374,363
11776,374,364
11777,374,365
11778,374,366
11779,374,367
11780,374,368
11781,374,369
11782,374,370
11783,374,371
11784,374,372
11785,374,373
11786,374,374
11787,374,375
11788,374,376
11789,374,377
11790,374,378
11791,374,379
11792,374,380
11793,374,381
11794,374,382
11795,374,383
11796,374,384
11797,374,385
11798,374,386
11799,375,230
11800,375,231
11801,375,232
11802,375,233
11803,375,234
11804,375,235
11805,375,236
11806,375,237
11807,375,238
11808,375,239
11809,375,240
11810,375,241
11811,375,242
11812,375,243
11813,375,244
11814,375,245
11815,375,246
11816,375,247
11817,375,248
11818,375,249
11819,375,250
11820,375,251
11821,375,252
11822,375,253
11823,375,254
11824,375,255
11825,375,256
11826,375,257
11827,375,258
11828,375,259
11829,375,260
11830,375,261
11831,375,262
11832,375,263
11833,375,264
11834,375,265
11835,375,266
11836,375,267
11837,375,268
11838,375,269
11839,375,270
11840,375,271
11841,375,272
11842,375,273
11843,375,274
11844,375,275
11845,375,276
11846,375,277
11847,375,278
11848,375,279
11849,375,280
11850,375,281
11851,375,282
11852,375,283
11853,375,284
11854,375,285
11855,375,286
11856,375,287
11857,375,288
11858,375,289
11859,375,290
11860,375,291
11861,375,292
11862,375,293
11863,375,294
11864,375,295
11865,375,296
11866,375,297
11867,375,298
11868,375,299
11869,375,300
11870,375,301
11871,375,302
11872,375,303
11873,375,304
11874,375,305
11875,375,306
11876,375,307
11877,375,308
11878,375,309
11879,375,310
11880,375,311
11881,375,312
11882,375,313
11883,375,314
11884,375,315
11885,375,316
11886,375,317
11887,375,318
11888,375,319
11889,375,329
11890,375,330
11891,375,331
11892,375,332
11893,375,333
11894,375,334
11895,375,335
11896,375,336
11897,375,337
11898,375,338
11899,375,339
11900,375,340
11901,375,341
11902,375,342
11903,375,343
11904,375,344
11905,375,345
11906,375,346
11907,375,347
11908,375,348
11909,375,349
11910,375,350
11911,375,351
11912,375,352
11913,375,353
11914,375,354
11915,375,355
11916,375,356
11917,375,357
11918,375,358
11919,375,359
11920,375,360
11921,375,361
11922,375,362
11923,375,363
11924,375,364
11925,375,365
11926,375,366
11927,375,367
11928,375,368
11929,375,369
11930,375,370
11931,375,371
11932,375,372
11933,375,373
11934,375,374
11935,375,375
11936,375,376
11937,375,377
11938,375,378
11939,375,379
11940,375,380
11941,375,381
11942,375,382
11943,375,383
11944,375,384
11945,375,385
11946,375,386
11947,376,230
11948,376,231
11949,376,232
11950,376,233
11951,376,234
11952,376,235
11953,376,236
11954,376,237
11955,376,238
11956,376,239
11957,376,240
11958,376,241
11959,376,242
11960,376,243
11961,376,244
11962,376,245
11963,376,246
11964,376,247
11965,376,248
11966,376,249
11967,376,250
11968,376,251
11969,376,252
11970,376,253
11971,376,254
11972,376,255
11973,376,256
11974,376,257
11975,376,258
11976,376,259
11977,376,260
11978,376,261
11979,376,262
11980,376,263
11981,376,264
11982,376,265
11983,376,266
11984,376,267
11985,376,268
11986,376,269
11987,376,270
11988,376,271
11989,376,272
11990,376,273
11991,376,274
11992,376,275
11993,376,276
11994,376,277
11995,376,278
11996,376,279
11997,376,280
11998,376,281
11999,376,282
12000,376,283
12001,376,284
12002,376,285
12003,376,286
12004,376,287
12005,376,288
12006,376,289
12007,376,290
12008,376,291
12009,376,292
12010,376,293
12011,376,294
12012,376,295
12013,376,296
12014,376,297
12015,376,298
12016,376,299
12017,376,300
12018,376,301
12019,376,302
12020,376,303
12021,376,304
12022,376,305
12023,376,306
12024,376,307
12025,376,308
12026,376,309
12027,376,310
12028,376,311
12029,376,312
12030,376,313
12031,376,314
12032,376,315
12033,376,316
12034,376,317
12035,376,318
12036,376,319
12037,376,329
12038,376,330
12039,376,331
12040,376,332
12041,376,333
12042,376,334
12043,376,335
12044,376,336
12045,376,337
12046,376,338
12047,376,339
12048,376,340
12049,376,341
12050,376,342
12051,376,343
12052,376,344
12053,376,345
12054,376,346
12055,376,347
12056,376,348
12057,376,349
12058,376,350
12059,376,351
12060,376,352
12061,376,353
12062,376,354
12063,376,355
12064,376,356
12065,376,357
12066,376,358
12067,376,359
12068,376,360
12069,376,361
12070,376,362
12071,376,363
12072,376,364
12073,376,365
12074,376,366
12075,376,367
12076,376,368
12077,376,369
12078,376,370
12079,376,371
12080,376,372
12081,376,373
12082,376,374
12083,376,375
12084,376,376
12085,376,377
12086,376,378
12087,376,379
12088,376,380
12089,376,381
12090,376,382
12091,376,383
12092,376,384
12093,376,385
12094,376,386
12095,377,230
12096,377,231
12097,377,232
12098,377,233
12099,377,234
12100,377,235
12101,377,236
12102,377,237
12103,377,238
12104,377,239
12105,377,240
12106,377,241
12107,377,242
12108,377,243
12109,377,244
12110,377,245
12111,377,246
12112,377,247
12113,377,248
12114,377,249
12115,377,250
12116,377,251
12117,377,252
12118,377,253
12119,377,254
12120,377,255
12121,377,256
12122,377,257
12123,377,258
12124,377,259
12125,377,260
12126,377,261
12127,377,262
12128,377,263
12129,377,264
12130,377,265
12131,377,266
12132,377,267
12133,377,268
12134,377,269
12135,377,270
12136,377,271
12137,377,272
12138,377,273
12139,377,274
12140,377,275
12141,377,276
12142,377,277
12143,377,278
12144,377,279
12145,377,280
12146,377,281
12147,377,282
12148,377,283
12149,377,284
12150,377,285
12151,377,286
12152,377,287
12153,377,288
12154,377,289
12155,377,290
12156,377,291
12157,377,292
12158,377,293
12159,377,294
12160,377,295
12161,377,296
12162,377,297
12163,377,298
12164,377,299
12165,377,300
12166,377,301
12167,377,302
12168,377,303
12169,377,304
12170,377,305
12171,377,306
12172,377,307
12173,377,308
12174,377,309
12175,377,310
12176,377,311
12177,377,312
12178,377,313
12179,377,314
12180,377,315
12181,377,316
12182,377,317
12183,377,318
12184,377,319
12185,377,329
12186,377,330
12187,377,331
12188,377,332
12189,377,333
12190,377,334
12191,377,335
12192,377,336
12193,377,337
12194,377,338
12195,377,339
12196,377,340
12197,377,341
12198,377,342
12199,377,343
12200,377,344
12201,377,345
12202,377,346
12203,377,347
12204,377,348
12205,377,349
12206,377,350
12207,377,351
12208,377,352
12209,377,353
12210,377,354
12211,377,355
12212,377,356
12213,377,357
12214,377,358
12215,377,359
12216,377,360
12217,377,361
12218,377,362
12219,377,363
12220,377,364
12221,377,365
12222,377,366
12223,377,367
12224,377,368
12225,377,369
12226,377,370
12227,377,371
12228,377,372
12229,377,373
12230,377,374
12231,377,375
12232,377,376
12233,377,377
12234,377,378
12235,377,379
12236,377,380
12237,377,381
12238,377,382
12239,377,383
12240,377,384
12241,377,385
12242,377,386
12243,378,230
12244,378,231
12245,378,232
12246,378,233
12247,378,234
12248,378,235
12249,378,236
12250,378,237
12251,378,238
12252,378,239
12253,378,240
12254,378,241
12255,378,242
12256,378,243
12257,378,244
12258,378,245
12259,378,246
12260,378,247
12261,378,248
12262,378,249
12263,378,250
12264,378,251
12265,378,252
12266,378,253
12267,378,254
12268,378,255
12269,378,256
12270,378,257
12271,378,258
12272,378,259
12273,378,260
12274,378,261
12275,378,262
12276,378,263
12277,378,264
12278,378,265
12279,378,266
12280,378,267
12281,378,268
12282,378,269
12283,378,270
12284,378,271
12285,378,272
12286,378,273
12287,378,274
12288,378,275
12289,378,276
12290,378,277
12291,378,278
12292,378,279
12293,378,280
12294,378,281
12295,378,282
12296,378,283
12297,378,284
12298,378,285
12299,378,286
12300,378,287
12301,378,288
12302,378,289
12303,378,290
12304,378,291
12305,378,292
12306,378,293
12307,378,294
12308,378,295
12309,378,296
12310,378,297
12311,378,298
12312,378,299
12313,378,300
12314,378,301
12315,378,302
12316,378,303
12317,378,304
12318,378,305
12319,378,306
12320,378,307
12321,378,308
12322,378,309
12323,378,310
12324,378,311
12325,378,312
12326,378,313
12327,378,314
12328,378,315
12329,378,316
12330,378,317
12331,378,318
12332,378,319
12333,378,329
12334,378,330
12335,378,331
12336,378,332
12337,378,333
12338,378,334
12339,378,335
12340,378,336
12341,378,337
12342,378,338
12343,378,339
12344,378,340
12345,378,341
12346,378,342
12347,378,343
12348,378,344
12349,378,345
12350,378,346
12351,378,347
12352,378,348
12353,378,349
12354,378,350
12355,378,351
12356,378,352
12357,378,353
12358,378,354
12359,378,355
12360,378,356
12361,378,357
12362,378,358
12363,378,359
12364,378,360
12365,378,361
12366,378,362
12367,378,363
12368,378,364
12369,378,365
12370,378,366
12371,378,367
12372,378,368
12373,378,369
12374,378,370
12375,378,371
12376,378,372
12377,378,373
12378,378,374
12379,378,375
12380,378,376
12381,378,377
12382,378,378
12383,378,379
12384,378,380
12385,378,381
12386,378,382
12387,378,383
12388,378,384
12389,378,385
12390,378,386
12391,379,230
12392,379,231
12393,379,232
12394,379,233
12395,379,234
12396,379,235
12397,379,236
12398,379,237
12399,379,238
12400,379,239
12401,379,240
12402,379,241
12403,379,242
12404,379,243
12405,379,244
12406,379,245
12407,379,246
12408,379,247
12409,379,248
12410,379,249
12411,379,250
12412,379,251
12413,379,252
12414,379,253
12415,379,254
12416,379,255
12417,379,256
12418,379,257
12419,379,258
12420,379,259
12421,379,260
12422,379,261
12423,379,262
12424,379,263
12425,379,264
12426,379,265
12427,379,266
12428,379,267
12429,379,268
12430,379,269
12431,379,270
12432,379,271
12433,379,272
12434,379,273
12435,379,274
12436,379,275
12437,379,276
12438,379,277
12439,379,278
12440,379,279
12441,379,280
12442,379,281
12443,379,282
12444,379,283
12445,379,284
12446,379,285
12447,379,286
12448,379,287
12449,379,288
12450,379,289
12451,379,290
12452,379,291
12453,379,292
12454,379,293
12455,379,294
12456,379,295
12457,379,296
12458,379,297
12459,379,298
12460,379,299
12461,379,300
12462,379,301
12463,379,302
12464,379,303
12465,379,304
12466,379,305
12467,379,306
12468,379,307
12469,379,308
12470,379,309
12471,379,310
12472,379,311
12473,379,312
12474,379,313
12475,379,314
12476,379,315
12477,379,316
12478,379,317
12479,379,318
12480,379,319
12481,379,329
12482,379,330
12483,379,331
12484,379,332
12485,379,333
12486,379,334
12487,379,335
12488,379,336
12489,379,337
12490,379,338
12491,379,339
12492,379,340
12493,379,341
12494,379,342
12495,379,343
12496,379,344
12497,379,345
12498,379,346
12499,379,347
12500,379,348
12501,379,349
12502,379,350
12503,379,351
12504,379,352
12505,379,353
12506,379,354
12507,379,355
12508,379,356
12509,379,357
12510,379,358
12511,379,359
12512,379,360
12513,379,361
12514,379,362
12515,379,363
12516,379,364
12517,379,365
12518,379,366
12519,379,367
12520,379,368
12521,379,369
12522,379,370
12523,379,371
12524,379,372
12525,379,373
12526,379,374
12527,379,375
12528,379,376
12529,379,377
12530,379,378
12531,379,379
12532,379,380
12533,379,381
12534,379,382
12535,379,383
12536,379,384
12537,379,385
12538,379,386
12539,380,230
12540,380,231
12541,380,232
12542,380,233
12543,380,234
12544,380,235
12545,380,236
12546,380,237
12547,380,238
12548,380,239
12549,380,240
12550,380,241
12551,380,242
12552,380,243
12553,380,244
12554,380,245
12555,380,246
12556,380,247
12557,380,248
12558,380,249
12559,380,250
12560,380,251
12561,380,252
12562,380,253
12563,380,254
12564,380,255
12565,380,256
12566,380,257
12567,380,258
12568,380,259
12569,380,260
12570,380,261
12571,380,262
12572,380,263
12573,380,264
12574,380,265
12575,380,266
12576,380,267
12577,380,268
12578,380,269
12579,380,270
12580,380,271
12581,380,272
12582,380,273
12583,380,274
12584,380,275
12585,380,276
12586,380,277
12587,380,278
12588,380,279
12589,380,280
12590,380,281
12591,380,282
12592,380,293
12593,380,294
12594,380,295
12595,380,296
12596,380,297
12597,380,298
12598,380,299
12599,380,300
12600,380,301
12601,380,302
12602,380,303
12603,380,304
12604,380,305
12605,380,306
12606,380,307
12607,380,308
12608,380,309
12609,380,310
12610,380,311
12611,380,312
12612,380,313
12613,380,314
12614,380,315
12615,380,316
12616,380,317
12617,380,318
12618,380,319
12619,380,346
12620,380,347
12621,380,348
12622,380,349
12623,380,350
12624,380,351
12625,380,352
12626,380,353
12627,380,354
12628,380,355
12629,380,356
12630,380,357
12631,380,358
12632,380,359
12633,380,360
12634,380,361
12635,380,362
12636,380,363
12637,380,364
12638,380,365
12639,380,366
12640,380,367
12641,380,368
12642,380,369
12643,380,370
12644,380,371
12645,380,372
12646,380,373
12647,380,374
12648,380,375
12649,380,376
12650,380,377
12651,380,378
12652,380,379
12653,380,380
12654,380,381
12655,380,382
12656,380,383
12657,380,384
12658,380,385
12659,380,386
12660,381,230
12661,381,231
12662,381,232
12663,381,233
12664,381,234
12665,381,235
12666,381,236
12667,381,237
12668,381,238
12669,381,239
12670,381,240
12671,381,241
12672,381,242
12673,381,243
12674,381,244
12675,381,245
12676,381,246
12677,381,247
12678,381,248
12679,381,249
12680,381,250
12681,381,251
12682,381,252
12683,381,253
12684,381,254
12685,381,255
12686,381,256
12687,381,257
12688,381,258
12689,381,259
12690,381,260
12691,381,261
12692,381,262
12693,381,263
12694,381,264
12695,381,265
12696,381,266
12697,381,267
12698,381,268
12699,381,269
12700,381,270
12701,381,271
12702,381,272
12703,381,273
12704,381,274
12705,381,275
12706,381,276
12707,381,277
12708,381,278
12709,381,279
12710,381,280
12711,381,281
12712,381,294
12713,381,295
12714,381,296
12715,381,297
12716,381,298
12717,381,299
12718,381,300
12719,381,301
12720,381,302
12721,381,303
12722,381,304
12723,381,305
12724,381,306
12725,381,307
12726,381,308
12727,381,309
12728,381,310
12729,381,311
12730,381,312
12731,381,313
12732,381,314
12733,381,315
12734,381,316
12735,381,317
12736,381,318
12737,381,319
12738,381,346
12739,381,347
12740,381,348
12741,381,349
12742,381,350
12743,381,351
12744,381,352
12745,381,353
12746,381,354
12747,381,355
12748,381,356
12749,381,357
12750,381,358
12751,381,359
12752,381,360
12753,381,361
12754,381,362
12755,381,363
12756,381,364
12757,381,365
12758,381,366
12759,381,367
12760,381,368
12761,381,369
12762,381,370
12763,381,371
12764,381,372
12765,381,373
12766,381,374
12767,381,375
12768,381,376
12769,381,377
12770,381,378
12771,381,379
12772,381,380
12773,381,381
12774,381,382
12775,381,383
12776,381,384
12777,381,385
12778,381,386
12779,382,230
12780,382,231
12781,382,232
12782,382,233
12783,382,234
12784,382,235
12785,382,236
12786,382,237
12787,382,238
12788,382,239
12789,382,240
12790,382,241
12791,382,242
12792,382,243
12793,382,244
12794,382,245
12795,382,246
12796,382,247
12797,382,248
12798,382,249
12799,382,250
12800,382,251
12801,382,252
12802,382,253
12803,382,254
12804,382,255
12805,382,256
12806,382,257
12807,382,258
12808,382,259
12809,382,260
12810,382,261
12811,382,262
12812,382,263
12813,382,264
12814,382,265
12815,382,266
12816,382,267
12817,382,268
12818,382,269
12819,382,270
12820,382,271
12821,382,272
12822,382,273
12823,382,274
12824,382,275
12825,382,276
12826,382,277
12827,382,278
12828,382,279
12829,382,280
12830,382,281
12831,382,296
12832,382,297
12833,382,298
12834,382,299
12835,382,300
12836,382,301
12837,382,302
12838,382,303
12839,382,304
12840,382,305
12841,382,306
12842,382,307
12843,382,308
12844,382,309
12845,382,310
12846,382,311
12847,382,312
12848,382,313
12849,382,314
12850,382,315
12851,382,316
12852,382,317
12853,382,318
12854,382,319
12855,382,346
12856,382,347
12857,382,348
12858,382,349
12859,382,350
12860,382,351
12861,382,352
12862,382,353
12863,382,354
12864,382,355
12865,382,356
12866,382,357
12867,382,358
12868,382,359
12869,382,360
12870,382,361
12871,382,362
12872,382,363
12873,382,364
12874,382,365
12875,382,366
12876,382,367
12877,382,368
12878,382,369
12879,382,370
12880,382,371
12881,382,372
12882,382,373
12883,382,374
12884,382,375
12885,382,376
12886,382,377
12887,382,378
12888,382,379
12889,382,380
12890,382,381
12891,382,382
12892,382,383
12893,382,384
12894,382,385
12895,382,386
12896,383,230
12897,383,231
12898,383,232
12899,383,233
12900,383,234
12901,383,235
12902,383,236
12903,383,237
12904,383,238
12905,383,239
12906,383,240
12907,383,241
12908,383,242
12909,383,243
12910,383,244
12911,383,245
12912,383,246
12913,383,247
12914,383,248
12915,383,249
12916,383,250
12917,383,251
12918,383,252
12919,383,253
12920,383,254
12921,383,255
12922,383,256
12923,383,257
12924,383,258
12925,383,259
12926,383,260
12927,383,261
12928,383,262
12929,383,263
12930,383,264
12931,383,265
12932,383,266
12933,383,267
12934,383,268
12935,383,269
12936,383,270
12937,383,271
12938,383,272
12939,383,273
12940,383,274
12941,383,275
12942,383,276
12943,383,277
12944,383,278
12945,383,279
12946,383,280
12947,383,297
12948,383,298
12949,383,299
12950,383,300
12951,383,301
12952,383,302
12953,383,303
12954,383,304
12955,383,305
12956,383,306
12957,383,307
12958,383,308
12959,383,309
12960,383,310
12961,383,311
12962,383,312
12963,383,313
12964,383,314
12965,383,315
12966,383,316
12967,383,317
12968,383,318
12969,383,319
12970,383,346
12971,383,347
12972,383,348
12973,383,349
12974,383,350
12975,383,351
12976,383,352
12977,383,353
12978,383,354
12979,383,355
12980,383,356
12981,383,357
12982,383,358
12983,383,359
12984,383,360
12985,383,361
12986,383,362
12987,383,363
12988,383,364
12989,383,365
12990,383,366
12991,383,367
12992,383,368
12993,383,369
12994,383,370
12995,383,371
12996,383,372
12997,383,373
12998,383,374
12999,383,375
13000,383,376
13001,383,377
13002,383,378
13003,383,379
13004,383,380
13005,383,381
13006,383,382
13007,383,383
13008,383,384
13009,383,385
13010,383,386
13011,384,230
13012,384,231
13013,384,232
13014,384,233
13015,384,234
13016,384,235
13017,384,236
13018,384,237
13019,384,238
13020,384,239
13021,384,240
13022,384,241
13023,384,242
13024,384,243
13025,384,244
13026,384,245
13027,384,246
13028,384,247
13029,384,248
13030,384,249
13031,384,250
13032,384,251
13033,384,252
13034,384,253
13035,384,254
13036,384,255
13037,384,256
13038,384,257
13039,384,258
13040,384,259
13041,384,260
13042,384,261
13043,384,262
13044,384,263
13045,384,264
13046,384,265
13047,384,266
13048,384,267
13049,384,268
13050,384,269
13051,384,270
13052,384,271
13053,384,272
13054,384,273
13055,384,274
13056,384,275
13057,384,276
13058,384,277
13059,384,278
13060,384,279
13061,384,298
13062,384,299
13063,384,300
13064,384,301
13065,384,302
13066,384,303
13067,384,304
13068,384,305
13069,384,306
13070,384,307
13071,384,308
13072,384,309
13073,384,310
13074,384,311
13075,384,312
13076,384,313
13077,384,314
13078,384,315
13079,384,316
13080,384,317
13081,384,318
13082,384,319
13083,384,346
13084,384,347
13085,384,348
13086,384,349
13087,384,350
13088,384,351
13089,384,352
13090,384,353
13091,384,354
13092,384,355
13093,384,356
13094,384,357
13095,384,358
13096,384,359
13097,384,360
13098,384,361
13099,384,362
13100,384,363
13101,384,364
13102,384,365
13103,384,366
13104,384,367
13105,384,368
13106,384,369
13107,384,370
13108,384,371
13109,384,372
13110,384,373
13111,384,374
13112,384,375
13113,384,376
13114,384,377
13115,384,378
13116,384,379
13117,384,380
13118,384,381
13119,384,382
13120,384,383
13121,384,384
13122,384,385
13123,384,386
13124,385,230
13125,385,231
13126,385,232
13127,385,233
13128,385,234
13129,385,235
13130,385,236
13131,385,237
13132,385,238
13133,385,239
13134,385,240
13135,385,241
13136,385,242
13137,385,243
13138,385,244
13139,385,245
13140,385,246
13141,385,247
13142,385,248
13143,385,249
13144,385,250
13145,385,251
13146,385,252
13147,385,253
13148,385,254
13149,385,255
13150,385,256
13151,385,257
13152,385,258
13153,385,259
13154,385,260
13155,385,261
13156,385,262
13157,385,263
13158,385,264
13159,385,265
13160,385,266
13161,385,267
13162,385,268
13163,385,269
13164,385,270
13165,385,271
13166,385,272
13167,385,273
13168,385,274
13169,385,275
13170,385,276
13171,385,277
13172,385,278
13173,385,300
13174,385,301
13175,385,302
13176,385,303
13177,385,304
13178,385,305
13179,385,306
13180,385,307
13181,385,308
13182,385,309
13183,385,310
13184,385,311
13185,385,312
13186,385,313
13187,385,314
13188,385,315
13189,385,316
13190,385,317
13191,385,318
13192,385,319
13193,385,346
13194,385,347
13195,385,348
13196,385,349
13197,385,350
13198,385,351
13199,385,352
13200,385,353
13201,385,354
13202,385,355
13203,385,356
13204,385,357
13205,385,358
13206,385,359
13207,385,360
13208,385,361
13209,385,362
13210,385,363
13211,385,364
13212,385,365
13213,385,366
13214,385,367
13215,385,368
13216,385,369
13217,385,370
13218,385,371
13219,385,372
13220,385,373
13221,385,374
13222,385,375
13223,385,376
13224,385,377
13225,385,378
13226,385,379
13227,385,380
13228,385,381
13229,385,382
13230,385,383
13231,385,384
13232,385,385
13233,385,386
13234,386,230
13235,386,231
13236,386,232
13237,386,233
13238,386,234
13239,386,235
13240,386,236
13241,386,237
13242,386,238
13243,386,239
13244,386,240
13245,386,241
13246,386,242
13247,386,243
13248,386,244
13249,386,245
13250,386,246
13251,386,247
13252,386,248
13253,386,249
13254,386,250
13255,386,251
13256,386,252
13257,386,253
13258,386,254
13259,386,255
13260,386,256
13261,386,257
13262,386,258
13263,386,259
13264,386,260
13265,386,261
13266,386,262
13267,386,263
13268,386,264
13269,386,265
13270,386,266
13271,386,267
13272,386,268
13273,386,269
13274,386,270
13275,386,271
13276,386,272
13277,386,273
13278,386,274
13279,386,275
13280,386,276
13281,386,277
13282,386,301
13283,386,302
13284,386,303
13285,386,304
13286,386,305
13287,386,306
13288,386,307
13289,386,308
13290,386,309
13291,386,310
13292,386,311
13293,386,312
13294,386,313
13295,386,314
13296,386,315
13297,386,316
13298,386,317
13299,386,318
13300,386,319
13301,386,346
13302,386,347
13303,386,348
13304,386,349
13305,386,350
13306,386,351
13307,386,352
13308,386,353
13309,386,354
13310,386,355
13311,386,356
13312,386,357
13313,386,358
13314,386,359
13315,386,360
13316,386,361
13317,386,362
13318,386,363
13319,386,364
13320,386,365
13321,386,366
13322,386,367
13323,386,368
13324,386,369
13325,386,370
13326,386,371
13327,386,372
13328,386,373
13329,386,374
13330,386,375
13331,386,376
13332,386,377
13333,386,378
13334,386,379
13335,386,380
13336,386,381
13337,386,382
13338,386,383
13339,386,384
13340,386,385
13341,386,386
13342,387,230
13343,387,231
13344,387,232
13345,387,233
13346,387,234
13347,387,235
13348,387,236
13349,387,237
13350,387,238
13351,387,239
13352,387,240
13353,387,241
13354,387,242
13355,387,243
13356,387,244
13357,387,245
13358,387,246
13359,387,247
13360,387,248
13361,387,249
13362,387,250
13363,387,251
13364,387,252
13365,387,253
13366,387,254
13367,387,255
13368,387,256
13369,387,257
13370,387,258
13371,387,259
13372,387,260
13373,387,261
13374,387,262
13375,387,263
13376,387,264
13377,387,265
13378,387,266
13379,387,267
13380,387,268
13381,387,269
13382,387,270
13383,387,271
13384,387,272
13385,387,273
13386,387,274
13387,387,275
13388,387,276
13389,387,277
13390,387,302
13391,387,303
13392,387,304
13393,387,305
13394,387,306
13395,387,307
13396,387,308
13397,387,309
13398,387,310
13399,387,311
13400,387,312
13401,387,313
13402,387,314
13403,387,315
13404,387,316
13405,387,317
13406,387,318
13407,387,319
13408,387,346
13409,387,347
13410,387,348
13411,387,349
13412,387,350
13413,387,351
13414,387,352
13415,387,353
13416,387,354
13417,387,355
13418,387,356
13419,387,357
13420,387,358
13421,387,359
13422,387,360
13423,387,361
13424,387,362
13425,387,363
13426,387,364
13427,387,365
13428,387,366
13429,387,367
13430,387,368
13431,387,369
13432,387,370
13433,387,371
13434,387,372
13435,387,373
13436,387,374
13437,387,375
13438,387,376
13439,387,377
13440,387,378
13441,387,379
13442,387,380
13443,387,381
13444,387,382
13445,387,383
13446,387,384
13447,387,385
13448,387,386
13449,388,230
13450,388,231
13451,388,232
13452,388,233
13453,388,234
13454,388,235
13455,388,236
13456,388,237
13457,388,238
13458,388,239
13459,388,240
13460,388,241
13461,388,242
13462,388,243
13463,388,244
13464,388,245
13465,388,246
13466,388,247
13467,388,248
13468,388,249
13469,388,250
13470,388,251
13471,388,252
13472,388,253
13473,388,254
13474,388,255
13475,388,256
13476,388,257
13477,388,258
13478,388,259
13479,388,260
13480,388,261
13481,388,262
13482,388,263
13483,388,264
13484,388,265
13485,388,266
13486,388,267
13487,388,268
13488,388,269
13489,388,270
13490,388,271
13491,388,272
13492,388,273
13493,388,274
13494,388,275
13495,388,276
13496,388,277
13497,388,304
13498,388,305
13499,388,306
13500,388,307
13501,388,308
13502,388,309
13503,388,310
13504,388,311
13505,388,312
13506,388,313
13507,388,314
13508,388,315
13509,388,316
13510,388,317
13511,388,318
13512,388,319
13513,388,346
13514,388,347
13515,388,348
13516,388,349
13517,388,350
13518,388,351
13519,388,352
13520,388,353
13521,388,354
13522,388,355
13523,388,356
13524,388,357
13525,388,358
13526,388,359
13527,388,360
13528,388,361
13529,388,362
13530,388,363
13531,388,364
13532,388,365
13533,388,366
13534,388,367
13535,388,368
13536,388,369
13537,388,370
13538,388,371
13539,388,372
13540,388,373
13541,388,374
13542,388,375
13543,388,376
13544,388,377
13545,388,378
13546,388,379
13547,388,380
13548,388,381
13549,388,382
13550,388,383
13551,388,384
13552,388,385
13553,388,386
13554,389,230
13555,389,231
13556,389,232
13557,389,233
13558,389,234
13559,389,235
13560,389,236
13561,389,237
13562,389,238
13563,389,239
13564,389,240
13565,389,241
13566,389,242
13567,389,243
13568,389,244
13569,389,245
13570,389,246
13571,389,247
13572,389,248
13573,389,249
13574,389,250
13575,389,251
13576,389,252
13577,389,253
13578,389,254
13579,389,255
13580,389,256
13581,389,257
13582,389,258
13583,389,259
13584,389,260
13585,389,261
13586,389,262
13587,389,263
13588,389,264
13589,389,265
13590,389,266
13591,389,267
13592,389,268
13593,389,269
13594,389,270
13595,389,271
13596,389,272
13597,389,273
13598,389,274
13599,389,275
13600,389,276
13601,389,277
13602,389,305
13603,389,306
13604,389,307
13605,389,308
13606,389,309
13607,389,310
13608,389,311
13609,389,312
13610,389,313
13611,389,314
13612,389,315
13613,389,316
13614,389,317
13615,389,318
13616,389,319
13617,389,346
13618,389,347
13619,389,348
13620,389,349
13621,389,350
13622,389,351
13623,389,352
13624,389,353
13625,389,354
13626,389,355
13627,389,356
13628,389,357
13629,389,358
13630,389,359
13631,389,360
13632,389,361
13633,389,362
13634,389,363
13635,389,364
13636,389,365
13637,389,366
13638,389,367
13639,389,368
13640,389,369
13641,389,370
13642,389,371
13643,389,372
13644,389,373
13645,389,374
13646,389,375
13647,389,376
13648,389,377
13649,389,378
13650,389,379
13651,389,380
13652,389,381
13653,389,382
13654,389,383
13655,389,384
13656,389,385
13657,389,386
13658,390,230
13659,390,231
13660,390,232
13661,390,233
13662,390,234
13663,390,235
13664,390,236
13665,390,237
13666,390,238
13667,390,270
13668,390,271
13669,390,272
13670,390,273
13671,390,274
13672,390,275
13673,390,276
13674,390,277
13675,390,306
13676,390,307
13677,390,308
13678,390,309
13679,390,310
13680,390,311
13681,390,312
13682,390,313
13683,390,314
13684,390,315
13685,390,316
13686,390,317
13687,390,318
13688,390,319
13689,390,346
13690,390,347
13691,390,348
13692,390,349
13693,390,350
13694,390,351
13695,390,352
13696,390,353
13697,390,354
13698,390,355
13699,390,356
13700,390,357
13701,390,358
13702,390,359
13703,390,360
13704,390,361
13705,390,362
13706,390,363
13707,390,364
13708,390,365
13709,390,366
13710,390,367
13711,390,368
13712,390,369
13713,390,370
13714,390,371
13715,390,372
13716,390,373
13717,390,374
13718,390,375
13719,390,376
13720,390,377
13721,390,378
13722,390,379
13723,390,380
13724,390,381
13725,390,382
13726,390,383
13727,390,384
13728,390,385
13729,390,386
13730,391,230
13731,391,231
13732,391,232
13733,391,233
13734,391,234
13735,391,235
13736,391,236
13737,391,237
13738,391,238
13739,391,270
13740,391,271
13741,391,272
13742,391,273
13743,391,274
13744,391,275
13745,391,276
13746,391,277
13747,391,308
13748,391,309
13749,391,310
13750,391,311
13751,391,312
13752,391,313
13753,391,314
13754,391,315
13755,391,316
13756,391,317
13757,391,318
13758,391,319
13759,391,346
13760,391,347
13761,391,348
13762,391,349
13763,391,350
13764,391,351
13765,391,352
13766,391,353
13767,391,354
13768,391,355
13769,391,356
13770,391,357
13771,391,358
13772,391,359
13773,391,360
13774,391,361
13775,391,362
13776,391,363
13777,391,364
13778,391,365
13779,391,366
13780,391,367
13781,391,368
13782,391,369
13783,391,370
13784,391,371
13785,391,372
13786,391,373
13787,391,374
13788,391,375
13789,391,376
13790,391,377
13791,391,378
13792,391,379
13793,391,380
13794,391,381
13795,391,382
13796,391,383
13797,391,384
13798,391,385
13799,391,386
13800,392,230
13801,392,231
13802,392,232
13803,392,233
13804,392,234
13805,392,235
13806,392,236
13807,392,237
13808,392,238
13809,392,270
13810,392,271
13811,392,272
13812,392,273
13813,392,274
13814,392,275
13815,392,276
13816,392,277
13817,392,309
13818,392,310
13819,392,311
13820,392,312
13821,392,313
13822,392,314
13823,392,315
13824,392,316
13825,392,317
13826,392,318
13827,392,319
13828,392,346
13829,392,347
13830,392,348
13831,392,349
13832,392,350
13833,392,351
13834,392,352
13835,392,353
13836,392,354
13837,392,355
13838,392,356
13839,392,357
13840,392,358
13841,392,359
13842,392,360
13843,392,361
13844,392,362
13845,392,363
13846,392,364
13847,392,365
13848,392,366
13849,392,367
13850,392,368
13851,392,369
13852,392,370
13853,392,371
13854,392,372
13855,392,373
13856,392,374
13857,392,375
13858,392,376
13859,392,377
13860,392,378
13861,392,379
13862,392,380
13863,392,381
13864,392,382
13865,392,383
13866,392,384
13867,392,385
13868,392,386
13869,393,230
13870,393,231
13871,393,232
13872,393,233
13873,393,234
13874,393,235
13875,393,236
13876,393,237
13877,393,238
13878,393,270
13879,393,271
13880,393,272
13881,393,273
13882,393,274
13883,393,275
13884,393,276
13885,393,277
13886,393,309
13887,393,310
13888,393,311
13889,393,312
13890,393,313
13891,393,314
13892,393,315
13893,393,316
13894,393,317
13895,393,318
13896,393,319
13897,393,346
13898,393,347
13899,393,348
13900,393,349
13901,393,350
13902,393,351
13903,393,352
13904,393,353
13905,393,354
13906,393,355
13907,393,356
13908,393,357
13909,393,358
13910,393,359
13911,393,360
13912,393,361
13913,393,362
13914,393,363
13915,393,364
13916,393,365
13917,393,366
13918,393,367
13919,393,368
13920,393,369
13921,393,370
13922,393,371
13923,393,372
13924,393,373
13925,393,374
13926,393,375
13927,393,376
13928,393,377
13929,393,378
13930,393,379
13931,393,380
13932,393,381
13933,393,382
13934,393,383
13935,393,384
13936,393,385
13937,393,386
13938,393,387
13939,393,388
13940,393,389
13941,393,390
13942,393,391
13943,393,392
13944,393,393
13945,393,394
13946,393,395
13947,393,396
13948,393,397
13949,393,398
13950,393,399
13951,393,400
13952,393,401
13953,394,230
13954,394,231
13955,394,232
13956,394,233
13957,394,234
13958,394,235
13959,394,236
13960,394,237
13961,394,238
13962,394,270
13963,394,271
13964,394,272
13965,394,273
13966,394,274
13967,394,275
13968,394,276
13969,394,277
13970,394,309
13971,394,310
13972,394,311
13973,394,312
13974,394,313
13975,394,314
13976,394,315
13977,394,316
13978,394,317
13979,394,318
13980,394,319
13981,394,346
13982,394,347
13983,394,348
13984,394,349
13985,394,350
13986,394,351
13987,394,352
13988,394,353
13989,394,354
13990,394,355
13991,394,356
13992,394,357
13993,394,358
13994,394,359
13995,394,360
13996,394,361
13997,394,362
13998,394,363
13999,394,364
14000,394,365
14001,394,366
14002,394,367
14003,394,368
14004,394,369
14005,394,370
14006,394,371
14007,394,372
14008,394,373
14009,394,374
14010,394,375
14011,394,376
14012,394,377
14013,394,378
14014,394,379
14015,394,380
14016,394,381
14017,394,382
14018,394,383
14019,394,384
14020,394,385
14021,394,386
14022,394,387
14023,394,388
14024,394,389
14025,394,390
14026,394,391
14027,394,392
14028,394,393
14029,394,394
14030,394,395
14031,394,396
14032,394,397
14033,394,398
14034,394,399
14035,394,400
14036,394,401
14037,395,230
14038,395,231
14039,395,232
14040,395,233
14041,395,234
14042,395,235
14043,395,236
14044,395,237
14045,395,238
14046,395,270
14047,395,271
14048,395,272
14049,395,273
14050,395,274
14051,395,275
14052,395,276
14053,395,277
14054,395,309
14055,395,310
14056,395,311
14057,395,312
14058,395,313
14059,395,346
14060,395,347
14061,395,348
14062,395,349
14063,395,350
14064,395,351
14065,395,352
14066,395,353
14067,395,354
14068,395,355
14069,395,356
14070,395,357
14071,395,358
14072,395,359
14073,395,360
14074,395,361
14075,395,362
14076,395,363
14077,395,364
14078,395,365
14079,395,366
14080,395,367
14081,395,368
14082,395,369
14083,395,370
14084,395,371
14085,395,372
14086,395,373
14087,395,374
14088,395,375
14089,395,376
14090,395,377
14091,395,378
14092,395,379
14093,395,380
14094,395,381
14095,395,382
14096,395,383
14097,395,384
14098,395,385
14099,395,386
14100,395,387
14101,395,388
14102,395,389
14103,395,390
14104,395,391
14105,395,392
14106,395,393
14107,395,394
14108,395,395
14109,395,396
14110,395,397
14111,395,398
14112,395,399
14113,395,400
14114,395,401
14115,396,230
14116,396,231
14117,396,232
14118,396,233
14119,396,234
14120,396,235
14121,396,236
14122,396,237
14123,396,238
14124,396,309
14125,396,310
14126,396,311
14127,396,312
14128,396,313
14129,396,346
14130,396,347
14131,396,348
14132,396,349
14133,396,350
14134,396,351
14135,396,352
14136,396,353
14137,396,354
14138,396,355
14139,396,356
14140,396,357
14141,396,358
14142,396,359
14143,396,360
14144,396,361
14145,396,362
14146,396,363
14147,396,364
14148,396,365
14149,396,366
14150,396,367
14151,396,368
14152,396,369
14153,396,370
14154,396,371
14155,396,372
14156,396,373
14157,396,374
14158,396,375
14159,396,376
14160,396,377
14161,396,378
14162,396,379
14163,396,380
14164,396,381
14165,396,382
14166,396,383
14167,396,384
14168,396,385
14169,396,386
14170,396,387
14171,396,388
14172,396,389
14173,396,390
14174,396,391
14175,396,392
14176,396,393
14177,396,394
14178,396,395
14179,396,396
14180,396,397
14181,396,398
14182,396,399
14183,396,400
14184,396,401
14185,397,230
14186,397,231
14187,397,232
14188,397,233
14189,397,234
14190,397,235
14191,397,236
14192,397,237
14193,397,238
14194,397,309
14195,397,310
14196,397,311
14197,397,312
14198,397,313
14199,397,346
14200,397,347
14201,397,348
14202,397,349
14203,397,350
14204,397,351
14205,397,352
14206,397,353
14207,397,354
14208,397,355
14209,397,356
14210,397,357
14211,397,358
14212,397,359
14213,397,360
14214,397,374
14215,397,375
14216,397,376
14217,397,377
14218,397,378
14219,397,379
14220,397,380
14221,397,381
14222,397,382
14223,397,383
14224,397,384
14225,397,385
14226,397,386
14227,397,387
14228,397,388
14229,397,389
14230,397,390
14231,397,391
14232,397,392
14233,397,393
14234,397,394
14235,397,395
14236,397,396
14237,397,397
14238,397,398
14239,397,399
14240,397,400
14241,397,401
14242,398,230
14243,398,231
14244,398,232
14245,398,233
14246,398,234
14247,398,235
14248,398,236
14249,398,237
14250,398,238
14251,398,309
14252,398,310
14253,398,311
14254,398,312
14255,398,313
14256,398,346
14257,398,347
14258,398,348
14259,398,349
14260,398,350
14261,398,351
14262,398,352
14263,398,353
14264,398,354
14265,398,355
14266,398,356
14267,398,357
14268,398,358
14269,398,359
14270,398,381
14271,398,382
14272,398,383
14273,398,384
14274,398,385
14275,398,386
14276,398,387
14277,398,388
14278,398,389
14279,398,390
14280,398,391
14281,398,392
14282,398,393
14283,398,394
14284,398,395
14285,398,396
14286,398,397
14287,398,398
14288,398,399
14289,398,400
14290,398,401
14291,399,230
14292,399,231
14293,399,232
14294,399,233
14295,399,234
14296,399,235
14297,399,236
14298,399,237
14299,399,238
14300,399,346
14301,399,347
14302,399,348
14303,399,349
14304,399,350
14305,399,351
14306,399,352
14307,399,353
14308,399,354
14309,399,355
14310,399,356
14311,399,357
14312,399,358
14313,399,359
14314,399,381
14315,399,382
14316,399,383
14317,399,384
14318,399,385
14319,399,386
14320,399,387
14321,399,388
14322,399,389
14323,399,390
14324,399,391
14325,399,392
14326,399,393
14327,399,394
14328,399,395
14329,399,396
14330,399,397
14331,399,398
14332,399,399
14333,399,400
14334,399,401
14335,400,230
14336,400,231
14337,400,232
14338,400,233
14339,400,234
14340,400,235
14341,400,236
14342,400,237
14343,400,238
14344,400,346
14345,400,347
14346,400,348
14347,400,349
14348,400,350
14349,400,351
14350,400,352
14351,400,353
14352,400,354
14353,400,355
14354,400,356
14355,400,357
14356,400,358
14357,400,359
14358,400,381
14359,400,382
14360,400,383
14361,400,384
14362,400,385
14363,400,386
14364,400,387
14365,400,388
14366,400,389
14367,400,390
14368,400,391
14369,400,392
14370,400,393
14371,400,394
14372,400,395
14373,400,396
14374,400,397
14375,400,398
14376,400,399
14377,400,400
14378,400,401
14379,401,230
14380,401,231
14381,401,232
14382,401,233
14383,401,234
14384,401,235
14385,401,236
14386,401,237
14387,401,238
14388,401,346
14389,401,347
14390,401,348
14391,401,349
14392,401,350
14393,401,351
14394,401,352
14395,401,353
14396,401,354
14397,401,355
14398,401,356
14399,401,357
14400,401,358
14401,401,359
14402,401,381
14403,401,382
14404,401,383
14405,401,384
14406,401,385
14407,401,386
14408,401,387
14409,401,388
14410,401,389
14411,401,390
14412,401,391
14413,401,392
14414,401,393
14415,401,394
14416,401,395
14417,401,396
14418,401,397
14419,401,398
14420,401,399
14421,401,400
14422,401,401
14423,402,230
14424,402,231
14425,402,232
14426,402,233
14427,402,234
14428,402,235
14429,402,236
14430,402,237
14431,402,238
14432,402,346
14433,402,347
14434,402,348
14435,402,349
14436,402,350
14437,402,351
14438,402,352
14439,402,353
14440,402,354
14441,402,355
14442,402,356
14443,402,357
14444,402,358
14445,402,359
14446,402,381
14447,402,382
14448,402,383
14449,402,384
14450,402,385
14451,402,386
14452,402,387
14453,402,388
14454,402,389
14455,402,390
14456,402,391
14457,402,392
14458,402,393
14459,402,394
14460,402,395
14461,402,396
14462,402,397
14463,402,398
14464,402,399
14465,402,400
14466,402,401
14467,403,230
14468,403,231
14469,403,232
14470,403,233
14471,403,234
14472,403,235
14473,403,236
14474,403,237
14475,403,238
14476,403,346
14477,403,347
14478,403,348
14479,403,349
14480,403,350
14481,403,351
14482,403,352
14483,403,353
14484,403,354
14485,403,355
14486,403,356
14487,403,357
14488,403,358
14489,403,359
14490,403,381
14491,403,382
14492,403,383
14493,403,384
14494,403,385
14495,403,386
14496,403,387
14497,403,388
14498,403,389
14499,403,390
14500,403,391
14501,403,392
14502,403,393
14503,403,394
14504,403,395
14505,403,396
14506,403,397
14507,403,398
14508,403,399
14509,403,400
14510,403,401
14511,404,231
14512,404,232
14513,404,233
14514,404,234
14515,404,235
14516,404,236
14517,404,237
14518,404,238
14519,404,346
14520,404,347
14521,404,348
14522,404,349
14523,404,350
14524,404,351
14525,404,352
14526,404,353
14527,404,354
14528,404,355
14529,404,356
14530,404,357
14531,404,358
14532,404,359
14533,404,381
14534,404,382
14535,404,383
14536,404,384
14537,404,385
14538,404,386
14539,404,387
14540,404,388
14541,404,389
14542,404,390
14543,404,391
14544,404,392
14545,404,393
14546,404,394
14547,404,395
14548,404,396
14549,404,397
14550,404,398
14551,404,399
14552,404,400
14553,404,401
14554,405,231
14555,405,232
14556,405,233
14557,405,234
14558,405,235
14559,405,236
14560,405,237
14561,405,238
14562,405,346
14563,405,347
14564,405,348
14565,405,349
14566,405,350
14567,405,351
14568,405,352
14569,405,353
14570,405,354
14571,405,355
14572,405,356
14573,405,357
14574,405,358
14575,405,359
14576,405,381
14577,405,382
14578,405,383
14579,405,384
14580,405,385
14581,405,386
14582,405,387
14583,405,388
14584,405,389
14585,405,390
14586,405,391
14587,405,392
14588,405,393
14589,405,394
14590,405,395
14591,405,396
14592,405,397
14593,405,398
14594,405,399
14595,405,400
14596,405,401
14597,406,231
14598,406,232
14599,406,233
14600,406,234
14601,406,235
14602,406,236
14603,406,237
14604,406,238
14605,406,346
14606,406,347
14607,406,348
14608,406,349
14609,406,350
14610,406,351
14611,406,352
14612,406,353
14613,406,354
14614,406,355
14615,406,356
14616,406,357
14617,406,358
14618,406,359
14619,406,381
14620,406,382
14621,406,383
14622,406,384
14623,406,385
14624,406,386
14625,406,387
14626,406,388
14627,406,389
14628,406,390
14629,406,391
14630,406,392
14631,406,393
14632,406,394
14633,406,395
14634,406,396
14635,406,397
14636,406,398
14637,406,399
14638,406,400
14639,406,401
