<?xml version="1.0" encoding="utf-8"?>
<COLLADA xmlns="http://www.collada.org/2005/11/COLLADASchema" version="1.4.1" xmlns:xsi="http://www.w3.org/2001/XMLSchema-instance">
  <asset>
    <contributor>
      <author>Blender User</author>
      <authoring_tool>Blender 3.3.1 commit date:2022-10-04, commit time:18:35, hash:b292cfe5a936</authoring_tool>
    </contributor>
    <created>2025-06-11T19:35:12</created>
    <modified>2025-06-11T19:35:12</modified>
    <unit name="meter" meter="1"/>
    <up_axis>Z_UP</up_axis>
  </asset>
  <library_images/>
  <library_geometries>
    <geometry id="Floor_mesh_020-mesh" name="Floor_mesh.020">
      <mesh>
        <source id="Floor_mesh_020-mesh-positions">
          <float_array id="Floor_mesh_020-mesh-positions-array" count="3993">-16.45096 -11.09922 0 -16.45096 -11.09922 1.5 15.76235 -11.09922 1.5 18.09809 -11.09922 0 18.09809 -11.09922 1.5 18.09809 18.13787 0 18.09809 18.13787 1.5 -13.70434 18.13787 1.5 -16.45096 18.13787 0 -16.45096 18.13787 1.5 -5.001509 -11.09922 1.5 -2.091392 18.18787 1.5 -5.001509 18.13787 1.5 -5.001509 13.41068 1.5 -16.50096 0.9247173 1.5 -16.45096 0.9247173 0 -5.001509 -6.770981 1.5 -14.36425 -6.770981 1.5 -14.36425 -11.14922 1.5 -5.001509 11.16376 1.5 -16.50096 15.78885 1.5 18.14809 1.578301 1.5 -10.36043 18.13787 1.5 -10.36043 13.36068 1.5 9.157914 -11.09922 1.5 15.61875 4.941056 1.5 13.09481 1.578301 1.5 -5.101509 -8.922503 1.5 -2.978039 -8.972503 1.5 -16.45096 11.16376 1.5 -8.351929 18.13787 1.5 13.09481 -9.112751 1.5 15.76235 -9.062751 1.5 15.92566 18.19031 1.50184 18.14809 11.42614 1.5 18.14809 13.07875 1.5 9.650675 11.42614 1.5 15.92267 13.02875 1.5 9.655352 18.13787 1.5 4.731317 8.236584 1.5 -5.101509 -0.8682328 1.5 -2.898493 1.649185 1.5 4.410978 1.649185 1.5 11.07815 8.750736 1.5 -5.001509 -3.023186 1.5 -14.36425 0.9247173 0 15.87267 16.623 1.5 14.03615 14.76574 1.5 15.97267 14.76574 1.5 -2.978039 -6.200668 1.5 12.411 18.18787 1.5 9.555354 15.18747 1.5 9.655352 14.6374 1.5 -9.786958 0.9747171 1.5 13.93431 6.682051 1.5 4.310978 -2.255538 1.5 2.519389 1.649185 1.5 -9.836958 -3.023186 1.5 4.410978 -3.87272 1.5 18.14809 -6.215893 1.5 13.09481 -6.215893 1.5 -0.8251083 -6.250669 1.5 12.411 15.13747 1.5 -10.41745 11.21376 1.5 -16.50096 -9.037754 1.5 -16.50096 -9.037754 0 -16.50096 -11.14922 1.5 15.76235 -11.14922 1.5 15.76235 -11.14922 0 18.09809 -11.14922 0 18.09809 -11.14922 1.5 18.14809 16.623 1.5 18.14809 16.623 0 -13.70434 18.18787 1.5 -13.70434 18.18787 0 -16.50096 18.18787 1.5 -9.691761 -11.14922 1.5 -9.691761 -11.14922 0 -5.051509 -11.14922 0 -5.051509 -11.14922 1.5 -2.091392 18.18787 0 -5.051509 18.18787 0 -5.051509 18.18787 1.5 -5.101509 18.13787 1.5 -5.101509 18.13787 0 -5.101509 16.10925 0 -5.001509 13.41068 0 -5.001509 18.13787 0 -16.50096 0.9247173 0 -16.50096 -6.770981 0 -16.50096 -6.770981 1.5 -5.001509 -11.09922 0 -5.001509 -6.770981 0 -16.45096 -6.820981 1.5 -16.45096 -6.820981 0 -16.45096 -6.720981 0 -16.45096 -6.720981 1.5 -16.50096 -11.14922 0 -14.36425 -11.14922 0 -12.22686 -6.720981 0 -14.41425 -11.09922 1.5 -14.41425 -11.09922 0 -14.31425 -9.037754 0 -5.001509 11.16376 0 -16.50096 15.78885 0 -16.50096 13.41068 0 -16.50096 13.41068 1.5 -16.45096 13.36068 1.5 -16.45096 13.36068 0 -13.70434 13.36068 0 -13.04484 13.46068 0 -16.45096 13.46068 0 -16.45096 13.46068 1.5 18.14809 1.578301 0 18.14809 4.891056 0 18.14809 4.891056 1.5 -5.101509 4.891056 0 -5.101509 1.699185 0 -5.101509 4.891056 1.5 -2.091392 4.841056 0 -2.898493 4.941056 0 -10.36043 18.18787 1.5 -10.36043 18.18787 0 -10.36043 13.36068 0 -13.75434 18.13787 1.5 -13.75434 18.13787 0 -13.65434 15.78885 0 -13.65434 18.13787 0 -13.65434 18.13787 1.5 9.107913 -11.14922 1.5 9.107913 -11.14922 0 13.14481 -11.14922 0 13.14481 -11.14922 1.5 15.61875 4.941056 0 13.14481 4.941056 0 13.14481 4.941056 1.5 13.09481 4.841056 1.5 13.09481 1.578301 0 13.19481 2.30625 1.5 13.19481 2.30625 0 13.19481 4.841056 1.5 -5.101509 -11.09922 1.5 -5.101509 -8.922503 0 -5.101509 -11.09922 0 13.19481 -11.09922 1.5 13.19481 -11.09922 0 13.19481 -8.922503 0 -2.978039 -8.972503 0 4.590856 -8.872505 0 -5.001509 -8.872505 1.5 -16.50096 11.16376 0 -16.50096 11.16376 1.5 -5.001509 4.005 0 -16.45096 11.11376 1.5 -16.45096 11.11376 0 -13.04484 11.11376 0 -12.43016 11.21376 0 -16.45096 11.21376 0 -16.45096 11.21376 1.5 -8.301929 18.18787 0 -8.301929 18.18787 1.5 -8.301929 13.36068 1.5 -8.301929 13.36068 0 -8.351929 18.13787 0 -8.251931 18.13787 0 -8.251931 18.13787 1.5 11.28284 4.941056 1.5 11.28284 4.941056 0 9.107913 4.941056 0 9.157914 -8.972503 1.5 9.057911 2.30625 0 9.157914 1.699185 1.5 9.157914 1.699185 0 18.14809 -11.09922 1.5 18.14809 -11.09922 0 18.14809 -9.112751 0 18.14809 -9.112751 1.5 13.09481 -11.09922 1.5 13.09481 -9.112751 0 13.09481 -11.09922 0 18.09809 -9.162754 1.5 18.09809 -9.162754 0 15.76235 -9.062751 0 4.681317 18.18787 1.5 4.681317 18.18787 0 4.681317 4.841056 1.5 4.681317 4.841056 0 -2.141392 18.13787 1.5 -2.141392 18.13787 0 -2.141392 8.236584 0 -2.041392 16.10925 0 -2.041392 18.13787 0 -2.041392 18.13787 1.5 -16.50096 18.18787 0 -13.65434 15.78885 1.5 -16.45096 15.73885 1.5 -16.45096 15.73885 0 -16.45096 15.83885 0 -16.45096 15.83885 1.5 15.92267 18.18787 1.5 15.92267 18.18787 0 14.08615 18.18787 0 14.08615 18.18787 1.5 18.09809 4.841056 1.5 13.98431 4.841056 0 18.09809 4.841056 0 14.03615 16.31365 1.5 14.03615 18.13787 1.5 14.03615 18.13787 0 14.03615 16.31365 0 9.750678 8.276655 1.5 9.750678 8.276655 0 14.13615 18.13787 0 14.13615 18.13787 1.5 -16.50096 4.005 0 -16.50096 4.005 1.5 -5.001509 0.9247171 0 -16.45096 3.955 1.5 -16.45096 3.955 0 -12.43016 3.955 0 -8.4664 4.055 1.5 -8.4664 4.055 0 -16.45096 4.055 0 -16.45096 4.055 1.5 18.14809 11.42614 0 18.14809 13.07875 0 14.03615 13.07875 1.5 14.03615 13.07875 0 9.650675 11.42614 0 14.13615 13.02875 1.5 15.92267 13.02875 0 18.09809 13.12875 1.5 18.09809 13.12875 0 9.605354 18.18787 1.5 9.605354 18.18787 0 9.157914 4.841056 1.5 4.631317 18.13787 1.5 4.631317 18.13787 0 4.631317 14.6874 0 4.731317 8.236584 0 4.731317 18.13787 0 4.731317 18.13787 1.5 -5.101509 -0.8682328 0 -5.001509 1.649185 1.5 -2.898493 1.649185 0 4.360978 1.749185 0 18.14809 8.750736 1.5 18.14809 8.750736 0 11.07815 8.750736 0 18.09809 11.37614 1.5 18.09809 11.37614 0 18.09809 11.47614 1.5 18.09809 11.47614 0 -5.001509 -3.023186 0 -16.45096 0.8747173 1.5 -16.45096 0.8747173 0 -8.4664 0.8747171 0 -14.36425 0.9747173 0 -16.45096 0.9747173 0 -16.45096 0.9747173 1.5 18.14809 18.18787 1.5 18.14809 18.18787 0 18.09809 13.02875 1.5 18.09809 13.02875 0 15.87267 18.13787 1.5 15.87267 18.13787 0 15.87267 16.623 0 15.97267 16.31365 1.5 15.97267 16.31365 0 15.97267 18.13787 0 15.97267 18.13787 1.5 -14.31425 -11.09922 1.5 -14.31425 -11.09922 0 -16.45096 -9.087754 1.5 -16.45096 -9.087754 0 -16.45096 -8.987751 0 -16.45096 -8.987751 1.5 6.905699 -8.972503 1.5 6.905699 -8.972503 0 6.905699 1.749185 0 6.905699 1.749185 1.5 6.955699 -2.255538 1.5 6.955699 -2.255538 0 14.03615 14.76574 0 15.97267 14.76574 0 -5.101509 -6.250669 0 6.955699 -8.872505 1.5 6.955699 -6.250669 0 6.955699 -6.250669 1.5 4.360978 -6.300669 1.5 4.360978 -6.300669 0 -2.978039 -6.200668 0 -5.101509 -6.250669 1.5 4.590856 -11.14922 1.5 4.590856 -11.14922 0 9.057911 -11.09922 1.5 9.057911 -8.872505 1.5 9.057911 -11.09922 0 9.157914 -11.09922 0 12.411 18.18787 0 9.555354 18.13787 1.5 9.555354 18.13787 0 9.555354 15.18747 0 9.655352 14.6374 0 9.655352 18.13787 0 -9.786958 -6.820981 0 -9.786958 0.9747171 0 -14.36425 0.9747173 1.5 -14.41425 0.9247173 0 -14.31425 0.9247173 0 3.815383 -8.972503 0 3.815383 -6.200668 0 3.815383 -6.200668 1.5 3.865383 -6.300669 1.5 1.463731 -8.972503 1.5 1.463731 -8.972503 0 1.463731 -6.200668 0 1.463731 -6.200668 1.5 1.413731 -6.300669 1.5 1.513731 -6.300669 1.5 13.19481 -3.061113 0 9.057911 -3.061113 1.5 9.057911 -3.061113 0 11.28284 2.25625 0 9.057911 2.30625 1.5 18.14809 6.682051 1.5 18.14809 6.682051 0 13.93431 6.682051 0 18.09809 8.700736 1.5 18.09809 8.700736 0 18.09809 8.800735 1.5 18.09809 8.800735 0 11.17815 8.800735 1.5 4.360978 1.749185 1.5 4.310978 -2.255538 0 4.410978 -0.8682328 0 18.14809 -3.3473 1.5 18.14809 -3.3473 0 13.09481 -3.3473 0 15.61875 1.528301 0 18.09809 1.628301 1.5 18.09809 1.628301 0 13.98431 4.841056 1.5 18.09809 6.632051 1.5 18.09809 6.632051 0 18.09809 6.732051 1.5 18.09809 6.732051 0 14.03431 6.732051 1.5 2.519389 4.941056 0 2.519389 1.649185 0 -2.898493 4.941056 1.5 -10.41043 18.13787 1.5 -10.41043 18.13787 0 -10.31043 18.13787 0 -10.31043 18.13787 1.5 -5.101509 0.9747171 1.5 -9.836958 0.8747172 1.5 -9.836958 -3.023186 0 -9.736958 0.8747172 1.5 -5.101509 -3.87272 1.5 -5.101509 -3.87272 0 4.410978 -3.87272 0 2.569389 1.749185 1.5 2.519389 4.941056 1.5 18.14809 -6.215893 0 13.09481 -6.215893 0 18.09809 -6.265893 1.5 18.09809 -6.265893 0 18.09809 -6.165893 1.5 18.09809 -6.165893 0 -5.101509 16.10925 1.5 -0.8251083 -8.972503 1.5 -0.8251083 -8.972503 0 -0.8251083 -6.200668 0 -0.8251083 -6.200668 1.5 -0.8751085 -6.250669 1.5 -0.7751083 -6.250669 1.5 12.411 15.13747 0 -2.091392 4.841056 1.5 18.09809 4.941056 1.5 18.09809 4.941056 0 18.09809 1.528301 1.5 18.09809 1.528301 0 15.61875 1.528301 1.5 13.19481 -3.061113 1.5 4.540856 -11.09922 1.5 4.540856 -11.09922 0 4.640856 -11.09922 1.5 4.640856 -11.09922 0 -13.04484 11.11376 1.5 -12.22686 -11.14922 0 -12.22686 -11.14922 1.5 -9.691761 -6.720981 0 -12.27686 -11.09922 1.5 -12.27686 -11.09922 0 -12.17686 -11.09922 1.5 -12.17686 -11.09922 0 -10.41745 11.21376 0 -10.41745 3.955 0 -10.36745 4.055 1.5 18.09809 -3.3973 1.5 18.09809 -3.3973 0 18.09809 -3.297299 1.5 18.09809 -3.297299 0 4.631317 14.6874 1.5 -9.74176 -11.09922 1.5 -9.74176 -11.09922 0 -9.641758 -11.09922 1.5 -9.641758 -11.09922 0 12.361 18.13787 1.5 12.361 18.13787 0 12.461 15.23748 1.5 12.461 18.13787 0 12.461 18.13787 1.5 18.09809 16.573 1.5 18.09809 16.573 0 18.09809 16.673 1.5 18.09809 16.673 0 11.28284 2.25625 1.5 11.33284 4.841056 1.5 18.09809 -9.062751 1.5 18.09809 -9.062751 0 15.71235 -11.09922 1.5 15.71235 -11.09922 0 15.81235 -11.09922 1.5 15.81235 -11.09922 0 -12.48016 4.055 1.5 -13.75434 15.83885 0 -13.75434 15.83885 1.5 -8.5164 0.9747171 0 -8.5164 0.9747171 1.5 -8.416399 0.9747171 0 -8.416399 0.9747171 1.5 -5.101509 0.9747171 0 1.513731 -8.872505 0 1.513731 -8.872505 1.5 1.513731 -6.300669 0 13.19481 1.528301 1.5 13.19481 1.528301 0 2.569389 1.749185 0 2.569389 4.841056 0 2.569389 4.841056 1.5 1.413731 -8.872505 0 1.413731 -8.872505 1.5 1.413731 -6.300669 0 2.469389 1.749185 0 2.469389 4.841056 0 2.469731 4.841056 1.5 2.469389 1.749185 1.5 -5.001509 16.05925 0 -2.141392 16.05925 1.5 -5.001509 16.05925 1.5 -2.141392 16.05925 0 13.19481 1.628301 1.5 15.56875 1.628301 1.5 15.56875 1.628301 0 13.19481 1.628075 0 15.66845 1.628301 1.5 15.66875 1.628301 0 -2.041392 4.941056 0 -2.041392 8.186797 1.5 -2.041563 4.941056 1.5 -2.041392 8.186584 0 -2.041392 8.286584 1.5 -2.041392 8.286584 0 -2.141392 8.236584 1.5 4.640599 -8.972503 0 4.640856 -8.972503 1.5 -2.141392 4.941056 1.5 -2.141392 4.941056 0 -2.141392 16.15888 1.5 -2.141392 16.15925 0 -5.001509 0.9247171 1.5 -8.4664 0.8747171 1.5 4.731317 14.6374 0 4.731317 14.6374 1.5 -14.41425 0.8747172 0 -14.41425 0.8747172 1.5 -14.31425 0.8747172 0 -14.31425 0.8747172 1.5 -9.836958 0.8747172 0 -9.737095 0.8747172 0 3.765383 -8.872505 1.5 3.765383 -8.872505 0 3.765383 -6.300669 0 3.765383 -6.300669 1.5 3.865383 -8.872505 1.5 3.865383 -8.872505 0 3.865383 -6.300669 0 -13.09484 11.21376 1.5 -12.99484 11.21376 1.5 -12.38125 4.055 1.5 -12.43016 3.955 1.5 -12.38016 4.055 1.5 -10.46745 4.055 1.5 -10.46745 11.11376 1.5 -10.41745 3.955 1.5 -8.5164 3.955 1.5 -12.38016 11.11376 1.5 -8.416399 3.955 1.5 -5.101509 3.955 1.5 -5.001509 4.005 1.5 -5.101509 11.21376 1.5 -5.101509 0.8747171 1.5 -5.101509 4.055 1.5 -5.101509 1.699185 1.5 -2.948493 1.749185 1.5 -2.848493 1.749185 1.5 -5.001509 1.749185 1.5 4.310978 -0.9182327 1.5 -5.001509 -0.9182327 1.5 -5.001509 4.841056 1.5 -5.001509 4.941056 1.5 -9.74176 -6.820981 1.5 -9.691761 -6.720981 1.5 -5.101509 -6.720981 1.5 -5.001509 -8.972503 1.5 -3.028039 -6.300669 1.5 -3.028039 -8.872505 1.5 -5.001509 -6.300669 1.5 -5.001509 -3.82272 1.5 -2.928039 -6.300669 1.5 -0.8751085 -6.300669 1.5 -0.8251083 -6.300669 1.5 -0.8235889 -6.300669 1.5 -0.8246448 -6.281166 1.5 -0.7751083 -8.872505 1.5 -0.7751083 -6.300669 1.5 4.410978 -6.200668 1.5 4.310978 -3.82272 1.5 9.555354 14.7374 1.5 11.23284 4.841056 1.5 9.655352 15.13747 1.5 9.655352 15.23748 1.5 9.650675 8.326656 1.5 12.361 15.23748 1.5 14.03431 4.941056 1.5 14.03431 6.632051 1.5 11.17815 8.700736 1.5 -8.351929 13.46068 1.5 -5.101509 13.36068 1.5 -5.001509 16.15925 1.5 4.540856 -8.972503 1.5 6.855699 -8.872505 1.5 -14.31425 -9.037754 1.5 -14.41425 -8.988801 1.5 -14.41425 -8.987751 1.5 -14.41425 -6.820981 1.5 -14.41425 -6.720981 1.5 -13.75434 13.46068 1.5 -13.75434 15.73885 1.5 -14.41425 -9.087754 1.5 -14.31425 -6.820981 1.5 -14.31425 -6.720981 1.5 -13.70434 13.36068 1.5 -13.65434 13.46068 1.5 -13.0946 13.36068 1.5 -13.04484 13.46068 1.5 -12.99484 13.36068 1.5 -12.27665 -6.820981 1.5 -12.22686 -6.720981 1.5 -12.17686 -6.820981 1.5 -10.41043 13.46068 1.5 -10.31043 13.46068 1.5 -12.47907 11.11376 1.5 -12.48016 11.11376 1.5 -12.43016 11.21376 1.5 -10.36745 11.11376 1.5 -9.836958 -6.720981 1.5 -9.787416 -6.720981 1.5 -9.786958 -6.820981 1.5 -9.737094 -6.721312 1.5 -9.736958 -3.072948 1.5 -9.641758 -6.820981 1.5 -8.252278 13.46068 1.5 -5.101509 13.46054 1.5 -5.101509 -6.820981 1.5 -5.101509 -3.073186 1.5 -9.736958 -2.973186 1.5 -5.101509 -2.973186 1.5 -5.101509 11.11376 1.5 -5.001509 -6.200668 1.5 -5.001509 -3.92272 1.5 -5.001509 -0.8182328 1.5 -2.948151 4.841056 1.5 -2.848493 4.841056 1.5 -0.8751085 -8.872505 1.5 -2.928039 -8.872505 1.5 -2.041392 16.10925 1.5 4.310978 -6.200668 1.5 4.310978 -3.92272 1.5 4.410978 -0.8682328 1.5 4.310978 -0.8182328 1.5 4.311222 1.649185 1.5 4.410978 -2.305538 1.5 4.590856 -8.872505 1.5 4.410978 -2.205538 1.5 3.815383 -8.972503 1.5 4.631317 4.941056 1.5 4.631317 8.186584 1.5 4.631317 8.286375 1.5 4.730921 4.941056 1.5 6.855699 -6.300669 1.5 6.855699 -6.200668 1.5 6.855699 -2.305538 1.5 6.855699 -2.206552 1.5 6.855699 -2.205538 1.5 6.855699 1.649185 1.5 4.731317 14.7374 1.5 6.955699 1.649185 1.5 9.057911 4.841056 1.5 9.05905 4.841056 1.5 9.057911 1.749185 1.5 9.057911 1.747748 1.5 9.057911 -8.972503 1.5 9.107913 -8.922503 1.5 9.057911 1.649185 1.5 9.107913 4.941056 1.5 11.23284 2.35625 1.5 11.3317 2.35625 1.5 9.157914 2.256585 1.5 11.33284 2.35625 1.5 9.157914 -8.872505 1.5 9.157914 -3.110862 1.5 13.09481 -3.111114 1.5 9.157914 2.35625 1.5 13.09481 2.35625 1.5 13.09481 2.25625 1.5 13.19481 -8.922503 1.5 13.09481 -8.872756 1.5 13.09481 -3.011113 1.5 13.19481 -9.162754 1.5 13.19481 -9.062751 1.5 13.19481 -6.265667 1.5 13.09481 -3.3473 1.5 13.09481 -8.972503 1.5 9.157914 -3.011113 1.5 15.71278 -9.162754 1.5 15.81235 -9.162754 1.5 9.650675 8.226654 1.5 13.93431 4.941056 1.5 9.750678 11.37614 1.5 9.750678 11.47614 1.5 14.13615 13.12875 1.5 14.13615 14.71574 1.5 14.13615 14.81574 1.5 14.13615 16.26365 1.5 14.13615 16.36365 1.5 15.56905 4.841056 1.5 15.66875 4.841056 1.5 15.87267 13.12875 1.5 15.87267 14.71574 1.5 15.87267 14.81574 1.5 15.87267 16.26365 1.5 15.87267 16.36365 1.5 15.97267 13.12875 1.5 15.97267 16.573 1.5 15.97267 16.673 1.5 13.19481 -3.397074 1.5 13.19481 -3.297299 1.5 13.19481 -6.165893 1.5 -9.736958 -6.720981 0 -9.736958 -3.073186 0 -9.736958 -2.973186 0 -5.001509 1.649185 0 4.310978 1.649185 0 6.855699 1.649185 0 6.955455 1.649185 0 9.057911 1.649185 0 4.410978 1.649185 0 -5.001509 1.749185 0 -2.948151 1.749185 0 -2.848493 1.749185 0 9.057911 1.749185 0 -5.101509 0.8747171 0 -14.41425 -8.987751 0 9.157914 2.25625 0 13.09481 2.25625 0 -8.5164 3.955 0 -8.416718 3.955 0 -5.101509 3.955 0 -13.75434 15.73885 0 -13.75434 13.46068 0 -14.41425 -9.087754 0 -14.41425 -6.820981 0 -14.41425 -6.720981 0 -14.31425 -6.820981 0 -14.31425 -6.720981 0 -13.65434 13.46068 0 4.540856 -8.972503 0 -13.09484 11.21376 0 -13.09484 13.36068 0 -12.99484 11.21376 0 -12.99484 13.36068 0 -12.27686 -6.820981 0 -12.17686 -6.820981 0 -10.41009 13.46068 0 -10.31043 13.46068 0 15.71235 -9.162754 0 13.19481 -9.162754 0 15.81235 -9.162754 0 13.19481 -9.062751 0 -12.48016 4.055 0 -12.48016 11.11376 0 -12.38016 4.055 0 -12.38016 11.11376 0 12.461 15.23748 0 -10.46745 4.055 0 -10.46745 11.11376 0 -10.36745 4.055 0 -10.36745 11.11376 0 -9.836958 -6.720981 0 -9.74176 -6.820981 0 -9.641758 -6.820981 0 -5.001509 -8.972503 0 9.057911 -8.972503 0 13.09481 -8.972503 0 9.157914 -8.972503 0 -5.001509 -8.872649 0 -3.028039 -8.872505 0 -0.8751085 -8.872505 0 -2.928039 -8.872505 0 -0.7751083 -8.872505 0 6.855813 -8.872505 0 6.955699 -8.872505 0 9.057911 -8.872505 0 9.157914 -8.872505 0 13.09481 -8.872505 0 13.19481 -6.265893 0 13.19481 -6.165893 0 9.157914 2.35625 0 11.23284 2.35625 0 13.09481 2.35625 0 11.33284 2.35625 0 4.410978 -6.200668 0 4.410978 -2.305538 0 4.410978 -2.205538 0 -5.101509 -6.820981 0 4.311276 -6.200668 0 4.310978 -3.922551 0 4.310978 -3.82272 0 4.310978 -0.9180637 0 4.310978 -0.8182328 0 -5.101509 -6.720981 0 -8.351929 13.46068 0 -8.251931 13.46068 0 -5.001509 -6.300669 0 -3.028039 -6.300669 0 -2.928039 -6.300669 0 -0.8751085 -6.300669 0 -0.7751083 -6.300669 0 6.855699 -6.300669 0 -5.001509 -6.200668 0 6.855699 -6.200668 0 13.19481 -3.3973 0 13.19481 -3.297299 0 4.631317 8.286584 0 4.631317 8.186584 0 9.157914 -3.111114 0 9.157914 4.841056 0 9.157914 -3.011113 0 9.057911 4.841056 0 -5.101509 11.21376 0 14.03431 6.732051 0 -5.101509 11.1139 0 -11.42785 0.9747172 0 14.03431 6.632051 0 6.855699 -2.305538 0 6.855699 -2.205538 0 -5.001509 4.941056 0 4.631317 4.941056 0 4.731317 4.941056 0 13.93431 4.941056 0 14.03431 4.941056 0 -2.948493 4.841056 0 -5.001509 4.841056 0 -2.848493 4.841056 0 11.23284 4.841056 0 11.33284 4.841056 0 13.09481 4.841056 0 13.19481 4.841056 0 15.56875 4.841056 0 15.66875 4.841056 0 4.731317 14.7374 0 -5.101509 4.055 0 15.97267 13.12875 0 15.97267 16.573 0 15.97267 16.673 0 15.87267 13.12875 0 15.87267 14.71574 0 15.87267 16.36365 0 15.87267 16.26365 0 15.87267 14.81574 0 11.17815 8.700736 0 11.17815 8.800735 0 9.750678 11.37614 0 9.750678 11.47614 0 14.13615 13.02875 0 14.13615 14.71574 0 14.13615 13.12875 0 14.13615 14.81574 0 14.13615 16.26365 0 14.13615 16.36365 0 9.650675 8.226654 0 9.650675 8.326656 0 -5.001509 -0.9182327 0 -5.001509 -0.8182328 0 -5.001509 16.15925 0 12.36134 15.23748 0 -5.101509 13.46068 0 13.09481 -3.110862 0 13.09481 -3.011113 0 9.655352 15.23748 0 -5.101509 13.36068 0 9.655352 15.13747 0 9.555354 14.7374 0 -5.001509 -3.92272 0 -5.001509 -3.822889 0 -5.101509 -3.072948 0 -5.101509 -2.973186 0 -5.101509 17.49028 1.5 -5.101509 17.49028 0 -5.101509 16.49028 0 -5.001509 17.49028 0 -5.001509 16.49028 0 -5.001509 17.49028 1.5 -5.001509 16.49028 1.5 -5.001509 14.4128 1.5 -5.001509 14.4128 0 -5.001509 15.4128 0 -5.001509 -9.8162 1.5 -5.001509 -10.8162 0 -5.001509 -9.8162 0 -13.67272 -6.720981 1.5 -12.67272 -6.720981 1.5 -13.67272 -6.720981 0 -12.67272 -6.720981 0 -14.41425 -10.59979 1.5 -14.41425 -10.59979 0 -14.41425 -9.599792 0 -14.41425 -8.452897 0 -14.41425 -7.452894 0 -14.41425 -8.452897 1.5 -14.31425 -7.452894 1.5 -14.31425 -8.452897 1.5 -14.31425 -8.452897 0 -14.31425 -7.452894 0 -5.002217 12.71868 1.499526 -5.001509 11.72429 0 -5.002217 12.71868 -4.74373e-4 -4.449662 4.841056 0 -3.449662 4.841056 0 -4.449662 4.841056 1.5 -4.449662 4.941056 0 -3.449662 4.941056 0 -3.449662 4.941056 1.5 -12.20397 13.36068 0 -11.20397 13.36068 0 -11.20397 13.36068 1.5 -12.20397 13.36068 1.5 -13.75434 16.57935 1.5 -13.75434 14.22012 0 -13.75434 14.22012 1.5 -13.75434 15.22012 1.5 -13.65434 17.57935 1.5 -13.65434 16.57935 1.5 -13.65434 16.57935 0 -13.65434 17.57935 0 -5.101509 -10.8162 1.5 -5.101509 -9.8162 1.5 -5.101509 -10.8162 0 -5.101509 -9.8162 0 -4.474103 -8.972503 0 -3.474103 -8.972503 0 -3.474103 -8.972503 1.5 -4.474103 -8.972503 1.5 -1.37625 -8.872505 1.5 -2.37625 -8.872505 0 -1.37625 -8.872505 0 2.186069 -8.872505 1.5 3.186069 -8.872505 1.5 2.186069 -8.872505 0 3.186069 -8.872505 0 -4.474103 -8.872505 1.5 -3.474103 -8.872505 0 -3.474103 -8.872505 1.5 -4.474103 -8.872611 0 -0.09509086 -8.872505 0 0.9049091 -8.872505 0 -15.99573 11.11376 1.5 -14.99573 11.11376 1.5 -14.99573 11.11376 0 -15.99573 11.21376 1.5 -15.99573 11.21376 0 -14.99573 11.21376 0 9.57866 -8.972503 0 10.57866 -8.972503 0 10.57866 -8.972503 1.5 9.57866 -8.972503 1.5 14.0758 -9.162754 0 15.0758 -9.162754 0 15.0758 -9.162754 1.5 14.0758 -9.162754 1.5 16.56064 -9.162754 0 17.56064 -9.162754 0 17.56064 -9.162754 1.5 16.56064 -9.162754 1.5 14.0758 -9.062751 0 15.0758 -9.062751 0 3.195487 4.841056 0 4.195487 4.841056 0 4.195487 4.841056 1.5 -2.141392 8.647003 0 -2.141392 9.647003 0 -2.141392 8.647003 1.5 -2.141392 9.647003 1.5 -13.65434 15.22012 1.5 -13.65434 15.22012 0 14.03615 16.72503 1.5 14.03615 17.72503 1.5 14.03615 16.72503 0 14.03615 17.72503 0 14.13615 13.39833 1.5 14.13615 14.39833 1.5 14.13615 13.39833 0 14.13615 14.39833 0 14.13615 12.97261 1.5 9.750678 13.55236 0 14.13615 12.97261 0 14.13615 16.02773 0 14.13615 15.02773 0 14.13615 16.02773 1.5 14.13615 15.02773 1.5 14.13615 16.72503 1.5 14.13615 17.72503 0 14.13615 16.72503 0 -13.8161 3.955 0 -12.8161 3.955 0 -12.8161 3.955 1.5 -13.8161 3.955 1.5 -11.88964 4.055 1.5 -11.88964 4.055 0 -13.8161 4.055 0 -13.8161 4.055 1.5 -12.8161 4.055 1.5 -8.885169 4.055 0 -8.885169 4.055 1.5 9.650675 13.55236 1.5 14.03615 12.97261 1.5 9.650675 13.55236 0 14.03615 12.97261 0 16.56733 13.12875 0 17.56733 13.12875 0 17.56733 13.12875 1.5 4.731317 14.1205 0 4.731317 13.1205 0 4.731317 13.1205 1.5 -4.351898 1.649185 0 -3.351898 1.649185 0 -4.351898 1.649185 1.5 -4.351898 1.749185 1.5 -3.351898 1.749185 1.5 -4.351898 1.749185 0 -3.351898 1.749185 0 9.650675 7.790272 1.5 11.07815 9.253719 0 9.650675 7.790272 0 -5.001509 -1.486843 0 -5.001509 -2.486843 0 -5.001509 -2.486843 1.5 -5.001509 -1.486843 1.5 -13.40549 0.8747172 1.5 -11.42785 0.8747172 1.5 -13.40549 0.8747172 0 -11.42785 0.8747172 0 17.56733 13.02875 1.5 16.56733 13.02875 1.5 17.56733 13.02875 0 16.56733 13.02875 0 -14.31425 -9.599792 0 -14.31425 -10.59979 0 -14.31425 -9.599792 1.5 -14.31425 -10.59979 1.5 8.537837 -8.972503 1.5 7.537837 -8.972503 1.5 7.537837 -8.972503 0 8.537837 -8.972503 0 7.536212 1.749185 0 8.536212 1.749185 0 7.536212 1.749185 1.5 6.855699 0.1654968 1.5 6.855699 1.165497 1.5 6.855699 1.165497 0 6.855699 0.1654968 0 6.855699 -8.332159 1.5 6.855699 -7.332157 1.5 6.855789 -8.332159 0 6.855744 -7.332157 0 6.855699 -3.448968 0 6.855699 -4.448968 0 6.855699 -4.448968 1.5 6.855699 -3.448968 1.5 6.955485 1.165497 0 6.955548 0.1654968 0 14.03615 15.02773 1.5 14.03615 16.02773 1.5 14.03615 15.02773 0 14.03615 16.02773 0 6.955699 -8.332159 0 6.955699 -7.332157 0 6.955699 -8.332159 1.5 9.57866 -8.872529 1.5 9.57866 -8.872505 0 10.57866 -8.872505 0 14.03615 13.39833 1.5 14.03615 13.39833 0 14.03615 14.39833 0 -13.67272 -6.820981 1.5 -12.67272 -6.820981 1.5 -13.67272 -6.820981 0 -12.67272 -6.820981 0 -13.40549 0.9747173 0 -14.41425 -4.860066 0 -14.41425 -3.860066 0 -14.41425 -3.860066 1.5 -14.31425 -4.860066 0 -14.31425 -4.860066 1.5 3.186069 -8.972503 1.5 2.186069 -8.972503 1.5 2.186069 -8.972503 0 3.186069 -8.972503 0 13.19481 -0.03211307 1.5 13.19481 -1.032113 1.5 13.19481 -1.032113 0 13.19481 -0.03211307 0 9.853221 2.25625 0 10.85322 2.25625 0 10.85322 2.256318 1.5 9.853221 2.256476 1.5 9.853221 2.35625 1.5 9.853221 2.35625 0 10.85322 2.35625 0 11.70096 2.35625 1.5 11.70096 2.35625 0 12.70096 2.35625 0 13.93431 7.837423 1.5 13.93431 7.837423 0 11.07815 7.820932 0 13.09481 -1.032113 1.5 13.09481 -0.03211307 1.5 13.09481 -1.032113 0 13.09481 -0.03211307 0 13.99842 1.528301 1.5 14.99842 1.528301 1.5 13.99842 1.528301 0 14.99842 1.528301 0 13.99842 1.628151 0 14.99842 1.628247 0 17.46696 1.628301 0 16.46696 1.628301 0 17.46696 1.628301 1.5 16.46696 1.628301 1.5 14.41601 6.632051 0 15.51785 6.632051 0 15.51785 6.632051 1.5 14.41601 6.632051 1.5 14.41601 6.732051 0 15.51785 6.732051 0 15.51785 6.732051 1.5 14.41601 6.732051 1.5 -2.948373 2.834455 1.5 -2.948262 3.834455 1.5 -2.948271 2.834455 0 -2.948382 3.834455 0 -2.848493 2.834455 0 -2.848493 3.834455 0 -8.808753 18.18787 1.5 -9.808753 18.18787 1.5 -8.808753 18.18787 0 -9.808753 18.18787 0 -9.78431 13.36068 0 -8.78431 13.36068 0 -9.78431 13.36068 1.5 -8.78431 13.36068 1.5 -6.197471 -6.820981 1.5 -7.197471 -6.820981 1.5 -7.197471 -6.820981 0 -6.197471 -6.820981 0 -9.836958 -1.604015 0 -9.836958 -2.604015 0 -9.836958 -2.604015 1.5 -9.836958 -1.604015 1.5 -9.736958 -4.290446 0 -9.736958 -3.290446 0 -9.737006 -4.290446 1.5 -9.736958 -2.604015 0.1439111 -9.737009 -1.604015 0 -9.736958 -2.604015 1.5 -5.101509 -5.793224 1.5 -5.101509 -4.793224 1.5 -5.101509 -5.793224 0 -5.101509 -4.793224 0 3.195487 4.941056 1.5 4.195487 4.941056 0 3.195487 4.941056 0 8.536212 1.649185 1.5 7.536212 1.649185 1.5 7.536212 1.649185 0 8.536212 1.649185 0 13.09481 -7.933766 1.5 13.09481 -6.933766 1.5 13.09481 -7.933766 0 13.09481 -6.933766 0 -5.101509 14.4128 1.5 -5.101509 15.4128 1.5 -5.101509 14.4128 0 -5.101509 15.4128 0 -5.101509 11.72429 0 -5.102217 12.71868 -4.74373e-4 -5.101509 11.72429 1.5 -5.102217 12.71868 1.499526 -2.041392 9.647003 1.5 -2.041392 8.647003 0 -2.041392 9.647003 0 -0.09509086 -8.972503 1.5 0.9049091 -8.972503 1.5 -0.09509086 -8.972503 0 0.9049091 -8.972503 0 -1.37625 -8.972503 1.5 -2.37625 -8.972503 1.5 -2.37625 -8.972503 0 -1.37625 -8.972503 0 9.750678 7.790272 0 11.17815 9.253719 0 9.750678 7.790272 1.5 11.17815 7.820932 1.5 14.03431 7.837423 1.5 11.17815 7.820932 0 14.03431 7.837423 0 10.7331 15.13747 0 11.7331 15.13747 0 11.7331 15.13747 1.5 10.7331 15.13747 1.5 12.6777 15.23748 0 5.936265 8.326656 0 12.6777 15.23748 1.5 10.7331 15.23748 1.5 11.7331 15.23748 1.5 10.7331 15.23748 0 11.7331 15.23748 0 1.745862 8.186676 1.5 0.7458611 8.186584 0 1.745862 8.186584 0 0.7458611 8.286499 1.5 0.7458611 8.286584 0 1.745862 8.286584 0 17.46696 1.528301 1.5 16.46696 1.528301 1.5 16.46696 1.528301 0 17.46696 1.528301 0 13.19481 -7.933766 0 13.19481 -6.933766 0 13.19481 -5.074657 1.5 13.19481 -4.074657 1.5 13.19481 -5.074657 0 13.19481 -4.074657 0 7.537837 -8.872505 1.5 8.537837 -8.872505 1.5 7.537837 -8.872505 0 8.537837 -8.872505 0 -5.001509 -4.793224 0 -5.001509 -5.793224 0 -5.001509 -5.793224 1.5 -9.836958 -4.290446 1.5 -9.836958 -3.290446 1.5 -9.836958 -3.290446 0 -9.836958 -4.290446 0 -11.20397 13.46068 0 -11.20397 13.46068 1.5 -9.78431 13.46068 0 -9.78431 13.46068 1.5 -8.78431 13.46068 1.5 -11.88964 11.11376 0 -10.88964 11.11376 0 -11.88964 11.11376 1.5 -10.88964 11.11376 1.5 -12.27686 -9.479416 0 -12.27686 -8.479416 0 -12.27678 -9.479416 1.5 -12.27673 -8.479416 1.5 -12.17686 -8.479416 1.5 -12.17686 -9.479416 1.5 -12.17686 -9.479416 0 -12.17686 -8.479416 0 -8.885169 3.955 1.5 -9.885169 3.955 1.5 -8.885169 3.955 0 -9.885169 3.955 0 -5.101509 -2.486843 0 -5.101509 -1.486843 0 -5.101509 -1.486843 1.5 -5.101509 -2.486843 1.5 13.09481 -5.074657 1.5 13.09481 -4.074657 1.5 13.09481 -5.074657 0 13.09481 -4.074657 0 4.631317 13.1205 1.5 4.631317 14.1205 1.5 4.631317 13.1205 0 4.631317 14.1205 0 9.15213 14.6374 1.5 8.15213 14.6374 1.5 8.15213 14.6374 0 9.15213 14.6374 0 8.15213 14.7374 0 9.15213 14.7374 0 9.15213 14.7374 1.5 -7.197471 -6.720981 0 -6.197471 -6.720981 0 5.936265 8.226654 1.5 12.6777 15.13747 1.5 5.936265 8.226654 0 12.6777 15.13747 0 6.955699 -4.448968 0 6.955699 -3.448968 0 6.955699 -4.448968 1.5 6.955699 -3.448968 1.5 17.55576 16.573 1.5 16.55576 16.573 1.5 16.55576 16.573 0 17.55576 16.573 0 16.55576 16.673 0 17.55576 16.673 0 16.55576 16.673 1.5 12.70096 2.25625 1.5 11.70096 2.25625 1.5 12.70096 2.25625 0 11.70096 2.25625 0 16.56064 -9.062751 0 17.56064 -9.062751 0 16.56064 -9.062751 1.5 17.56064 -9.062751 1.5 -11.88964 11.21376 0 -10.88964 3.955 0 -10.88964 3.955 1.5 -5.101509 16.49028 1.5 -5.001509 15.4128 1.5 -5.001509 -10.8162 1.5 -14.41425 -7.452894 1.5 -14.41425 -9.599792 1.5 -5.001509 11.72429 1.5 -4.449662 4.941056 1.5 -3.449662 4.841056 1.5 -12.20397 13.46068 1.5 -12.20397 13.46068 0 -13.65434 14.22012 1.5 -13.75434 17.57935 1.5 -13.65434 14.22012 0 -13.75434 15.22012 0 -13.75434 16.57935 0 -13.75434 17.57935 0 -2.37625 -8.872505 1.5 -0.09509086 -8.872505 1.5 0.9049091 -8.872505 1.5 -14.99573 11.21376 1.5 -15.99573 11.11376 0 10.57866 -8.872593 1.5 15.0758 -9.062751 1.5 14.0758 -9.062751 1.5 4.195487 4.941056 1.5 3.195487 4.841056 1.5 -2.041392 8.647003 1.5 14.13615 17.72503 1.5 9.750678 13.55236 1.5 14.03615 14.39833 1.5 -12.8161 4.055 0 -9.885169 4.055 0 -10.88964 4.055 0 -11.88964 3.955 0 -10.88964 4.055 1.5 -11.88964 3.955 1.5 16.56733 13.12875 1.5 4.731317 14.1205 1.5 -3.351898 1.649185 1.5 11.07815 9.253719 1.5 -13.40549 0.9747173 1.5 8.536212 1.749185 1.5 6.955699 -7.332157 1.5 6.955699 0.1654968 1.5 6.955699 1.165497 1.5 -14.41425 -4.860066 1.5 -14.31425 -3.860066 1.5 -14.31425 -3.860066 0 10.85322 2.35625 1.5 12.70096 2.35625 1.5 11.07815 7.820932 1.5 14.99842 1.628301 1.5 13.99842 1.628301 1.5 -2.848493 2.834455 1.5 -2.848493 3.834455 1.5 -8.808753 18.13787 0 -9.808753 18.13787 0 -9.808753 18.13787 1.5 -8.808753 18.13787 1.5 -8.78431 13.46068 0 -7.197471 -6.720981 1.5 -9.736958 -1.604015 1.5 -9.736968 -3.290446 1.5 -5.001509 -4.793224 1.5 13.19481 -7.933766 1.5 13.19481 -6.933766 1.5 11.17815 9.253719 1.5 5.936265 8.326656 1.5 1.745862 8.286465 1.5 0.7458611 8.186707 1.5 -10.88964 11.21376 1.5 -11.88964 11.21376 1.5 -10.88964 11.21376 0 -9.885169 4.055 1.5 8.15213 14.7374 1.5 -6.197471 -6.720981 1.5 17.55576 16.673 1.5 -11.42785 0.9747172 1.5 -8.101146 4.055 0 -7.101146 4.055 0 -8.101146 3.955 1.5 -7.101146 3.955 1.5 -8.101146 4.055 1.5 -8.101146 3.955 0 -7.101146 3.955 0 -7.101146 4.055 1.5</float_array>
          <technique_common>
            <accessor source="#Floor_mesh_020-mesh-positions-array" count="1331" stride="3">
              <param name="X" type="float"/>
              <param name="Y" type="float"/>
              <param name="Z" type="float"/>
            </accessor>
          </technique_common>
        </source>
        <source id="Floor_mesh_020-mesh-normals">
          <float_array id="Floor_mesh_020-mesh-normals-array" count="600">-1 0 0 0 -1 0 1 0 0 0 1 0 0.9999995 -0.001021623 0 0 -1 2.26566e-7 -7.23293e-5 1 -7.11238e-5 1 0 2.31425e-4 0 -1 -2.03166e-7 0 -1 -3.47125e-7 0 -1 0 0 -1 0 -1 0 -2.98818e-5 -1 -4.23584e-5 -6.00812e-5 1 0 -1.00772e-4 1 6.30935e-5 -1.6276e-4 6.44336e-5 1 5.96327e-5 0 1 1.66218e-5 0 1 0 0 -1 0 0 1 0 0 -1 4.55065e-5 -1.56703e-4 -1 2.23111e-4 -1 9.89458e-5 0 -9.44941e-5 1 -1.00082e-4 0 1 -3.60904e-5 0 1 0 -1 1.09901e-4 7.99497e-5 -1 1.10722e-4 -6.80287e-5 0.003126323 -0.09911578 0.9950711 -0.09651255 -0.02277278 0.9950712 -0.01456761 0.09808892 0.9950711 -1 -7.28599e-5 0 9.05312e-4 6.29363e-4 0.9999994 5.76804e-4 -9.39673e-4 0.9999994 -6.98962e-4 -8.52724e-4 0.9999994 1 0 6.99361e-6 1 -3.66164e-5 9.09089e-5 1 0 -3.36965e-5 1 3.53963e-5 -9.15528e-5 0 -1 -1.12512e-4 0 1 -1.13059e-4 0 1 -2.87958e-7 0 -1 0 0.1078277 0.0254544 0.9938437 -0.03816831 0.1040176 0.9938429 -1.83898e-5 -0.1107973 0.993843 -1 1.10732e-4 2.28087e-4 0 -1 1.50411e-4 -0.9999994 0.001103162 0 1 -5.27903e-5 0 -0.005217611 0.02211362 0.9997419 0.02253347 0.002911388 0.9997419 -0.02272081 2.93949e-6 0.9997419 1.29374e-4 1 2.47189e-4 1 0 2.64168e-4 -3.21626e-5 -1 1.41424e-4 0 -1 6.25767e-5 0 1 5.74821e-5 3.1068e-5 1 8.0204e-5 -1 0 2.00272e-4 1 -9.34057e-5 2.00272e-4 -6.4012e-5 -1 -1.68276e-4 0 1 1.4837e-7 1 0 -1.71343e-4 -5.13309e-5 -1 -1.58827e-4 0 1 9.36393e-5 0 -1 -9.46562e-5 -1 1.11348e-4 1.60217e-4 0 0 1 -0.007299482 0.9999734 2.20032e-4 -1 4.90705e-5 8.64665e-5 -1 0 5.277e-5 0 -1 -1.12649e-4 0 -1 1.5093e-4 -1 -1.16618e-4 -2.25703e-4 -1 0 -1.98682e-4 -1 2.21945e-4 2.86738e-4 -8.16291e-6 0 1 -3.48716e-6 0 1 3.7623e-6 0 1 -3.06515e-6 0 1 -3.85345e-6 0 1 3.48709e-6 0 1 -5.40429e-6 0 1 -8.22738e-7 0 1 1.64548e-6 0 1 3.22649e-6 0 1 3.48312e-6 0 1 1.3679e-6 0 1 0.3053368 0.3053416 -0.9019623 0.3053369 0.3053417 -0.9019623 0.3053368 0.3053417 -0.9019623 1.59997e-6 0 1 -1.49935e-6 0 1 -1.32128e-6 1 -3.55393e-6 0 1 -3.56138e-6 -2.86032e-7 1 -3.55955e-6 -3.70815e-6 0 1 3.70815e-6 0 1 -2.96435e-6 0 1 0 1 0 0 -6.84934e-4 0.9999998 3.70815e-6 0 1 -2.70209e-6 0 1 -1.78283e-6 0 1 3.44454e-6 0 1 2.15353e-6 0 1 -1.919e-6 0 1 -1.81751e-6 0 1 1.87568e-6 1 -3.76813e-6 -2.05671e-6 1 -3.76516e-6 4.46206e-7 1 -3.76627e-6 0.02338105 -0.9991717 0.0333057 3.35532e-4 -4.95442e-6 1 3.35532e-4 -4.9702e-6 1 3.35532e-4 -4.97024e-6 1 0.9999995 -0.001022577 0 0 1 -9.52337e-5 1 -7.42192e-5 0 0 -1 0 0 -1 0 1 1.07092e-4 -2.12352e-4 -1 -4.4379e-5 0 -1 0 -7.59764e-5 1 6.19755e-5 0 1 0 -1.42733e-4 0 1 1.66769e-4 5.89323e-5 1 0 0 -1 -8.02609e-7 -1.58716e-4 -1 0 0 -1 1.50646e-4 -1 0 1.6276e-4 0 1 -1.50716e-4 -9.46852e-5 1 0 0 1 -1.99053e-7 -1 -1.10532e-4 2.27928e-4 -1 -1.10722e-4 -2.27928e-4 -1 0 -2.26974e-4 1 -5.2617e-5 0 1 0 3.17891e-5 1 -8.61096e-7 0 0 -1 1.62687e-7 1.81518e-5 -1 0 -1.81774e-5 1 0 -4.60959e-5 -1 0 -0.9999994 0.001101672 0 1 0 1.13964e-4 1 -1.19998e-4 0 0 -1 8.21173e-5 -3.20596e-5 -1 0 3.0794e-5 1 0 0 1 1.38374e-4 -1 9.26141e-5 0 6.40119e-5 -1 1.68276e-4 1 1.21075e-4 0 5.13309e-5 -1 1.58827e-4 4.44939e-5 1 0 2.6622e-5 -1 0 -1 0 1.39872e-4 -1 4.86708e-5 0 -1 -1.30611e-4 0 3.87265e-6 0 1 5.75746e-6 0 1 -0.6918499 0.6917659 0.2068911 2.11382e-6 0 1 -3.31035e-6 0 1 -0.03470325 0 0.9993977 0.03643459 -0.002404928 0.9993333 4.28013e-6 0 1 6.88118e-6 0 1 -6.88118e-6 0 1 3.70814e-6 0 1 1.75838e-6 0 1 1.52791e-6 0 1 -2.90417e-6 0 1 1.20474e-6 0 1 -2.19686e-6 0 1 0 1 0 0 -1 0 7.24262e-7 0 1 1.53257e-6 0 1 3.69717e-4 -7.38687e-4 0.9999998 -5.78769e-6 0 1 -6.67763e-6 0 1 7.0283e-7 0 1 -3.28201e-6 0 1 5.25528e-6 0 1 -2.09328e-6 0 1 3.83449e-6 0 1 -2.11382e-6 0 1 5.72829e-4 0.9999996 -6.87254e-4 5.73007e-4 0.9999995 -7.79595e-4 5.73006e-4 0.9999995 -7.78898e-4 -0.05490309 0.9978749 -0.03509265 0 -1 0 -4.02844e-6 0 1 0 -1 -1.73071e-7 0 1 -2.66976e-7 0 1 0</float_array>
          <technique_common>
            <accessor source="#Floor_mesh_020-mesh-normals-array" count="200" stride="3">
              <param name="X" type="float"/>
              <param name="Y" type="float"/>
              <param name="Z" type="float"/>
            </accessor>
          </technique_common>
        </source>
        <source id="Floor_mesh_020-mesh-map-0">
          <float_array id="Floor_mesh_020-mesh-map-0-array" count="11976">0 0.09999996 0 0 0 0.09999996 0.88625 0 1 0 0.88625 0 1 0.992125 1 1 1 0.992125 0.06999999 1 0 1 0.06999999 1 0.1987999 0 0.35 0 0.1987999 0 0.4475 1 0.35 1 0.35 1 0.35 0.8950001 0.35 0.9147221 0.35 0.8950001 0.35 1 0.35 0.9664813 0.35 1 0.35 1 0.35 0.9661799 0.35 1 0.35 0.8966667 0.35 0.9139549 0.35 0.8966667 0.35 0.8933333 0.35 0.890079 0.35 0.890079 0.35 0.88 0.35 0.8850448 0.35 0.88 0 0.1999999 0 0.50345 0 0.50345 0.35 0.2 0.35 0.1641666 0.35 0.1641666 0.35 0 0.35 0.02140337 0.35 0 0.35 0.1608332 0.35 0.09702861 0.35 0.09702861 0.06852936 0.1999999 0 0.1999999 0 0.1999999 0.06852936 0.1999999 0 0.1999999 0 0.1999999 0 0 0.06999999 0 0 0 0.07147055 0.1999999 0.07962399 0.1999999 0.07962399 0.1999999 0.09799998 0.1999999 0.09233337 0.1999999 0.09233337 0.1999999 0.06999999 0.09833329 0.06999999 0.07330149 0.06999999 0.07330149 0.06999999 0 0.06999999 0.02441513 0.06999999 0.02441513 0.06999999 0.1016666 0.06999999 0.1255283 0.06999999 0.1255283 0.06999999 0.1983333 0.06999999 0.1701416 0.06999999 0.1701416 0.06999999 0.09999996 0.06999999 0.1259436 0.06999999 0.09999996 0.06999999 0.1983333 0.06999999 0.1703023 0.06999999 0.1703023 0.35 0.71 0.35 0.7524091 0.35 0.71 0.35 0.88 0.35 0.8280681 0.35 0.88 0 0.9220001 0 0.88 0 0.9220001 0.06999999 0.88 0 0.88 0 0.88 0.06852936 0.88 0 0.88 0 0.88 0.08749997 0.88 0.07147055 0.88 0.07147055 0.88 1 0.511875 1 0.65 1 0.511875 0.3826544 0.65 0.3748685 0.65 0.375042 0.65 0.3514705 0.65 0.3598527 0.65 0.3593436 0.65 0.4475 0.65 0.3855956 0.65 0.3855956 0.65 0.3841249 0.65 0.375389 0.65 0.3841249 0.65 0.3514705 0.65 0.3514705 0.65 0.3595392 0.65 0.1371999 1 0.06999999 1 0.1371999 1 0.06999999 0.88 0.08602941 0.88 0.08602941 0.88 0.0889706 0.8799999 0.1034495 0.88 0.0889706 0.88 0.1371999 0.88 0.1217569 0.88 0.1217569 0.88 0.06999999 0.9236667 0.06999999 0.9482531 0.06999999 0.9482532 0.06999999 1 0.06999999 0.9814558 0.06999999 0.9814558 0.06999999 0.9203333 0.06999999 0.911529 0.06999999 0.911529 0.06999999 0.8816667 0.06999999 0.8945563 0.06999999 0.8945563 0.06999999 0.9220001 0.06999999 0.9482489 0.06999999 0.9220001 0.06999999 1 0.06999999 0.9814543 0.06999999 0.9814543 0.69125 0 0.8375 0 0.69125 0 0.8375 0.65 0.9432795 0.65 0.9432794 0.65 0.9462206 0.65 0.959375 0.65 0.9462206 0.6499999 0.8375 0.6483333 0.8375 0.5785416 0.8375 0.5785416 0.8375 0.511875 0.8375 0.5752083 0.8375 0.511875 0.8375 0.6483333 0.8375 0.576875 0.8375 0.6483333 0.35 0 0.3499999 0.02112841 0.35 0.02112841 0.35 0.1625 0.35 0.09578222 0.35 0.09578222 0.8375 0.1625 0.8375 0.09916663 0.8375 0.09916663 0.8375 0 0.8375 0.0958333 0.8375 0.0958333 0.3514705 0.1625 0.3654613 0.1625 0.3653572 0.1625 0.4051481 0.1625 0.3919888 0.1625 0.4051481 0.1625 0.4066187 0.1625 0.4138097 0.1625 0.4138096 0.1625 0.4333727 0.1625 0.4268417 0.1625 0.4268417 0.1625 0.53707 0.1625 0.5184234 0.1625 0.5184234 0.1625 0.4645949 0.1625 0.4862358 0.1625 0.4862358 0.1625 0.4036775 0.1625 0.3918772 0.1625 0.3919543 0.1625 0.3653572 0.1625 0.3654227 0.1625 0.3654227 0.1625 0.3514705 0.1625 0.3654227 0.1625 0.3654227 0.1625 0.4616538 0.1625 0.4555606 0.1625 0.4616538 0.1625 0.4363138 0.1625 0.4363138 0.1625 0.4435853 0.1625 0.6059375 0.1625 0.5400112 0.1625 0.5400112 0.1625 0 0.88 0 0.71 0 0.71 0.35 0.71 0.35 0.6516667 0.35 0.71 0.35 0.6335 0.35 0.6483334 0.35 0.6483334 0 0.71 0.01169437 0.71 0 0.71 0.08749997 0.71 0.03738331 0.71 0.08749997 0.71 0 0.71 0.01166898 0.71 0.01166898 0.71 0.08602941 0.71 0.03730273 0.71 0.03730273 0.71 0.14875 0.71 0.0889706 0.71 0.14875 0.71 0.35 1 0.238 1 0.35 1 0.238 0.88 0.3485294 0.88 0.3485294 0.88 0.238 0.8816667 0.238 1 0.238 1 0.238 1 0.238 0.8816667 0.238 0.8816667 0.8009375 0.65 0.7684537 0.65 0.7684537 0.65 0.6927205 0.1625 0.7080364 0.1625 0.7083447 0.1625 0.8360294 0.1625 0.7444379 0.1625 0.8360294 0.1625 0.69125 0.576875 0.69125 0.6483333 0.69125 0.6483333 0.69125 0.528125 0.69125 0.5752083 0.69125 0.5752083 0.69125 0.5785416 0.69125 0.6483333 0.6912499 0.6483333 1 0 1 0.09749996 1 0 0.8375 0.09749996 0.8375 0 0.8375 0 0.8847793 0.09749996 0.8731911 0.09749996 0.8731968 0.09749996 0.8389706 0.09749996 0.8549984 0.09749996 0.8389706 0.09749996 0.8877206 0.09749996 0.9244778 0.09749996 0.8877206 0.09749996 1 0.09749996 0.9735996 0.09749996 0.9735996 0.09749996 0.88625 0.09749996 0.8736077 0.09749996 0.8736078 0.09749996 0.8389706 0.09749996 0.8551934 0.09749996 0.8551935 0.09749996 0.4475 1 0.6215375 1 0.6215375 1 0.4475 0.65 0.4594357 0.65 0.4594357 0.65 0.4623768 0.65 0.5095613 0.65 0.4623768 0.65 0.6215375 0.65 0.584924 0.65 0.584924 0.65 0.4475 0.8966667 0.4475 1 0.4475 1 0.4474999 0.7549999 0.4474999 0.7622576 0.4474999 0.7622576 0.4474999 0.8933333 0.4475 0.7799413 0.4475 0.7799413 0.4474999 0.8950001 0.4475 1 0.4475 1 0 1 0 0.9220001 0 1 0.06999999 0.9220001 0.06999999 0.9121472 0.06999999 0.9220001 0.06999999 0.8816667 0.06999999 0.8948232 0.06999999 0.8816667 0.06852936 0.9220001 0 0.9220001 0 0.9220001 0 0.9220001 0.06852936 0.9220001 0.06852936 0.9220001 0.9613249 1 0.94475 1 0.9613249 1 0.94475 0.65 0.9579043 0.65 0.9579043 0.65 1 0.65 0.9608455 0.65 0.9608455 0.65 0.94475 1 0.94475 0.9958415 0.94475 0.9958415 0.94475 0.981625 0.94475 0.9857687 0.94475 0.9857687 0.94475 0.9697209 0.9447501 0.9656099 0.9447501 0.9697209 0.94475 0.9491667 0.94475 0.9526582 0.94475 0.9491667 0.94475 0.8896667 0.94475 0.8913407 0.94475 0.8913407 0.94475 0.9458333 0.94475 0.9438022 0.94475 0.9458333 0.9447501 0.9799584 0.94475 0.9788334 0.94475 0.9799583 0.9447501 0.9730542 0.9447501 0.9740651 0.9447501 0.9730542 0.94475 1 0.94475 0.9961121 0.94475 1 0.94475 0.9832917 0.94475 0.9866948 0.94475 0.9832917 0.94475 0.8775001 0.94475 0.8863334 0.94475 0.8863334 0 0.71 0 0.6335 0 0.71 0.35 0.6335 0.35 0.5297917 0.35 0.6335 0.35 0.50345 0.35 0.5264584 0.35 0.5264584 0 0.6335 0.09747701 0.6335 0 0.6335 0.14875 0.6335 0.1344722 0.6335 0.1344722 0.6335 0.1502205 0.6335 0.1561982 0.6335 0.1561982 0.6335 0.1735294 0.6335 0.1683844 0.6335 0.1683844 0.6335 0 0.6335 0.09772866 0.6335 0 0.6335 0.1472794 0.6335 0.1348193 0.6335 0.1472794 0.6335 0.1764705 0.6335 0.2071748 0.6335 0.1764705 0.6335 0.2975 0.6335 0.2708392 0.6335 0.2975 0.6335 1 0.8880001 1 0.9475 1 0.8880001 0.94475 0.8880001 0.94475 0.8914663 0.94475 0.8880001 0.94475 0.9475001 0.94475 0.9436784 0.94475 0.9436784 0.961325 0.9475 0.9462206 0.9475001 0.961325 0.9475 1 0.9475 0.9907093 0.9475 1 0.9475 0.9627956 0.9475001 0.9732047 0.9475001 0.9627956 0.9475001 0.9462206 0.9475 0.9598544 0.9475 0.9598544 0.9475 0.7669831 1 0.6215375 1 0.7669831 1 0.6215375 0.65 0.6897794 0.65 0.6897794 0.65 0.6215375 1 0.6215375 0.8425 0.6215375 0.8425 0.6215375 1 0.6215375 0.8441666 0.6215375 0.8441666 0.6215375 0.8408333 0.6215375 0.8179148 0.6215375 0.8182896 0.6215375 0.7550001 0.6215375 0.7745596 0.6215375 0.7550001 0.35 0.5051167 0.35 0.528125 0.35 0.5051167 0.35 0.3913812 0.35 0.5017833 0.35 0.5017833 0.69125 0.528125 0.69125 0.3091979 0.69125 0.528125 0.69125 0.1641666 0.69125 0.3058646 0.69125 0.3058645 0.3514705 0.528125 0.3615573 0.528125 0.3610887 0.528125 0.3841249 0.5281249 0.3770847 0.5281249 0.3841249 0.5281249 0.3514705 0.528125 0.3613377 0.528125 0.361336 0.528125 0.3826544 0.528125 0.3765228 0.528125 0.376527 0.528125 0.5675469 0.5281251 0.4623768 0.5281251 0.4623768 0.5281251 0.3855956 0.528125 0.4594357 0.5281251 0.4594356 0.5281251 1 0.7928 1 0.8880001 1 0.7928 0.94475 0.8791667 0.94475 0.8880001 0.94475 0.8791667 0.9447499 0.8758333 0.94475 0.8634063 0.94475 0.8758333 0.94475 0.7928 0.94475 0.8091239 0.94475 0.7928 0.9462206 0.8880001 1 0.8880001 1 0.8880001 1 0.8880001 0.9462205 0.8880001 1 0.8880001 0 0.6335 0 0.50345 0 0.6335 0.35 0.50345 0.35 0.3930479 0.35 0.3930479 0.35 0.3897146 0.35 0.3625717 0.35 0.3630583 0.35 0.291035 0.35 0.3160087 0.35 0.291035 0 0.50345 0.06852936 0.50345 0 0.50345 0.07147055 0.50345 0.09644794 0.50345 0.09644794 0.50345 0.1945294 0.50345 0.1508036 0.50345 0.1945294 0.50345 0.2975 0.50345 0.1974706 0.50345 0.1974706 0.50345 0.06999999 0.50345 0 0.50345 0.06999999 0.50345 1 1 0.9613249 1 1 1 1 0.9475 0.9905641 0.9475 1 0.9475 0.961325 0.9475 0.9727858 0.9475 0.961325 0.9475 0.9613249 0.992125 0.9613249 1 0.9613249 0.992125 0.9613249 1 0.9613249 0.9937917 0.9613249 0.9937917 0.9613249 0.981625 0.9613249 0.9904584 0.9613249 0.9904584 0 0.1999999 0 0.09999996 0 0.1999999 0.06999999 0.09999996 0.06999999 0.07273584 0.06999999 0.09999996 0.06999999 0 0.06999999 0.02422672 0.06999999 0 0.06852936 0.09999996 0 0.09999996 0 0.09999996 0 0.09999996 0.06852936 0.09999996 0.06852936 0.09999996 0.3182044 0.6335 0.3485293 0.6335 0.3485293 0.6335 0.2975 0.50345 0.3485293 0.50345 0.3485293 0.50345 0.2975 0.5051167 0.2975 0.6318334 0.2975 0.6318334 0.2975 0.5051167 0.2975 0.6318334 0.2975 0.5051167 0.6897794 0.1625 0.6777654 0.1625 0.6777654 0.1625 0.6400625 0.1625 0.6546651 0.1625 0.6400625 0.1625 0.6400625 0.5281251 0.6546276 0.5281251 0.6546276 0.5281251 0.6897794 0.528125 0.6777279 0.5281251 0.6777279 0.5281251 0.6400625 0.358862 0.6400625 0.4619504 0.6400625 0.3588621 0.6400625 0.5264585 0.6400625 0.5054285 0.6400625 0.5264584 0.6400625 0.215677 0.6400625 0.1950176 0.6400625 0.194756 0.6400625 0.1641666 0.6400624 0.1749891 0.6400625 0.1749891 0.6400625 0.2190104 0.6400625 0.2804048 0.6400625 0.2190104 0.6400625 0.3555287 0.6400625 0.3154532 0.6400625 0.3154532 0.6400625 0.3571953 0.6400625 0.4621431 0.6400625 0.4621431 0.6400625 0.5264584 0.6400625 0.5054913 0.6400625 0.5264584 0.94475 0.9713875 0.94475 0.9731203 0.94475 0.9731203 0.94475 0.981625 0.94475 0.979734 0.94475 0.979734 0.9613249 0.9713875 0.9613249 0.981625 0.9613249 0.9713875 0.9598543 0.981625 0.9462206 0.981625 0.9462206 0.981625 0.9462206 0.981625 0.9598543 0.981625 0.9598543 0.981625 0.35 0.2016667 0.35 0.2173437 0.35 0.2016667 0.35 0.1625 0.35 0.1983333 0.35 0.1983333 0.6400625 0.1641666 0.6400625 0.1751261 0.6400625 0.1746178 0.6400625 0.2173437 0.6400625 0.1954085 0.6400625 0.2173437 0.3514705 0.2173437 0.4036775 0.2173437 0.4036775 0.2173437 0.4066187 0.2173437 0.4333726 0.2173437 0.4333726 0.2173437 0.4645949 0.2173437 0.53707 0.2173437 0.53707 0.2173437 0.5675469 0.2173437 0.5400112 0.2173437 0.5400112 0.2173437 0.4616538 0.2173437 0.4363138 0.2173437 0.4363138 0.2173437 0.4051481 0.2173437 0.3514705 0.2173437 0.3514706 0.2173437 0.6059375 0 0.69125 0 0.6059375 0 0.8360294 0.1625 0.7444378 0.1625 0.7444379 0.1625 0.6927205 0.1625 0.7080364 0.1625 0.7080364 0.1625 0.69125 0 0.69125 0.1608332 0.69125 0.1608332 0.69125 0 0.69125 0.1608332 0.69125 0.1608332 0.7669831 1 0.8469782 1 0.7669831 1 0.7994669 0.65 0.7669831 0.65 0.7994669 0.65 0.802408 0.65 0.8360294 0.65 0.802408 0.65 0.94475 0.65 0.8389706 0.65 0.8389706 0.65 0.7669831 1 0.7669831 0.8775 0.7669831 0.8775 0.7669831 1 0.7669831 0.8791667 0.7669831 0.8791667 0.7669831 0.8425 0.7669831 0.8758333 0.7669831 0.8758333 0.94475 0.9475001 0.9447501 0.9520252 0.94475 0.9520252 0.94475 0.9713875 0.94475 0.9661851 0.94475 0.9661851 0.9613249 0.9713875 0.961325 0.9491667 0.961325 0.9491667 0.9598543 0.9713875 0.9462205 0.9713875 0.9462206 0.9713875 0.9462205 0.9713875 0.9598543 0.9713875 0.9598543 0.9713875 0.07147055 0.2 0.07936102 0.1999999 0.07936024 0.1999999 0.09652936 0.1999999 0.09165847 0.1999999 0.09166049 0.1999999 0.196 0.1999999 0.09947055 0.1999999 0.09947055 0.2 0.06999999 0.50345 0.09639197 0.50345 0.06999999 0.50345 0.196 0.50345 0.1508309 0.50345 0.196 0.50345 0.06999999 0.2016667 0.06999999 0.2751939 0.06999999 0.2016666 0.06999999 0.5017833 0.06999999 0.3147054 0.06999999 0.3145898 0.06999999 0.2016667 0.06999999 0.2751188 0.06999999 0.2016666 0.06999999 0.5017833 0.06999999 0.5017833 0.06999999 0.3145898 0.5385406 0.1625 0.6044669 0.1625 0.6044669 0.1625 0.6400625 0.1625 0.6074081 0.1625 0.6074081 0.1625 0.5385406 0.2173437 0.5660763 0.2173437 0.5660763 0.2173437 0.5385406 0.1641666 0.5385406 0.1641666 0.5385406 0.215677 0.5385406 0.215677 0.5385406 0.1641666 0.5385406 0.215677 0.5385406 0.1625 0.5183588 0.1625 0.5385406 0.1625 0.4631243 0.1625 0.4862893 0.1625 0.4631243 0.1625 0.5385406 0.2173437 0.4631243 0.2173437 0.5385406 0.2173437 0.4631243 0.1641666 0.4631243 0.1641666 0.4631243 0.215677 0.4631243 0.1641666 0.4631243 0.215677 0.4631243 0.215677 0.8375 0.576875 0.8375 0.5135416 0.8375 0.5135416 0.8375 0.3075312 0.8375 0.3971357 0.8375 0.3075312 0.8375 0.5102083 0.8375 0.4412975 0.8375 0.4412975 0.69125 0.576875 0.69125 0.5297917 0.69125 0.5297917 0.69125 0.3075312 0.69125 0.5264584 0.69125 0.5264584 0.8009375 0.576875 0.7790582 0.576875 0.7790582 0.576875 0.6927206 0.576875 0.7281308 0.576875 0.6927205 0.576875 0.7994669 0.576875 0.7799372 0.576875 0.7799372 0.576875 0.6927205 0.576875 0.7284913 0.576875 0.7284913 0.576875 0.8360294 0.576875 0.8285142 0.576875 0.8285141 0.576875 0.802408 0.576875 0.8094325 0.576875 0.8094325 0.576875 1 0.70712 1 0.7928 1 0.70712 0.94475 0.7928 0.94475 0.7734732 0.94475 0.7734732 0.9447499 0.70712 0.94475 0.7302836 0.9447499 0.7302836 1 0.7928 0.9462205 0.7928 0.9462206 0.7927999 0.9462206 0.7927999 1 0.7928 0.9462205 0.7928 0.5675469 0.5281251 0.6400625 0.5281251 0.6400625 0.5281251 0.5675469 0.2173437 0.6385918 0.2173437 0.6385918 0.2173437 0.5675469 0.3571953 0.5675469 0.3571953 0.5675469 0.3897146 0.5675469 0.5264584 0.5675469 0.3930479 0.5675469 0.3930479 0.5675469 0.5264584 0.5675469 0.3913813 0.5675469 0.5264584 1 0.2301 1 0.511875 1 0.2301 0.8375 0.511875 0.8375 0.4407561 0.8375 0.4407561 0.8375 0.3091979 0.8375 0.3965942 0.8375 0.3965942 0.8375 0.2300999 0.8375 0.3058645 0.8375 0.3058646 0.8389706 0.511875 0.8788883 0.511875 0.8389706 0.511875 0.959375 0.511875 0.9285613 0.511875 0.959375 0.511875 0.8389706 0.511875 0.8792312 0.511875 0.8792312 0.511875 0.9579044 0.511875 0.929331 0.511875 0.929331 0.511875 1 0.511875 0.9898292 0.511875 1 0.511875 0.9608456 0.511875 0.9737139 0.511875 0.9737106 0.511875 1 0.65 1 0.70712 1 0.65 0.9447499 0.70712 0.94475 0.6516667 0.94475 0.6516667 1 0.70712 0.9649757 0.70712 1 0.70712 0.9462205 0.70712 0.9514017 0.70712 0.9506949 0.70712 1 0.70712 0.9644665 0.70712 1 0.70712 0.9462205 0.70712 0.9462205 0.70712 0.9506949 0.70712 0.3841249 0.65 0.4460294 0.65 0.4460294 0.65 0.4609062 0.65 0.4489705 0.6499999 0.4489706 0.65 0.3841249 0.5281249 0.4609062 0.5281249 0.4609062 0.5281249 0.3841249 0.6483333 0.3841249 0.6097404 0.3841249 0.6097405 0.3841249 0.5297916 0.3841249 0.5714007 0.3841249 0.5714007 0.3841249 0.6097405 0.3841249 0.6097405 0.3841249 0.6098207 0.3841249 0.5714007 0.3841249 0.5297916 0.3841249 0.5281249 0.3841249 0.5297916 0.3841249 0.5714007 0.3841249 0.5715605 0.3841249 0.6483333 0.3841249 0.6097405 0.3841249 0.6483333 0.238 1 0.2131821 1 0.238 1 0.1371999 1 0.1642145 1 0.1371999 1 0.238 0.88 0.214379 0.88 0.238 0.88 0.1371999 0.88 0.1654114 0.88 0.1371999 0.88 0.1371999 0.8816667 0.1371999 1 0.1371999 1 0.1371999 1 0.1371999 0.8816667 0.1371999 0.8816667 0.196 0.1999999 0.1973294 0.1999999 0.1988 0.1999999 0.1973294 0.1999999 0.196 0.1999999 0.1973294 0.1999999 0.3485293 0.2 0.3127415 0.2 0.3127415 0.2 0.2002705 0.1999999 0.2800871 0.1999999 0.2002705 0.1999999 0.196 0.50345 0.2960294 0.50345 0.2960294 0.50345 0.3485293 0.50345 0.2989706 0.50345 0.2989706 0.50345 0.196 0.5017834 0.1959999 0.3677654 0.196 0.3673928 0.1959999 0.2910349 0.1959999 0.3136983 0.1959999 0.2910349 0.196 0.2893683 0.196 0.2841399 0.196 0.2841449 0.196 0.2016666 0.196 0.2601013 0.196 0.2016667 0.196 0.2927017 0.1959999 0.3127611 0.196 0.3126617 0.196 0.5017834 0.1959999 0.3667288 0.1959999 0.3670977 0.1959999 0.3670977 0.1959999 0.5017834 0.196 0.5017834 0.35 0.2795 0.35 0.2554393 0.35 0.2554393 0.35 0.2173437 0.35 0.2293006 0.35 0.2293006 0.5675469 0.2795 0.5675469 0.2190104 0.5675469 0.2190104 0.3514705 0.2795 0.5660763 0.2795 0.5660762 0.2795 0.5660763 0.2795 0.3514705 0.2795 0.3514705 0.2795 0.4609062 0.65 0.5118588 0.65 0.4609062 0.65 0.6200669 0.65 0.5872216 0.65 0.6200669 0.65 0.69125 0.65 0.623008 0.65 0.623008 0.65 0.5690174 0.528125 0.6385918 0.528125 0.6385919 0.528125 0.4609062 0.5281249 0.5660763 0.5281249 0.5660763 0.5281249 0.6415331 0.528125 0.65486 0.5281249 0.654856 0.528125 0.6897794 0.5281249 0.6778063 0.528125 0.6778076 0.5281249 0.4609062 0.5297916 0.4609062 0.6483333 0.4609062 0.5297916 0.4609062 0.5297916 0.4609062 0.5281249 0.4609062 0.6483333 0.4609062 0.5297916 0.4609062 0.6483333 0.4609062 0.6483333 0.4609062 0.6483333 0.4609062 0.5297916 0.4609062 0.5297916 1 0.09749996 1 0.180375 1 0.09749996 0.8375 0.1641666 0.8375 0.1698949 0.8375 0.169894 0.8375 0.180375 0.8375 0.1759951 0.8375 0.1759955 0.8375 0.09749996 0.8375 0.1608332 0.8375 0.1608332 1 0.180375 0.8389706 0.180375 0.8389706 0.180375 1 0.180375 0.8389706 0.180375 1 0.180375 0.35 0.8950001 0.35 0.891494 0.35 0.8914941 0.35 0.8816667 0.35 0.8864602 0.35 0.8864598 0.35 0.876217 0.35 0.8289298 0.35 0.8280681 0.35 0.65 0.35 0.7083333 0.35 0.7083333 0.4475 0.6516667 0.4475 0.7533333 0.4475 0.7533333 0.4475 0.7566667 0.4474999 0.7630401 0.4474999 0.7566667 0.4474999 0.8950001 0.4475 0.7807238 0.4474999 0.8950001 0.3514705 0.8950001 0.4460294 0.8950001 0.4460294 0.8950001 0.3514705 0.8950001 0.35 0.8950001 0.4460294 0.8950001 0.3514705 0.8950001 0.4460294 0.8950001 0.4460294 0.8950001 0.3514705 0.8950001 0.4460294 0.8950001 0.3514705 0.8950001 0.4631243 0.1625 0.4562195 0.1625 0.4631243 0.1625 0.4348433 0.1625 0.4438634 0.1625 0.4348433 0.1625 0.4631243 0.2173437 0.4348433 0.2173437 0.4348433 0.2173437 0.4348433 0.215677 0.4348432 0.1641666 0.4348433 0.1641666 0.4348432 0.1641666 0.4348432 0.215677 0.4348433 0.215677 0.4051481 0.1625 0.4134485 0.1625 0.4051481 0.1625 0.4348433 0.1625 0.4272414 0.1625 0.4348433 0.1625 0.4348433 0.2173437 0.4051481 0.2173437 0.4348433 0.2173437 0.4051481 0.1641666 0.4051481 0.215677 0.4051481 0.215677 0.4051481 0.215677 0.4051481 0.1641666 0.4051481 0.1641666 0.94475 0.7054533 0.94475 0.6516667 0.94475 0.7054533 0.94475 0.8775001 0.94475 0.8623589 0.94475 0.8775001 0.94475 0.7944667 0.9447501 0.8080765 0.94475 0.7944666 0.94475 0.7911334 0.94475 0.773758 0.94475 0.7911333 0.94475 0.7087867 0.94475 0.7300453 0.94475 0.7087867 0.7669831 0.8775 0.7669831 0.8441667 0.7669831 0.8775 0.7684537 0.8775 0.799165 0.8775001 0.7991376 0.8775001 0.8469782 0.8775001 0.8276608 0.8775001 0.8469782 0.8775001 0.9432794 0.8775001 0.9216991 0.8775001 0.9216991 0.8775001 0.8484488 0.8775001 0.861495 0.8775001 0.861495 0.8775001 0.8455076 0.8775 0.8276183 0.8775001 0.8276256 0.8775 0.7684537 0.8775 0.7991468 0.8775 0.7991429 0.8775001 0.4474999 0.7549999 0.4475 0.6516667 0.4475 0.6516667 0.6215375 0.7550001 0.6215375 0.6516667 0.6215375 0.6516667 0.4489705 0.7549999 0.5204391 0.7549999 0.4489705 0.7549999 0.6200669 0.7550001 0.5460803 0.7549999 0.5460803 0.7550001 0.4489705 0.7549999 0.5204391 0.7550001 0.520439 0.7549999 0.6200669 0.7550001 0.5460803 0.7549999 0.5460803 0.7550001 0.959375 0.65 1 0.65 1 0.65 1 0.511875 0.9896588 0.511875 0.9896588 0.511875 0.959375 0.511875 0.9732733 0.511875 0.959375 0.511875 0.959375 0.5135416 0.959375 0.6483333 0.959375 0.6483333 0.959375 0.5135416 0.959375 0.6483333 0.959375 0.5135417 0.8375 0.3075312 0.8375 0.2317667 0.8375 0.2317667 0.8375 0.1625 0.8375 0.1685324 0.8375 0.1685318 0.8375 0.1787083 0.8375 0.1746324 0.8375 0.1746335 0.8375 0.2284333 0.8375 0.2170804 0.8375 0.2170832 0.8375 0.1820417 0.8375 0.2003268 0.8375 0.2003253 0.69125 0.1641666 0.69125 0.3075312 0.69125 0.1641666 0.6927205 0.3075312 0.8360294 0.3075312 0.8360294 0.3075312 0.8360294 0.3075312 0.6927205 0.3075312 0.6927205 0.3075312 0.6059375 0.1625 0.6385919 0.1625 0.6385919 0.1625 0.6415331 0.1625 0.6548933 0.1625 0.6548933 0.1625 0.6897794 0.1625 0.6778435 0.1625 0.6778436 0.1625 0.35 0 0.6059375 0 0.35 0 0.6059374 0.1608332 0.6059375 0 0.6059375 0 0.6059375 0 0.6059375 0.1608332 0.6059375 0.1608332 0.35 0.215677 0.35 0.2 0.35 0.215677 0.35 0.2190104 0.35 0.2295317 0.35 0.2190104 0.35 0.2778334 0.35 0.2553545 0.35 0.2778334 0.1959999 0.2910349 0.1959999 0.2845758 0.1959999 0.2910349 0.196 0.2016667 0.1959999 0.2604078 0.196 0.2016667 0.1974706 0.2910349 0.3485293 0.291035 0.3485293 0.291035 0.3485293 0.291035 0.1974706 0.2910349 0.1974706 0.2910349 0.08749997 0.88 0.1028943 0.88 0.1028922 0.88 0.1357293 0.88 0.1211973 0.88 0.1212017 0.88 0.2394706 0.88 0.3485294 0.88 0.3485294 0.88 0.2365294 0.88 0.214925 0.88 0.2141441 0.88 0.1386706 0.88 0.1649588 0.88 0.1386706 0.88 0.08749997 0.71 0.1472794 0.71 0.1472793 0.71 0.149402 0.71 0.1561982 0.71 0.1557995 0.71 0.1735293 0.71 0.1688416 0.71 0.1683844 0.71 0.1764705 0.71 0.3485293 0.71 0.3485293 0.71 0.08749997 0.7116667 0.08749997 0.8783333 0.08749997 0.7116667 0.08749997 0.7116667 0.08749997 0.8783334 0.08749997 0.8783333 0.08749997 0.7116667 0.08749997 0.71 0.08749997 0.8783334 0.08749997 0.7116667 0.08749997 0.8783333 0.08749997 0.8783333 0.06999999 0 0.09799998 0 0.06999999 0 0.09799998 0.1999999 0.1945294 0.1999999 0.09799998 0.1999999 0.1987999 0.1999999 0.1974706 0.1999999 0.1974706 0.1999999 0.09799998 0.1983333 0.09799998 0.1214504 0.09799998 0.1214504 0.09799998 0 0.09799998 0.07509183 0.09799998 0.07509177 0.09799998 0.1983333 0.09799998 0.1214504 0.09799998 0.1983333 0.09799998 0 0.09799998 0.07509177 0.09799998 0 0.175 0.71 0.3485294 0.71 0.175 0.71 0.175 0.6335 0.2088873 0.6335 0.175 0.6335 0.2960294 0.6335 0.2725518 0.6335 0.2960294 0.6335 0.3485293 0.6335 0.3485294 0.6335 0.318634 0.6335 0.175 0.6351667 0.175 0.7083334 0.175 0.7083334 0.175 0.6351667 0.175 0.7083334 0.175 0.7083334 0.35 0.2927016 0.35 0.3155013 0.35 0.2927017 0.35 0.3913812 0.35 0.362381 0.35 0.3913812 0.35 0.2795 0.35 0.2893683 0.35 0.2893683 0.5675469 0.3913813 0.5675469 0.358862 0.5675469 0.3913813 0.5675469 0.2795 0.5675469 0.3555287 0.5675469 0.3555287 0.3514705 0.3913812 0.5660763 0.3913813 0.5660763 0.3913813 0.5660762 0.3913812 0.3514705 0.3913812 0.3514705 0.3913812 1 0.180375 1 0.2301 1 0.180375 0.8375 0.2300999 0.8375 0.2174918 0.8375 0.2174918 0.8375 0.180375 0.8375 0.2001575 0.8375 0.2001575 1 0.2301 0.8389706 0.2300999 0.8389706 0.2300999 1 0.2301 0.8389706 0.2300999 1 0.2301 0.6215375 0.7533333 0.6215375 0.6516667 0.6215375 0.6516667 0.6215375 0.8425 0.6215375 0.8177756 0.6215375 0.8177782 0.6215375 0.7566667 0.6215375 0.7741695 0.6215375 0.7741622 0.6230081 0.8425 0.7240605 0.8425 0.623008 0.8424999 0.7655125 0.8424999 0.753601 0.8425 0.7536011 0.8424999 0.6230081 0.8425 0.7240605 0.8425 0.623008 0.8424999 0.7655125 0.8425 0.753601 0.8425 0.7535952 0.8425 0.09799998 0 0.1987999 0 0.09799998 0 0.3485293 0.2 0.3127802 0.2 0.3127802 0.2 0.1987999 0.1999999 0.2801612 0.1999999 0.2801612 0.1999999 0.1987999 0 0.1987999 0.1983333 0.1987999 0.1983333 0.1987999 0 0.1987999 0.1983333 0.1987999 0.1983333 0.94475 1 0.8469782 1 0.94475 1 0.9432794 0.8775001 0.9220387 0.8775001 0.9432795 0.8775001 0.8469782 0.8775001 0.862782 0.8775001 0.8469782 0.8775001 0.8469782 0.8791667 0.8469782 1 0.8469782 0.8791667 0.8469782 1 0.8469782 0.8791667 0.8469782 0.8791667 0.6400625 0.2173437 0.6400625 0.2804132 0.6400625 0.2804132 0.6400625 0.3571953 0.6400625 0.3154187 0.6400625 0.3154187 0.5675469 0.2811667 0.5675469 0.3571953 0.5675469 0.2811667 0.5675469 0.2778333 0.5675469 0.2190104 0.5675469 0.2190104 0.5690175 0.3571953 0.6385918 0.3571953 0.6385918 0.3571953 0.6385918 0.3571953 0.5690175 0.3571953 0.5690174 0.3571953 1 0.9475 1 0.992125 1 0.9475 0.9613249 0.9697209 0.9613251 0.9491667 0.961325 0.9491667 0.9613249 0.992125 0.9613249 0.9832917 0.9613249 0.992125 0.9613249 0.9730542 0.9613249 0.9799584 0.9613249 0.9799584 1 0.992125 0.9905069 0.992125 1 0.992125 0.9627955 0.992125 0.9730023 0.992125 0.9627955 0.992125 1 0.992125 0.9905069 0.992125 1 0.992125 0.9627955 0.992125 0.9730023 0.992125 0.9627955 0.992125 0.8375 0.65 0.8009375 0.65 0.8375 0.65 0.8360294 0.576875 0.8284019 0.576875 0.8360294 0.576875 0.8009375 0.576875 0.8090352 0.576875 0.8009375 0.576875 0.8009375 0.6483333 0.8009375 0.5785416 0.8009375 0.5785416 0.8009375 0.6483333 0.8009375 0.5785416 0.8009375 0.5785416 0.8375 0 0.88625 0 0.8375 0 0.88625 0.09749996 0.9251265 0.09749996 0.9251265 0.09749996 1 0.09749996 0.9738264 0.09749996 0.9738264 0.09749996 0.88625 0.0958333 0.88625 0 0.88625 0.0958333 0.88625 0 0.88625 0.0958333 0.88625 0.0958333 0.14875 0.71 0.1557995 0.71 0.1557995 0.71 0.175 0.71 0.1688416 0.71 0.1688416 0.71 0.14875 0.6335 0.1557995 0.6335 0.14875 0.6335 0.175 0.6335 0.1688416 0.6335 0.175 0.6335 0.14875 0.6351667 0.14875 0.6351667 0.14875 0.7083334 0.14875 0.6351667 0.14875 0.7083334 0.14875 0.7083334 0 0 0 0 0 0.09833329 1 0 1 0 1 0 1 0 1 0 0.8877205 0 1 1 1 1 1 0.9937917 0 1 0 1 0.06852936 1 0.3485293 0 0.2002705 0 0.1987999 0 0.35 1 0.35 1 0.4460294 1 0.35 1 0.35 0.9664813 0.35 0.9661799 0.35 0.8966667 0.35 0.9139549 0.35 0.9139549 0.35 0.1608332 0.35 0.09702861 0.35 0.09702861 0.06852936 0.1999999 0 0.1999999 0 0.1999999 0 0.1999999 0.06852936 0.1999999 0.06852936 0.1999999 0.06999999 0.1016666 0.06999999 0.1016317 0.06999999 0.1016578 0.06999999 0.1703023 0.06999999 0.1983334 0.06999999 0.1701416 0 0.8816667 0 0.9203334 0 0.9220001 0 0.88 0.06852936 0.88 0.06852936 0.88 1 0.6483333 1 0.5135416 1 0.511875 0.375389 0.65 0.3748725 0.65 0.3826544 0.65 0.07147055 1 0.1357294 1 0.1371999 1 0.0889706 0.88 0.1032796 0.88 0.0889706 0.88 0.06999999 0.8945563 0.06999999 0.8816667 0.06999999 0.8945563 0.06999999 0.9482489 0.06999999 0.9482531 0.06999999 0.9236666 0.06999999 1 0.06999999 0.9814558 0.06999999 0.9814543 0.9447501 0.65 0.94475 0.65 0.9579044 0.65 0.8375 0.65 0.8375 0.5785416 0.8375 0.65 0.8375 0.65 0.8375 0.65 0.8375 0.5785416 0.35 0 0.35 0.02140337 0.3499999 0.02112841 0.35 0.09702861 0.35 0.09578222 0.35 0.09702861 0.8375 0 0.8375 0.0958333 0.8375 0 0.35 0.1625 0.3653572 0.1625 0.35 0.1625 0.35 0.1625 0.3653572 0.1625 0.35 0.1625 0.4051481 0.1625 0.3919543 0.1625 0.3919543 0.1625 0.53707 0.1625 0.5184234 0.1625 0.53707 0.1625 0.4557632 0.1625 0.4562195 0.1625 0.4555606 0.1625 0.4272414 0.1625 0.4268417 0.1625 0.4272414 0.1625 0.6059375 0.1625 0.5400112 0.1625 0.5400112 0.1625 0 0.71 0 0.71 0 0.8783333 0.35 0.6516667 0.35 0.7083334 0.35 0.6516667 0.35 0.6483334 0.35 0.6335 0.35 0.6483334 0 0.71 0.01166898 0.71 0 0.71 0 0.71 0.01166898 0.71 0 0.71 0.2394706 1 0.3485294 1 0.35 1 0.238 0.8816667 0.238 1 0.238 0.8816667 0.7994669 0.65 0.8009375 0.65 0.7684537 0.65 0.7083447 0.1625 0.6927205 0.1625 0.69125 0.1625 0.7446585 0.1625 0.8360294 0.1625 0.7444379 0.1625 0.69125 0.5785417 0.69125 0.6483333 0.69125 0.6483333 0.69125 0.6483333 0.69125 0.6491155 0.69125 0.6483333 0.69125 0.5785417 0.6912499 0.6483333 0.69125 0.6483333 1 0 1 0 1 0 0.8375 0 0.8375 0 0.8375 0.0958333 1 0.09749996 0.9735996 0.09749996 0.9735996 0.09749996 0.8847794 0.09749996 0.8731969 0.09749996 0.8731911 0.09749996 0.8389706 0.09749996 0.855001 0.09749996 0.8389706 0.09749996 0.8389706 0.09749996 0.8551934 0.09749996 0.8389706 0.09749996 0.4623768 0.65 0.5102589 0.65 0.4623768 0.65 0.4474999 0.8933333 0.4475 0.7799413 0.4474999 0.7805868 0.4475 1 0.4474999 0.8966667 0.4475 1 0.4475 1 0.4475 1 0.4475 0.8966667 0 0.9220001 0.06852936 0.9220001 0.06852936 0.9220001 0 0.9220001 0.06852936 0.9220001 0.06852936 0.9220001 0.9462206 1 0.9598543 1 0.9613249 1 0.94475 1 0.94475 0.9958415 0.94475 0.9961121 0.9447501 0.9730542 0.9447501 0.9740651 0.9447501 0.9740651 0.94475 0.8914663 0.94475 0.8913407 0.94475 0.8914663 0 0.6335 0 0.6351667 0 0.7083333 0 0.7083333 0 0.71 0 0.6335 0 0.71 0 0.6335 0 0.71 0.35 0.5264584 0.35 0.5051167 0.35 0.50345 0 0.6335 0.09747701 0.6335 0.09747701 0.6335 0.1472794 0.6335 0.1344722 0.6335 0.14875 0.6335 0 0.6335 0.09772866 0.6335 0 0.6335 0.1683844 0.71 0.1688416 0.71 0.1683844 0.71 0.1502206 0.6335 0.1561982 0.6335 0.1561982 0.6335 0.1735294 0.6335 0.1683844 0.6335 0.1735294 0.6335 0.1502125 0.6335 0.1502206 0.6335 0.1501885 0.6335 1 0.9458333 1 0.8896667 1 0.8880001 0.94475 0.9458333 0.94475 0.9475001 0.94475 0.9436784 1 0.9475 0.9907093 0.9475 1 0.9475 0.9598544 0.9475 0.9462206 0.9475001 0.9462206 0.9475001 0.6230081 1 0.7655125 1 0.7669831 1 0.6897794 0.65 0.6897794 0.65 0.6230081 0.65 0.6215375 1 0.6215375 0.8441666 0.6215375 0.8441666 0.6215375 0.8424999 0.6215375 0.8425 0.6215375 0.8177756 0.5460803 0.7550001 0.5460803 0.7550001 0.5460803 0.7549999 0.35 0.5017833 0.35 0.3913812 0.35 0.5017833 0.35 0.5051167 0.35 0.5264583 0.35 0.528125 0.69125 0.3058645 0.69125 0.1641666 0.69125 0.1641666 0.35 0.528125 0.3608631 0.528125 0.35 0.528125 0.3514705 0.528125 0.3613377 0.528125 0.3514705 0.528125 0.3826544 0.5281249 0.376527 0.528125 0.376527 0.5281249 1 0.8863334 1 0.7944666 1 0.7928 0.9447501 0.8623589 0.94475 0.8634063 0.94475 0.8623589 1 0.8880001 0.9462205 0.8880001 0.9462205 0.8880001 1 0.8880001 0.9462205 0.8880001 0.9462205 0.8880001 0 0.6335 0 0.5051167 0 0.6318333 0 0.6335 0 0.50345 0 0.5051167 0.35 0.50345 0.35 0.3930479 0.35 0.3930479 0.35 0.3160087 0.35 0.3155013 0.35 0.2927017 0.06852936 0.50345 0 0.50345 0 0.50345 0.09551489 0.50345 0.07147055 0.50345 0.07147055 0.50345 0.07147055 0.50345 0.09644794 0.50345 0.09551489 0.50345 0.1487499 0.50345 0.1508036 0.50345 0.1945294 0.50345 0.9613249 1 0.9613249 1 0.9627955 1 1 0.9475 0.9907093 0.9475 0.9905641 0.9475 0.9727858 0.9475 0.9732047 0.9475001 0.9627956 0.9475001 0.9613249 1 0.9613249 0.9937917 0.9613249 0.9937917 0 0.1016666 0 0.1983333 0 0.1999999 0.06999999 0 0.06999999 0.02422672 0.06999999 0.02441513 0 0.09999996 0.06852936 0.09999996 0.06852936 0.09999996 0 0.09999996 0.06852936 0.09999996 0.06852936 0.09999996 0.2975 0.50345 0.3485293 0.50345 0.3485293 0.50345 0.2975 0.5051167 0.2975 0.6318334 0.2975 0.6318334 0.2975 0.5051167 0.2975 0.6318334 0.2975 0.6318334 0.6897794 0.1625 0.6897794 0.1625 0.6778435 0.1625 0.6548933 0.1625 0.6548933 0.1625 0.6546651 0.1625 0.6897794 0.528125 0.6897794 0.528125 0.6777279 0.5281251 0.6400625 0.1625 0.6400625 0.1744736 0.6400625 0.1744736 0.6400625 0.215677 0.6400625 0.194756 0.6400625 0.194756 0.6400625 0.5264584 0.6400625 0.5054285 0.6400625 0.5054285 0.6400625 0.358862 0.6400625 0.358862 0.6400625 0.4619503 0.6400625 0.2804132 0.6400625 0.2804048 0.6400625 0.2804132 0.6400625 0.3555287 0.6400625 0.3154532 0.6400625 0.3154532 0.6400625 0.358862 0.6400625 0.3588283 0.6400625 0.3588529 0.6400625 0.3154532 0.6400625 0.3154532 0.6400625 0.3154532 0.94475 0.979734 0.9447501 0.9788334 0.9447501 0.9799584 0.9462206 0.981625 0.9598543 0.981625 0.9598543 0.981625 0.4036775 0.2173437 0.4036775 0.2173437 0.3514705 0.2173437 0.3514705 0.2173437 0.3514705 0.2173437 0.4036775 0.2173437 0.4616538 0.2173437 0.4363138 0.2173437 0.4363138 0.2173437 0.4066187 0.2173437 0.4333726 0.2173437 0.4333727 0.2173437 0.4348568 0.2173437 0.4348433 0.2173437 0.434888 0.2173437 0.434888 0.2173437 0.4363138 0.2173437 0.4348568 0.2173437 0.4348433 0.2173437 0.4348568 0.2173437 0.4363138 0.2173437 0.4363138 0.2173437 0.4363138 0.2173437 0.4348433 0.2173437 0.4051481 0.2173437 0.3514706 0.2173437 0.3514705 0.2173437 0.6897794 0 0.6074081 0 0.6059375 0 0.6927205 0.1625 0.7080364 0.1625 0.6927205 0.1625 0.6777654 0.1625 0.6778435 0.1625 0.6777654 0.1625 0.69125 0 0.69125 0.1608332 0.69125 0.1608332 0.7669831 1 0.7669831 1 0.8455076 1 0.7669831 0.65 0.7669831 0.65 0.7994669 0.65 0.7669831 0.8775 0.7669831 1 0.7669831 1 0.7669831 1 0.7669831 0.8791667 0.7669831 0.8791667 0.7669831 0.8758333 0.7669831 0.8441667 0.7669831 0.8425 0.9447501 0.9656099 0.94475 0.9661851 0.9447501 0.9656099 0.9462205 0.9713875 0.9598543 0.9713875 0.9598543 0.9713875 0.07147055 0.2 0.07936102 0.1999999 0.07147055 0.1999999 0.09652936 0.1999999 0.09166049 0.1999999 0.09165847 0.1999999 0.06999999 0.3145899 0.06999999 0.50345 0.06999999 0.3145898 0.06999999 0.50345 0.06999999 0.50345 0.06999999 0.50345 0.06999999 0.2751189 0.06999999 0.2016666 0.06999999 0.2751188 0.5675469 0.2173437 0.6385918 0.2173437 0.6385918 0.2173437 0.5385406 0.2173437 0.5385406 0.1641666 0.5385406 0.1641666 0.4862893 0.1625 0.4862358 0.1625 0.4645949 0.1625 0.464595 0.2173437 0.53707 0.2173437 0.5385406 0.2173437 0.4631243 0.2173437 0.4631243 0.1641666 0.4631243 0.1641666 0.4631243 0.2173437 0.4631243 0.1641666 0.4631243 0.1641666 0.6927205 0.576875 0.7284913 0.576875 0.6927205 0.576875 0.6927205 0.576875 0.7284913 0.576875 0.6927205 0.576875 0.8023746 0.576875 0.8023954 0.576875 0.8024081 0.576875 1 0.7911333 1 0.7087867 1 0.70712 1 0.7928 0.94475 0.7928 0.94475 0.7928 0.94475 0.7928 1 0.7928 1 0.7928 0.5675469 0.5281251 0.5675469 0.5281251 0.6385918 0.528125 0.5675469 0.2173437 0.6385918 0.2173437 0.6385918 0.2173437 0.5675469 0.5264584 0.5675469 0.3930479 0.5675469 0.5264584 1 0.5102083 1 0.2317667 1 0.2301 0.8375 0.4412975 0.8375 0.4407561 0.8375 0.4412975 0.8389706 0.511875 0.8792312 0.511875 0.8389706 0.511875 0.8389706 0.511875 0.8792312 0.511875 0.8389706 0.511875 0.989828 0.511875 0.9896588 0.511875 0.9896588 0.511875 1 0.511875 0.989828 0.511875 1 0.511875 1 0.7054532 1 0.6516667 1 0.65 0.9447499 0.70712 0.9506949 0.70712 0.9447499 0.70712 1 0.70712 0.9644665 0.70712 0.9644664 0.70712 0.9447499 0.70712 0.9506949 0.70712 0.9447499 0.70712 0.4594356 0.5281249 0.3855955 0.5281249 0.3841249 0.5281249 0.3841249 0.6098207 0.3841249 0.6483333 0.3841249 0.6098207 0.3841249 0.5715605 0.3841249 0.5281249 0.3841249 0.5715606 0.3841249 0.5715606 0.3841249 0.5714007 0.3841249 0.5715605 0.238 1 0.2131821 1 0.2129354 1 0.1386706 1 0.1634809 1 0.1642145 1 0.238 0.88 0.2141441 0.88 0.214379 0.88 0.1654114 0.88 0.1646897 0.88 0.1386706 0.88 0.1371999 1 0.1371999 0.8816667 0.1371999 0.8816667 0.1371999 1 0.1371999 0.8816667 0.1371999 0.8816667 0.3127415 0.2 0.3485293 0.2 0.3127415 0.2 0.2002705 0.1999999 0.2800871 0.1999999 0.2002705 0.1999999 0.1959999 0.50345 0.196 0.3673928 0.1959999 0.3667287 0.1959999 0.3127611 0.1959999 0.3135883 0.1959999 0.3126616 0.196 0.2016667 0.196 0.2601013 0.196 0.2601025 0.35 0.2554393 0.35 0.2553545 0.35 0.2778333 0.3514705 0.2795 0.5660762 0.2795 0.5660763 0.2795 0.3514705 0.2795 0.5660763 0.2795 0.5660763 0.2795 0.4623768 0.65 0.5102589 0.65 0.5118588 0.65 0.6215375 0.7741622 0.6215375 0.7741622 0.6215375 0.7741695 0.6230081 0.65 0.6897794 0.65 0.623008 0.65 0.6415331 0.528125 0.654856 0.528125 0.6415331 0.5281251 0.6778063 0.528125 0.6897794 0.528125 0.6778063 0.5281251 0.4609062 0.6483333 0.4609062 0.5281249 0.4609062 0.6483333 0.4609062 0.6483333 0.4609062 0.5281249 0.4609062 0.6483333 1 0.1787083 1 0.09916663 1 0.09749996 0.8374999 0.1641666 0.8375 0.1641666 0.8374999 0.1694036 0.8375 0.1759955 0.8375 0.1749824 0.8375 0.1787083 0.8389706 0.180375 1 0.180375 0.8389706 0.180375 0.8389706 0.180375 1 0.180375 0.8389706 0.180375 0.35 0.88 0.35 0.8280681 0.35 0.8280681 0.35 0.8914941 0.35 0.890431 0.35 0.8933333 0.4475 0.6516667 0.4475 0.7533333 0.4474999 0.7533333 0.4460294 0.8950001 0.35 0.8950001 0.4460294 0.8950001 0.4460294 0.8950001 0.35 0.8950001 0.4460294 0.8950001 0.4348433 0.2173437 0.4348433 0.2173437 0.4616538 0.2173437 0.4348433 0.2173437 0.4348433 0.1641666 0.4348432 0.1641666 0.4134485 0.1625 0.4138097 0.1625 0.4066187 0.1625 0.4066187 0.2173437 0.4333727 0.2173437 0.4348433 0.2173437 0.4051481 0.215677 0.4051481 0.215677 0.4051481 0.1641666 0.4051481 0.2173437 0.4051481 0.1641666 0.4051481 0.1641666 0.94475 0.7911334 0.94475 0.773758 0.9447499 0.7737581 0.94475 0.7302836 0.94475 0.7300453 0.9447499 0.7302836 0.94475 0.8775001 0.94475 0.8623589 0.9447501 0.8623589 0.94475 0.7944667 0.94475 0.8080765 0.94475 0.808254 0.7669831 0.8441667 0.7669831 0.8758333 0.7669831 0.8775 0.7669831 0.8775 0.7991192 0.8775001 0.7669831 0.8775 0.9432794 0.8775001 0.9216991 0.8775001 0.9432794 0.8775001 0.7684537 0.8775 0.7991468 0.8775 0.7684537 0.8775 0.4489705 0.7549999 0.5204392 0.7549999 0.4489706 0.7549999 0.5460803 0.7549999 0.6200669 0.7550001 0.5460803 0.7549999 0.4489706 0.7549999 0.5204391 0.7550001 0.4489705 0.7549999 0.9216991 0.8775001 0.9220387 0.8775001 0.9220387 0.8775001 1 0.511875 0.989828 0.511875 0.9896588 0.511875 0.9732733 0.511875 0.9737105 0.511875 0.9608456 0.511875 0.959375 0.6483333 0.959375 0.5135416 0.959375 0.6483333 0.959375 0.6483333 0.959375 0.5135417 0.959375 0.6483333 0.8375 0.1759955 0.8375 0.1746335 0.8375 0.1746324 0.8375 0.1787083 0.8375 0.1787083 0.8375 0.1749824 0.6927205 0.3075312 0.8360294 0.3075312 0.6927205 0.3075312 0.6927205 0.3075312 0.8360294 0.3075312 0.6927205 0.3075312 0.6059375 0 0.35 0 0.35 0 0.6059375 0 0.6059375 0.1608332 0.6059375 0.1608332 0.3499999 0.2778333 0.35 0.2778333 0.35 0.2553545 0.35 0.2190104 0.35 0.2295317 0.35 0.2295317 0.3485293 0.291035 0.1974706 0.2910349 0.3485293 0.291035 0.1974706 0.2910349 0.3485293 0.291035 0.1974706 0.2910349 0.14875 0.71 0.1557995 0.71 0.14875 0.71 0.175 0.71 0.1688416 0.71 0.1688416 0.71 0.1764705 0.71 0.3485293 0.71 0.3485293 0.71 0.1473114 0.71 0.1472917 0.71 0.1472793 0.71 0.08749997 0.8783334 0.08749997 0.71 0.08749997 0.8783333 0.08749997 0.8783333 0.08749997 0.71 0.08749997 0.8783333 0.09652936 0 0.07147055 0 0.06999999 0 0.09799998 0.1214504 0.09799998 0.1983333 0.09799998 0.1214504 0.09799998 0.07509183 0.09799998 0 0.09799998 0.07509183 0.2071748 0.6335 0.2088873 0.6335 0.207621 0.6335 0.2960294 0.6335 0.2722106 0.6335 0.2960294 0.6335 0.2722106 0.6335 0.2725518 0.6335 0.2722107 0.6335 0.3485294 0.6335 0.3485293 0.6335 0.3186341 0.6335 0.175 0.6351667 0.175 0.6351667 0.175 0.7083334 0.175 0.6335 0.175 0.7083334 0.175 0.7083333 0.35 0.2795 0.35 0.2893683 0.35 0.2893683 0.35 0.3913812 0.35 0.362381 0.35 0.362381 0.5675469 0.3913813 0.5675469 0.358862 0.5675469 0.358862 0.5675469 0.3571953 0.5675469 0.2811667 0.5660763 0.2795 0.5660762 0.3913812 0.3514705 0.3913812 0.5660762 0.3913812 1 0.2284333 1 0.1820417 1 0.180375 0.8375 0.2170804 0.8375 0.2174918 0.8375 0.2170832 0.8389706 0.2300999 1 0.2301 0.8389706 0.2300999 0.8389706 0.2300999 1 0.2301 0.8389706 0.2300999 0.6215375 0.6516667 0.6215375 0.7533333 0.6215375 0.6516667 0.6215375 0.8425 0.6215375 0.8177782 0.6215375 0.8177756 0.753601 0.8425 0.7655125 0.8424999 0.7536011 0.8425 0.623008 0.8425 0.724056 0.8425 0.6230081 0.8425 0.2800871 0.1999999 0.2800871 0.1999999 0.2800871 0.1999999 0.1987999 0.1983333 0.1987999 0 0.1987999 0.1983333 0.1987999 0 0.1987999 0.1983333 0.1987999 0.1983333 0.8484488 1 0.9432794 1 0.94475 1 0.9220387 0.8775001 0.9432794 0.8775001 0.9216991 0.8775001 0.862782 0.8775001 0.8484488 0.8775001 0.8469782 0.8775001 0.8469782 0.8775001 0.8469782 1 0.8469782 1 0.8469782 1 0.8469782 0.8775001 0.8469782 0.8775001 0.6400625 0.2804132 0.6400625 0.2804048 0.6400625 0.2190104 0.5675469 0.2778334 0.5675469 0.2190104 0.5675469 0.2190104 0.5690175 0.3571953 0.6385918 0.3571953 0.6385918 0.3571953 0.5690174 0.3571953 0.6385918 0.3571953 0.638592 0.3571953 1 0.9904583 1 0.9491667 1 0.9475 0.9613249 0.9799584 0.9613249 0.9730542 0.961325 0.9730542 0.9613249 0.9697209 0.961325 0.9491667 0.961325 0.9491667 1 0.992125 0.9905069 0.992125 1 0.992125 0.9627955 0.992125 0.9730023 0.992125 0.9730023 0.992125 0.9627955 0.992125 0.9730023 0.992125 0.9627955 0.992125 0.802408 0.65 0.8360294 0.65 0.8375 0.65 0.8360294 0.576875 0.8285142 0.576875 0.8284019 0.576875 0.8090352 0.576875 0.8094325 0.576875 0.8024081 0.576875 0.8009375 0.65 0.8009375 0.5785416 0.8009375 0.5785416 0.8009375 0.65 0.8009375 0.5785416 0.8009375 0.5785417 0.8847794 0 0.8389706 0 0.8375 0 0.7080364 0.1625 0.7080364 0.1625 0.7083447 0.1625 0.88625 0.0958333 0.88625 0 0.88625 0.0958333 0.88625 0.0958333 0.88625 0 0.88625 0.0958333 0.175 0.6335 0.1688416 0.6335 0.1688416 0.6335 0.14875 0.6335 0.14875 0.7083334 0.14875 0.7083334 0.14875 0.6351667 0.14875 0.6351667 0.14875 0.7083334 0 0 0 0.09833329 0 0.09833329 1 0 0.8877205 0 0.8877205 0 1 1 1 0.9937917 1 0.9937917 0 1 0.06852936 1 0 1 0.2002705 0 0.3485293 0 0.2002705 0 0.3514706 1 0.4460294 1 0.4460294 1 0 0.5017833 0 0.2016667 0 0.5017833 0 0 0.06852936 0 0 0 0 0.9203334 0 0.8816667 0 0.9203334 1 0.6483333 1 0.5135416 1 0.5135416 0.1357294 1 0.07147055 1 0.07147055 1 0.6927205 0 0.8360294 0 0.6927205 0 0 0.8783333 0 0.7116667 0 0.7116667 0.3485294 1 0.2394706 1 0.2394706 1 1 0 1 0.0958333 1 0 0.620067 1 0.4489706 1 0.620067 1 0 1 0 0.9236667 0 0.9236667 0.9598543 1 0.9462206 1 0.9462206 1 0 0.7083333 0 0.6351667 0 0.6351667 1 0.8896667 1 0.9458333 1 0.9458333 0.7655125 1 0.6230081 1 0.6230081 1 1 0.7944666 1 0.8863334 1 0.8863334 0 0.5051167 0 0.6318333 0 0.6318333 0 0.50345 0.06852936 0.50345 0.06852936 0.50345 0.07147055 0.50345 0.09551489 0.50345 0.09551489 0.50345 0 0.50345 0.06999999 0.50345 0.06999999 0.50345 1 1 0.9627955 1 0.9627955 1 0 0.1983333 0 0.1016666 0 0.1016666 0.6074081 0 0.6897794 0 0.6897794 0 0.7684537 1 0.8455076 1 0.8455076 1 1 0.7087866 1 0.7911333 1 0.7911333 1 0.2317667 1 0.5102083 1 0.5102083 1 0.6516667 1 0.7054532 1 0.7054533 0.2365294 1 0.2129354 1 0.2137038 1 0.1386706 1 0.1634809 1 0.1386706 1 1 0.09916663 1 0.1787083 1 0.1787083 0.4348433 0.2173437 0.4348433 0.215677 0.4348433 0.216327 0.3514705 0 0.6044669 0 0.3514705 0 0.07147055 0 0.09652936 0 0.09652936 0 1 0.1820417 1 0.2284333 1 0.2284333 0.09947055 0 0.09947055 0 0.1973294 0 0.9432795 1 0.8484488 1 0.8484488 1 1 0.9491667 1 0.9904584 1 0.9491667 0.8389706 0 0.8847793 0 0.8389706 0 0 0.09999996 0 0 0 0 0.88625 0 1 0 1 0 1 0.992125 1 1 1 1 0.06999999 1 0 1 0 1 0.1987999 0 0.35 0 0.35 0 0.4475 1 0.4475 1 0.35 1 0.35 0.8950001 0.35 0.9147221 0.35 0.9147221 0.35 1 0.35 0.9664813 0.35 0.9664813 0.35 1 0.35 0.9661799 0.35 0.9661799 0.35 0.8966667 0.35 0.9139549 0.35 0.9139549 0.35 0.8933333 0.35 0.8933334 0.35 0.890079 0.35 0.88 0.35 0.8850448 0.35 0.8850448 0 0.1999999 0 0.1999999 0 0.50345 0.35 0.2 0.35 0.2 0.35 0.1641666 0.35 0 0.35 0.02140337 0.35 0.02140337 0.35 0.1608332 0.35 0.1608332 0.35 0.09702861 0.06852936 0.1999999 0.06852936 0.1999999 0 0.1999999 0.06852936 0.1999999 0.06852936 0.1999999 0 0.1999999 0 0 0.06999999 0 0.06999999 0 0.07147055 0.1999999 0.07147055 0.1999999 0.07962399 0.1999999 0.09799998 0.1999999 0.09799998 0.1999999 0.09233337 0.1999999 0.06999999 0.09833329 0.06999999 0.09833329 0.06999999 0.07330149 0.06999999 0 0.06999999 0 0.06999999 0.02441513 0.06999999 0.1016666 0.06999999 0.1016666 0.06999999 0.1255283 0.06999999 0.1983333 0.06999999 0.1983333 0.06999999 0.1701416 0.06999999 0.09999996 0.06999999 0.1259436 0.06999999 0.1259436 0.06999999 0.1983333 0.06999999 0.1983333 0.06999999 0.1703023 0.35 0.71 0.35 0.7524091 0.35 0.7524091 0.35 0.88 0.35 0.8280681 0.35 0.8280681 0 0.9220001 0 0.88 0 0.88 0.06999999 0.88 0.06999999 0.88 0 0.88 0.06852936 0.88 0.06852936 0.88 0 0.88 0.08749997 0.88 0.08749997 0.88 0.07147055 0.88 1 0.511875 1 0.65 1 0.65 0.35 0.6318333 0.35 0.6318333 0.35 0.528125 0.35 0.65 0.35 0.65 0.35 0.6351667 0.35 0.65 0.35 0.6351667 0.35 0.6351667 0.35 0.6318333 0.35 0.528125 0.35 0.528125 0.3826544 0.65 0.3826544 0.65 0.3748685 0.65 0.3514705 0.65 0.3514705 0.65 0.3598527 0.65 0.4475 0.65 0.4475 0.65 0.3855956 0.65 0.3841249 0.65 0.3755667 0.65 0.375389 0.65 0.3595392 0.65 0.3600393 0.65 0.3514705 0.65 0.1371999 1 0.06999999 1 0.06999999 1 0.06999999 0.88 0.06999999 0.88 0.08602941 0.88 0.0889706 0.8799999 0.1034495 0.8799999 0.1034495 0.88 0.1371999 0.88 0.1371999 0.88 0.1217569 0.88 0.06999999 0.9236667 0.06999999 0.9236666 0.06999999 0.9482531 0.06999999 1 0.06999999 1 0.06999999 0.9814558 0.06999999 0.9203333 0.06999999 0.9203333 0.06999999 0.911529 0.06999999 0.8816667 0.06999999 0.8816667 0.06999999 0.8945563 0.06999999 0.9220001 0.06999999 0.9482489 0.06999999 0.9482489 0.06999999 1 0.06999999 1 0.06999999 0.9814543 0.69125 0 0.8375 0 0.8375 0 0.8375 0.65 0.8375 0.65 0.9432795 0.65 0.959375 0.65 0.959375 0.65 0.9462206 0.6499999 0.8375 0.6483333 0.8375 0.6483333 0.8375 0.5785416 0.8375 0.511875 0.8375 0.5752083 0.8375 0.5752083 0.8375 0.576875 0.8375 0.576875 0.8375 0.6483333 0.35 0 0.35 0 0.3499999 0.02112841 0.35 0.1625 0.35 0.1625 0.35 0.09578222 0.8375 0.1625 0.8375 0.1625 0.8375 0.09916663 0.8375 0 0.8375 0 0.8375 0.0958333 0.3514705 0.1625 0.3514705 0.1625 0.3654613 0.1625 0.4051481 0.1625 0.3919543 0.1625 0.3919888 0.1625 0.4066187 0.1625 0.4066187 0.1625 0.4138097 0.1625 0.4333727 0.1625 0.4333727 0.1625 0.4268417 0.1625 0.53707 0.1625 0.53707 0.1625 0.5184234 0.1625 0.4645949 0.1625 0.4645949 0.1625 0.4862358 0.1625 0.4036775 0.1625 0.4036775 0.1625 0.3918772 0.1625 0.3514705 0.1625 0.3514705 0.1625 0.3654227 0.1625 0.4616538 0.1625 0.4557632 0.1625 0.4555606 0.1625 0.4435853 0.1625 0.4441863 0.1625 0.4363138 0.1625 0.6059375 0.1625 0.6059375 0.1625 0.5400112 0.1625 0 0.88 0 0.88 0 0.71 0.35 0.71 0.35 0.6516667 0.35 0.6516667 0.35 0.6335 0.35 0.6335 0.35 0.6483334 0 0.71 0.01169437 0.71 0.01169437 0.71 0.08749997 0.71 0.03738331 0.71 0.03738331 0.71 0 0.71 0 0.71 0.01166898 0.71 0.08602941 0.71 0.08602941 0.71 0.03730273 0.71 0.14875 0.71 0.0889706 0.71 0.0889706 0.71 0.35 1 0.238 1 0.238 1 0.238 0.88 0.238 0.88 0.3485294 0.88 0.238 0.8816667 0.238 0.8816667 0.238 1 0.238 1 0.238 1 0.238 0.8816667 0.8009375 0.65 0.8009375 0.65 0.7684537 0.65 0.6927205 0.1625 0.6927205 0.1625 0.7080364 0.1625 0.8360294 0.1625 0.7446585 0.1625 0.7444379 0.1625 0.69125 0.576875 0.69125 0.576875 0.69125 0.6483333 0.69125 0.528125 0.69125 0.528125 0.69125 0.5752083 0.69125 0.5785416 0.69125 0.5785416 0.69125 0.6483333 1 0 1 0.09749996 1 0.09749996 0.8375 0.09749996 0.8375 0.09749996 0.8375 0 0.8847793 0.09749996 0.8847794 0.09749996 0.8731911 0.09749996 0.8389706 0.09749996 0.8550011 0.09749996 0.8549984 0.09749996 0.8877206 0.09749996 0.9244778 0.09749996 0.9244778 0.09749996 1 0.09749996 1 0.09749996 0.9735996 0.09749996 0.88625 0.09749996 0.88625 0.09749996 0.8736077 0.09749996 0.8389706 0.09749996 0.8389706 0.09749996 0.8551934 0.09749996 0.4475 1 0.4475 1 0.6215375 1 0.4475 0.65 0.4475 0.65 0.4594357 0.65 0.4623768 0.65 0.5095613 0.65 0.5095613 0.65 0.6215375 0.65 0.6215375 0.65 0.584924 0.65 0.4475 0.8966667 0.4475 0.8966667 0.4475 1 0.4474999 0.7549999 0.4474999 0.7549999 0.4474999 0.7622576 0.4474999 0.8933333 0.4475 0.8933333 0.4475 0.7799413 0.4474999 0.8950001 0.4474999 0.8950001 0.4475 1 0 1 0 0.9220001 0 0.9220001 0.06999999 0.9220001 0.06999999 0.9121472 0.06999999 0.9121472 0.06999999 0.8816667 0.06999999 0.8948232 0.06999999 0.8948232 0.06852936 0.9220001 0.06852936 0.9220001 0 0.9220001 0 0.9220001 0 0.9220001 0.06852936 0.9220001 0.9613249 1 0.94475 1 0.94475 1 0.94475 0.65 0.94475 0.65 0.9579043 0.65 1 0.65 1 0.65 0.9608455 0.65 0.94475 1 0.94475 1 0.94475 0.9958415 0.94475 0.981625 0.94475 0.981625 0.94475 0.9857687 0.94475 0.9697209 0.9447501 0.9656099 0.9447501 0.9656099 0.94475 0.9491667 0.94475 0.9526582 0.94475 0.9526582 0.94475 0.8896667 0.94475 0.8896667 0.94475 0.8913407 0.94475 0.9458333 0.94475 0.9438022 0.94475 0.9438022 0.9447501 0.9799584 0.9447501 0.9788334 0.94475 0.9788334 0.9447501 0.9730542 0.9447501 0.9740651 0.9447501 0.9740651 0.94475 1 0.94475 0.9961121 0.94475 0.9961121 0.94475 0.9832917 0.94475 0.9866948 0.94475 0.9866948 0.94475 0.8775001 0.94475 0.8775001 0.94475 0.8863334 0 0.71 0 0.6335 0 0.6335 0.35 0.6335 0.35 0.5297917 0.35 0.5297917 0.35 0.50345 0.35 0.50345 0.35 0.5264584 0 0.6335 0.09747701 0.6335 0.09747701 0.6335 0.14875 0.6335 0.14875 0.6335 0.1344722 0.6335 0.1502205 0.6335 0.1502206 0.6335 0.1561982 0.6335 0.1735294 0.6335 0.1735294 0.6335 0.1683844 0.6335 0 0.6335 0.09772866 0.6335 0.09772866 0.6335 0.1472794 0.6335 0.1348193 0.6335 0.1348193 0.6335 0.1764705 0.6335 0.2071748 0.6335 0.2071748 0.6335 0.2975 0.6335 0.2708392 0.6335 0.2708392 0.6335 1 0.8880001 1 0.9475 1 0.9475 0.94475 0.8880001 0.94475 0.8914663 0.94475 0.8914663 0.94475 0.9475001 0.94475 0.9475001 0.94475 0.9436784 0.961325 0.9475 0.9462206 0.9475 0.9462206 0.9475001 1 0.9475 0.9907093 0.9475 0.9907093 0.9475 0.9627956 0.9475001 0.9732047 0.9475001 0.9732047 0.9475001 0.9462206 0.9475 0.9462206 0.9475001 0.9598544 0.9475 0.7669831 1 0.6215375 1 0.6215375 1 0.6215375 0.65 0.6215375 0.65 0.6897794 0.65 0.6215375 1 0.6215375 1 0.6215375 0.8425 0.6215375 1 0.6215375 1 0.6215375 0.8441666 0.6215375 0.8182896 0.6215375 0.8408333 0.6215375 0.8408333 0.6215375 0.7550001 0.6215375 0.7746762 0.6215375 0.7745596 0.35 0.5051167 0.35 0.528125 0.35 0.528125 0.35 0.3913812 0.35 0.3913812 0.35 0.5017833 0.69125 0.528125 0.69125 0.3091979 0.69125 0.3091979 0.69125 0.1641666 0.69125 0.1641666 0.69125 0.3058646 0.3514705 0.528125 0.3514705 0.528125 0.3615573 0.528125 0.3841249 0.5281249 0.3769385 0.5281249 0.3770847 0.5281249 0.3514705 0.528125 0.3514705 0.528125 0.3613377 0.528125 0.3826544 0.528125 0.3826544 0.528125 0.3765228 0.528125 0.5675469 0.5281251 0.5675469 0.5281251 0.4623768 0.5281251 0.3855956 0.528125 0.3855956 0.528125 0.4594357 0.5281251 1 0.7928 1 0.8880001 1 0.8880001 0.94475 0.8880001 0.94475 0.8880001 0.94475 0.8791667 0.9447499 0.8758333 0.94475 0.8634063 0.94475 0.8634063 0.94475 0.7928 0.94475 0.8091239 0.94475 0.8091239 0.9462206 0.8880001 0.9462205 0.8880001 1 0.8880001 1 0.8880001 0.9462206 0.8880001 0.9462205 0.8880001 0 0.6335 0 0.50345 0 0.50345 0.35 0.50345 0.35 0.50345 0.35 0.3930479 0.35 0.3630583 0.35 0.3897146 0.35 0.3897146 0.35 0.291035 0.35 0.3161786 0.35 0.3160087 0 0.50345 0.06852936 0.50345 0.06852936 0.50345 0.07147055 0.50345 0.07147055 0.50345 0.09644794 0.50345 0.1945294 0.50345 0.1508036 0.50345 0.1508036 0.50345 0.2975 0.50345 0.2975 0.50345 0.1974706 0.50345 0.06999999 0.50345 0 0.50345 0 0.50345 1 1 0.9613249 1 0.9613249 1 1 0.9475 0.9905641 0.9475 0.9905641 0.9475 0.961325 0.9475 0.9727858 0.9475 0.9727858 0.9475 0.9613249 0.992125 0.9613249 1 0.9613249 1 0.9613249 1 0.9613249 1 0.9613249 0.9937917 0.9613249 0.981625 0.9613249 0.981625 0.9613249 0.9904584 0 0.1999999 0 0.09999996 0 0.09999996 0.06999999 0.09999996 0.06999999 0.07273584 0.06999999 0.07273584 0.06999999 0 0.06999999 0.02422672 0.06999999 0.02422672 0.06852936 0.09999996 0.06852936 0.09999996 0 0.09999996 0 0.09999996 0 0.09999996 0.06852936 0.09999996 0.2975 0.6335 0.3030391 0.6335 0.3030391 0.6335 0.2975 0.50345 0.2975 0.50345 0.3485293 0.50345 0.2975 0.5051167 0.2975 0.5051167 0.2975 0.6318334 0.2975 0.5051167 0.2975 0.6318334 0.2975 0.6318334 0.6897794 0.1625 0.6897794 0.1625 0.6777654 0.1625 0.6400625 0.1625 0.6546651 0.1625 0.6546651 0.1625 0.6400625 0.5281251 0.6400625 0.5281251 0.6546276 0.5281251 0.6897794 0.528125 0.6897794 0.528125 0.6777279 0.5281251 0.6400625 0.358862 0.6400625 0.4619503 0.6400625 0.4619504 0.6400625 0.5264585 0.6400625 0.5054286 0.6400625 0.5054285 0.6400625 0.215677 0.6400625 0.215677 0.6400625 0.1950176 0.6400625 0.1641666 0.6400624 0.1641666 0.6400624 0.1749891 0.6400625 0.2190104 0.6400625 0.2804048 0.6400625 0.2804048 0.6400625 0.3555287 0.6400625 0.3555287 0.6400625 0.3154532 0.6400625 0.3571953 0.6400625 0.3571953 0.6400625 0.4621431 0.6400625 0.5264584 0.6400625 0.5054913 0.6400625 0.5054913 0.94475 0.9713875 0.94475 0.9713875 0.94475 0.9731203 0.94475 0.981625 0.94475 0.981625 0.94475 0.979734 0.9613249 0.9713875 0.9613249 0.981625 0.9613249 0.981625 0.9598543 0.981625 0.9598543 0.981625 0.9462206 0.981625 0.9462206 0.981625 0.9462206 0.981625 0.9598543 0.981625 0.35 0.2173437 0.35 0.2173437 0.35 0.2016667 0.35 0.1625 0.35 0.1625 0.35 0.1983333 0.6400625 0.1641666 0.6400625 0.1641666 0.6400625 0.1751261 0.6400625 0.2173437 0.6400625 0.1951444 0.6400625 0.1954085 0.3514705 0.2173437 0.3514705 0.2173437 0.4036775 0.2173437 0.4066187 0.2173437 0.4066187 0.2173437 0.4333726 0.2173437 0.4645949 0.2173437 0.4645949 0.2173437 0.53707 0.2173437 0.5675469 0.2173437 0.5675469 0.2173437 0.5400112 0.2173437 0.4616538 0.2173437 0.4616538 0.2173437 0.4363138 0.2173437 0.4051481 0.2173437 0.4051481 0.2173437 0.3514705 0.2173437 0.6059375 0 0.69125 0 0.69125 0 0.8360294 0.1625 0.8360294 0.1625 0.7444378 0.1625 0.6927205 0.1625 0.6927205 0.1625 0.7080364 0.1625 0.69125 0 0.69125 0 0.69125 0.1608332 0.69125 0 0.69125 0 0.69125 0.1608332 0.7669831 1 0.8469782 1 0.8469782 1 0.7994669 0.65 0.7669831 0.65 0.7669831 0.65 0.802408 0.65 0.8360294 0.65 0.8360294 0.65 0.94475 0.65 0.94475 0.65 0.8389706 0.65 0.7669831 1 0.7669831 1 0.7669831 0.8775 0.7669831 1 0.7669831 1 0.7669831 0.8791667 0.7669831 0.8425 0.7669831 0.8425 0.7669831 0.8758333 0.94475 0.9475001 0.94475 0.9475001 0.9447501 0.9520252 0.94475 0.9713875 0.94475 0.9713875 0.94475 0.9661851 0.9613249 0.9713875 0.9613249 0.9713875 0.961325 0.9491667 0.9598543 0.9713875 0.9598543 0.9713875 0.9462205 0.9713875 0.9462205 0.9713875 0.9462206 0.9713875 0.9598543 0.9713875 0.07147055 0.2 0.07147055 0.1999999 0.07936102 0.1999999 0.09652936 0.1999999 0.09652936 0.1999999 0.09165847 0.1999999 0.196 0.1999999 0.196 0.1999999 0.09947055 0.1999999 0.196 0.50345 0.1508309 0.50345 0.1508309 0.50345 0.06999999 0.2016667 0.06999999 0.2751188 0.06999999 0.2751939 0.06999999 0.5017833 0.06999999 0.5017833 0.06999999 0.3147054 0.06999999 0.2016667 0.06999999 0.275194 0.06999999 0.2751188 0.06999999 0.3145898 0.06999999 0.3147054 0.06999999 0.5017833 0.5385406 0.1625 0.5385406 0.1625 0.6044669 0.1625 0.6400625 0.1625 0.6400625 0.1625 0.6074081 0.1625 0.5385406 0.2173437 0.5385406 0.2173437 0.5660763 0.2173437 0.6385918 0.2173437 0.6385918 0.2173437 0.5690174 0.2173437 0.6385918 0.2173437 0.5690174 0.2173437 0.5690174 0.2173437 0.5385406 0.215677 0.5385406 0.215677 0.5385406 0.1641666 0.5385406 0.1641666 0.5385406 0.1641666 0.5385406 0.215677 0.5385406 0.1625 0.5183588 0.1625 0.5183588 0.1625 0.4631243 0.1625 0.4862893 0.1625 0.4862893 0.1625 0.5385406 0.2173437 0.4631243 0.2173437 0.4631243 0.2173437 0.4631243 0.215677 0.4631243 0.215677 0.4631243 0.1641666 0.4631243 0.1641666 0.4631243 0.1641666 0.4631243 0.215677 0.8375 0.576875 0.8375 0.576875 0.8375 0.5135416 0.8375 0.3075312 0.8375 0.3971357 0.8375 0.3971357 0.8375 0.5102083 0.8375 0.5102083 0.8375 0.4412975 0.69125 0.576875 0.69125 0.576875 0.69125 0.5297917 0.69125 0.3075312 0.69125 0.3075312 0.69125 0.5264584 0.8009375 0.576875 0.8009375 0.576875 0.7790582 0.576875 0.6927206 0.576875 0.7281309 0.576875 0.7281308 0.576875 0.7994669 0.576875 0.7994669 0.576875 0.7799372 0.576875 0.6927205 0.576875 0.6927205 0.576875 0.7284913 0.576875 0.8360294 0.576875 0.8360294 0.576875 0.8285142 0.576875 0.802408 0.576875 0.8024081 0.576875 0.8094325 0.576875 1 0.70712 1 0.7928 1 0.7928 0.94475 0.7928 0.94475 0.7928 0.94475 0.7734732 0.9447499 0.70712 0.9447499 0.70712 0.94475 0.7302836 0.9462206 0.7927999 1 0.7928 1 0.7928 1 0.7928 1 0.7928 0.9462205 0.7928 0.5675469 0.5281251 0.5675469 0.5281251 0.6400625 0.5281251 0.5675469 0.2173437 0.5675469 0.2173437 0.6385918 0.2173437 0.5675469 0.3897146 0.5675469 0.3897146 0.5675469 0.3571953 0.5675469 0.5264584 0.5675469 0.5264584 0.5675469 0.3930479 0.5675469 0.5264584 0.5675469 0.3913813 0.5675469 0.3913813 1 0.2301 1 0.511875 1 0.511875 0.8375 0.511875 0.8375 0.511875 0.8375 0.4407561 0.8375 0.3091979 0.8375 0.3091979 0.8375 0.3965942 0.8375 0.2300999 0.8375 0.2300999 0.8375 0.3058645 0.8389706 0.511875 0.8788883 0.511875 0.8788883 0.511875 0.959375 0.511875 0.9285613 0.511875 0.9285613 0.511875 0.8389706 0.511875 0.8389706 0.511875 0.8792312 0.511875 0.9579044 0.511875 0.9579044 0.511875 0.929331 0.511875 1 0.511875 0.989828 0.511875 0.9898292 0.511875 0.9608456 0.511875 0.9608456 0.511875 0.9737139 0.511875 1 0.65 1 0.70712 1 0.70712 0.9447499 0.70712 0.9447499 0.70712 0.94475 0.6516667 1 0.70712 0.9644664 0.70712 0.9649757 0.70712 0.9462205 0.70712 0.9462205 0.70712 0.9514017 0.70712 1 0.70712 0.9649757 0.70712 0.9644665 0.70712 0.9506949 0.70712 0.9514016 0.70712 0.9462205 0.70712 0.3841249 0.65 0.3841249 0.65 0.4460294 0.65 0.4609062 0.65 0.4609062 0.65 0.4489705 0.6499999 0.3841249 0.5281249 0.3841249 0.5281249 0.4609062 0.5281249 0.3841249 0.6483333 0.3841249 0.6483333 0.3841249 0.6097404 0.3841249 0.5297915 0.3841249 0.5297916 0.3841249 0.5714007 0.3841249 0.5297916 0.3841249 0.5297916 0.3841249 0.5714007 0.3841249 0.6483333 0.3841249 0.6098207 0.3841249 0.6097405 0.238 1 0.2131821 1 0.2131821 1 0.1371999 1 0.1642145 1 0.1642145 1 0.238 0.88 0.214379 0.88 0.214379 0.88 0.1371999 0.88 0.1654114 0.88 0.1654114 0.88 0.1371999 0.8816667 0.1371999 0.8816667 0.1371999 1 0.1371999 1 0.1371999 1 0.1371999 0.8816667 0.1973294 0.1999999 0.196 0.1999999 0.196 0.1999999 0.3485293 0.2 0.3485293 0.2 0.3127415 0.2 0.2002705 0.1999999 0.2800871 0.1999999 0.2800871 0.1999999 0.196 0.50345 0.196 0.50345 0.2960294 0.50345 0.3485293 0.50345 0.3485293 0.50345 0.2989706 0.50345 0.196 0.5017834 0.196 0.5017834 0.1959999 0.3677654 0.1959999 0.2910349 0.1959999 0.3135883 0.1959999 0.3136983 0.196 0.2893683 0.196 0.2893683 0.196 0.2841399 0.196 0.2016666 0.196 0.2601025 0.196 0.2601013 0.196 0.2927017 0.1959999 0.2927017 0.1959999 0.3127611 0.196 0.3673928 0.1959999 0.3670977 0.1959999 0.3667287 0.35 0.2795 0.35 0.2795 0.35 0.2554393 0.35 0.2173437 0.35 0.2173437 0.35 0.2293006 0.5675469 0.2795 0.5675469 0.2795 0.5675469 0.2190104 0.3514705 0.2795 0.3514705 0.2795 0.5660763 0.2795 0.5660763 0.2795 0.5660762 0.2795 0.3514705 0.2795 0.4609062 0.65 0.5118588 0.65 0.5118588 0.65 0.6200669 0.65 0.5872215 0.65 0.5872216 0.65 0.69125 0.65 0.69125 0.65 0.623008 0.65 0.5690174 0.528125 0.5690174 0.528125 0.6385918 0.528125 0.4609062 0.5281249 0.4609062 0.5281249 0.5660763 0.5281249 0.6415331 0.528125 0.6415331 0.528125 0.65486 0.5281249 0.6897794 0.5281249 0.6897794 0.528125 0.6778063 0.528125 0.4609062 0.5297916 0.4609062 0.6483333 0.4609062 0.6483333 1 0.09749996 1 0.180375 1 0.180375 0.8375 0.1641666 0.8375 0.1641666 0.8375 0.1698949 0.8375 0.180375 0.8375 0.180375 0.8375 0.1759951 0.8375 0.09749996 0.8375 0.09749996 0.8375 0.1608332 1 0.180375 1 0.180375 0.8389706 0.180375 1 0.180375 0.8389706 0.180375 0.8389706 0.180375 0.35 0.8950001 0.35 0.8950001 0.35 0.891494 0.35 0.8816667 0.35 0.8816666 0.35 0.8864602 0.35 0.7524091 0.35 0.7512993 0.35 0.7116667 0.35 0.7512993 0.35 0.7116667 0.35 0.7116667 0.35 0.876217 0.35 0.8783333 0.35 0.8289298 0.35 0.65 0.35 0.65 0.35 0.7083333 0.4475 0.6516667 0.4475 0.6516667 0.4475 0.7533333 0.4475 0.7566667 0.4474999 0.7630401 0.4474999 0.7630401 0.4474999 0.8950001 0.4474999 0.7807238 0.4475 0.7807238 0.3514705 0.8950001 0.3514705 0.8950001 0.4460294 0.8950001 0.4631243 0.1625 0.4562195 0.1625 0.4562195 0.1625 0.4348433 0.1625 0.4438634 0.1625 0.4438634 0.1625 0.4631243 0.2173437 0.4631243 0.2173437 0.4348433 0.2173437 0.4348433 0.215677 0.4348433 0.215677 0.4348432 0.1641666 0.4348432 0.1641666 0.4348433 0.1641666 0.4348432 0.215677 0.4051481 0.1625 0.4134485 0.1625 0.4134485 0.1625 0.4348433 0.1625 0.4272414 0.1625 0.4272414 0.1625 0.4348433 0.2173437 0.4051481 0.2173437 0.4051481 0.2173437 0.4051481 0.1641666 0.4051481 0.1641666 0.4051481 0.215677 0.4051481 0.1641666 0.4051481 0.215677 0.4051481 0.215677 0.94475 0.7054533 0.94475 0.6516667 0.94475 0.6516667 0.94475 0.8775001 0.9447501 0.8623589 0.94475 0.8623589 0.94475 0.7944667 0.9447501 0.8080765 0.9447501 0.8080765 0.94475 0.7911334 0.9447499 0.7737581 0.94475 0.773758 0.94475 0.7087867 0.94475 0.7300453 0.94475 0.7300453 0.7669831 0.8775 0.7669831 0.8441667 0.7669831 0.8441667 0.7684537 0.8775 0.7684537 0.8775 0.799165 0.8775001 0.8469782 0.8775001 0.8276498 0.8775001 0.8276608 0.8775001 0.9432794 0.8775001 0.9432794 0.8775001 0.9216991 0.8775001 0.8484488 0.8775001 0.8484488 0.8775001 0.861495 0.8775001 0.8455076 0.8775 0.8455076 0.8775001 0.8276183 0.8775001 0.7684537 0.8775 0.7684537 0.8775 0.7991468 0.8775 0.4474999 0.7549999 0.4474999 0.7549999 0.4475 0.6516667 0.6215375 0.7550001 0.6215375 0.7550001 0.6215375 0.6516667 0.4489705 0.7549999 0.5204391 0.7550001 0.5204391 0.7549999 0.6200669 0.7550001 0.6200669 0.7550001 0.5460803 0.7549999 0.4489705 0.7549999 0.4489705 0.7549999 0.5204391 0.7550001 0.6200669 0.7550001 0.6200669 0.7550001 0.5460803 0.7549999 0.959375 0.65 0.959375 0.65 1 0.65 1 0.511875 1 0.511875 0.9896588 0.511875 0.959375 0.511875 0.9732733 0.511875 0.9732733 0.511875 0.959375 0.5135416 0.959375 0.5135416 0.959375 0.6483333 0.959375 0.5135416 0.959375 0.6483333 0.959375 0.6483333 0.8375 0.3075312 0.8375 0.3075312 0.8375 0.2317667 0.8375 0.1625 0.8375 0.1625 0.8375 0.1685324 0.8375 0.1787083 0.8375 0.1787083 0.8375 0.1746324 0.8375 0.2284333 0.8375 0.2284333 0.8375 0.2170804 0.8375 0.1820417 0.8375 0.1820417 0.8375 0.2003268 0.69125 0.3075312 0.69125 0.3075312 0.69125 0.1641666 0.6927205 0.3075312 0.6927205 0.3075312 0.8360294 0.3075312 0.8360294 0.3075312 0.8360294 0.3075312 0.6927205 0.3075312 0.6059375 0.1625 0.6059375 0.1625 0.6385919 0.1625 0.6415331 0.1625 0.6415331 0.1625 0.6548933 0.1625 0.6897794 0.1625 0.6897794 0.1625 0.6778435 0.1625 0.35 0 0.6059375 0 0.6059375 0 0.6059374 0.1608332 0.6059375 0.1608332 0.6059375 0 0.6059375 0 0.6059375 0 0.6059375 0.1608332 0.35 0.2 0.35 0.2 0.35 0.215677 0.35 0.2190104 0.35 0.2295317 0.35 0.2295317 0.35 0.2778334 0.35 0.2553545 0.35 0.2553545 0.35 0.2811667 0.35 0.291035 0.35 0.2811667 0.35 0.291035 0.35 0.291035 0.35 0.2811667 0.1959999 0.2910349 0.1959999 0.2845758 0.1959999 0.2845758 0.196 0.2016667 0.196 0.2604078 0.1959999 0.2604078 0.1974706 0.2910349 0.1974706 0.2910349 0.3485293 0.291035 0.3485293 0.291035 0.3485293 0.291035 0.1974706 0.2910349 0.08749997 0.88 0.08749997 0.88 0.1028943 0.88 0.1357293 0.88 0.1357294 0.88 0.1211973 0.88 0.2394706 0.88 0.2394706 0.88 0.3485294 0.88 0.2365294 0.88 0.2365294 0.88 0.214925 0.88 0.1386706 0.88 0.1646897 0.88 0.1649588 0.88 0.08749997 0.71 0.08749997 0.71 0.1472794 0.71 0.149402 0.71 0.1502206 0.71 0.1561982 0.71 0.1683844 0.71 0.1735294 0.71 0.1735293 0.71 0.1764705 0.71 0.1764705 0.71 0.3485293 0.71 0.08749997 0.7116667 0.08749997 0.7116667 0.08749997 0.8783333 0.06999999 0 0.09799998 0 0.09799998 0 0.09799998 0.1999999 0.1945294 0.2 0.1945294 0.1999999 0.1987999 0.1999999 0.1987999 0.1999999 0.1974706 0.1999999 0.09799998 0.1983333 0.09799998 0.1983333 0.09799998 0.1214504 0.09799998 0 0.09799998 0 0.09799998 0.07509183 0.09799998 0.1983333 0.09799998 0.1214504 0.09799998 0.1214504 0.09799998 0 0.09799998 0.07509183 0.09799998 0.07509177 0.175 0.71 0.3485293 0.71 0.3485294 0.71 0.175 0.6335 0.2088873 0.6335 0.2088873 0.6335 0.2960294 0.6335 0.2725518 0.6335 0.2725518 0.6335 0.2989706 0.6335 0.3036879 0.6335 0.3036837 0.6335 0.3485293 0.6335 0.318634 0.6335 0.3186369 0.6335 0.175 0.6351667 0.175 0.6351667 0.175 0.7083334 0.175 0.6351667 0.175 0.6351667 0.175 0.7083334 0.35 0.2927016 0.35 0.3155012 0.35 0.3155013 0.35 0.3913812 0.35 0.362381 0.35 0.362381 0.35 0.2795 0.35 0.2795 0.35 0.2893683 0.5675469 0.3913813 0.5675469 0.358862 0.5675469 0.358862 0.5675469 0.2795 0.5675469 0.2795 0.5675469 0.3555287 0.3514705 0.3913812 0.3514705 0.3913812 0.5660763 0.3913813 0.5660762 0.3913812 0.5660763 0.3913813 0.3514705 0.3913812 1 0.180375 1 0.2301 1 0.2301 0.8375 0.2300999 0.8375 0.2300999 0.8375 0.2174918 0.8375 0.180375 0.8375 0.180375 0.8375 0.2001575 1 0.2301 1 0.2301 0.8389706 0.2300999 1 0.2301 0.8389706 0.2300999 0.8389706 0.2300999 0.6215375 0.7533333 0.6215375 0.7533333 0.6215375 0.6516667 0.6215375 0.8425 0.6215375 0.8425 0.6215375 0.8177756 0.6215375 0.7566667 0.6215375 0.7566667 0.6215375 0.7741695 0.6230081 0.8425 0.7240605 0.8424999 0.7240605 0.8425 0.7655125 0.8424999 0.7655125 0.8425 0.753601 0.8425 0.6230081 0.8425 0.724056 0.8425 0.7240605 0.8425 0.7655125 0.8425 0.7655125 0.8425 0.753601 0.8425 0.09799998 0 0.1987999 0 0.1987999 0 0.3485293 0.2 0.3485293 0.2 0.3127802 0.2 0.1987999 0.1999999 0.1987999 0.1999999 0.2801612 0.1999999 0.1987999 0 0.1987999 0 0.1987999 0.1983333 0.1987999 0 0.1987999 0 0.1987999 0.1983333 0.94475 1 0.8469782 1 0.8469782 1 0.9432794 0.8775001 0.9220387 0.8775001 0.9220387 0.8775001 0.8469782 0.8775001 0.862782 0.8775001 0.862782 0.8775001 0.8469782 1 0.8469782 1 0.8469782 0.8791667 0.8469782 0.8791667 0.8469782 1 0.8469782 1 0.6400625 0.2173437 0.6400625 0.2173437 0.6400625 0.2804132 0.6400625 0.3571953 0.6400625 0.3571953 0.6400625 0.3154187 0.5675469 0.3571953 0.5675469 0.3571953 0.5675469 0.2811667 0.5675469 0.2778333 0.5675469 0.2778334 0.5675469 0.2190104 0.5690175 0.3571953 0.5690174 0.3571953 0.6385918 0.3571953 0.6385918 0.3571953 0.6385918 0.3571953 0.5690175 0.3571953 1 0.9475 1 0.992125 1 0.992125 0.9613249 0.9697209 0.9613249 0.9697209 0.9613251 0.9491667 0.9613249 0.992125 0.9613249 0.9832917 0.9613249 0.9832917 0.9613249 0.9730542 0.9613249 0.9730542 0.9613249 0.9799584 1 0.992125 0.9905069 0.992125 0.9905069 0.992125 0.9627955 0.992125 0.9730023 0.992125 0.9730023 0.992125 1 0.992125 0.9905069 0.992125 0.9905069 0.992125 0.9627955 0.992125 0.9730023 0.992125 0.9730023 0.992125 0.8375 0.65 0.8009375 0.65 0.8009375 0.65 0.8360294 0.576875 0.8284019 0.576875 0.8284019 0.576875 0.8009375 0.576875 0.8090352 0.576875 0.8090352 0.576875 0.8009375 0.6483333 0.8009375 0.6483333 0.8009375 0.5785416 0.8009375 0.5785416 0.8009375 0.6483333 0.8009375 0.6483333 0.8375 0 0.88625 0 0.88625 0 0.88625 0.09749996 0.88625 0.09749996 0.9251265 0.09749996 1 0.09749996 1 0.09749996 0.9738264 0.09749996 0.88625 0.0958333 0.88625 0 0.88625 0 0.88625 0 0.88625 0 0.88625 0.0958333 0.14875 0.71 0.14875 0.71 0.1557995 0.71 0.175 0.71 0.175 0.71 0.1688416 0.71 0.14875 0.6335 0.1557995 0.6335 0.1557995 0.6335 0.175 0.6335 0.1688416 0.6335 0.1688416 0.6335 0.14875 0.7083334 0.14875 0.7083334 0.14875 0.6351667 0.14875 0.6351667 0.14875 0.6351667 0.14875 0.7083334 0 0.09999996 0 0 0 0.09833329 1 0 1 0 1 0 0.8877205 0 0.88625 0 0.88625 0 0.88625 0 1 0 0.8877205 0 1 0.992125 1 1 1 0.9937917 0.06852936 1 0.06999999 1 0.06999999 1 0.06999999 1 0 1 0.06852936 1 0.1987999 0 0.35 0 0.3485293 0 0.35 0 0.35 0 0.3485293 0 0.4475 1 0.35 1 0.4460294 1 0.35 0.890079 0.35 0.8914941 0.35 0.891494 0.35 1 0.35 1 0.35 0.9664813 0.35 0.9661799 0.35 0.9664813 0.35 0.9661799 0.35 0.8966667 0.35 0.8966667 0.35 0.9139549 0.35 0.8864602 0.35 0.8850448 0.35 0.8864598 0 0.1999999 0 0.5017833 0 0.50345 0.07962399 0.1999999 0.07936102 0.1999999 0.07962399 0.1999999 0.35 0.02140337 0.3499999 0.02112841 0.35 0.02140337 0.06852936 0.1999999 0.06852936 0.1999999 0 0.1999999 0 0.1999999 0 0.1999999 0.06852936 0.1999999 0.06852936 0 0 0 0 0 0 0 0.06999999 0 0.06852936 0 0.07962399 0.1999999 0.07147055 0.1999999 0.07147055 0.1999999 0.06999999 0.1255283 0.06999999 0.1255283 0.06999999 0.1016666 0.06999999 0.1255283 0.06999999 0.1016666 0.06999999 0.1016666 0.06999999 0.1701416 0.06999999 0.1983334 0.06999999 0.1983333 0.06999999 0.09833329 0.06999999 0.09833329 0.06999999 0.07330149 0.06999999 0 0.06999999 0 0.06999999 0.02441513 0.06999999 0.1701416 0.06999999 0.1703023 0.06999999 0.1703023 0.06999999 0.1703023 0.06999999 0.1983333 0.06999999 0.1983334 0.35 0.7524091 0.35 0.7524091 0.35 0.7524091 0 0.9220001 0 0.88 0 0.8816667 0.06852936 0.88 0 0.88 0 0.88 0 0.88 0 0.88 0.06852936 0.88 0.07147055 0.88 0.07147055 0.8800001 0.08602941 0.88 1 0.511875 1 0.65 1 0.6483333 0.3855956 0.65 0.3855956 0.65 0.4460294 0.65 0.3748685 0.65 0.3826544 0.65 0.3826544 0.65 0.35 0.65 0.3593436 0.65 0.3593451 0.65 0.3514705 0.65 0.35 0.65 0.3595392 0.65 0.1357294 1 0.1371999 1 0.1371999 1 0.1371999 1 0.06999999 1 0.07147055 1 0.06999999 1 0.06999999 1 0.07147055 1 0.0889706 0.88 0.1034495 0.88 0.1032796 0.88 0.1213722 0.88 0.1217569 0.88 0.1357294 0.88 0.08602941 0.88 0.08602941 0.88 0.07147055 0.88 0.06999999 0.911529 0.06999999 0.9203333 0.06999999 0.9203333 0.06999999 0.8945563 0.06999999 0.8816667 0.06999999 0.8816667 0.06999999 0.9482531 0.06999999 0.9236666 0.06999999 0.9236667 0.06999999 1 0.06999999 1 0.06999999 0.9814558 0.06999999 1 0.06999999 1 0.06999999 0.9814558 0.8360294 0 0.69125 0 0.69125 0 0.69125 0 0.8375 0 0.8360294 0 0.9432795 0.65 0.9432795 0.65 0.8389706 0.65 0.9432795 0.65 0.8375 0.65 0.8389706 0.65 0.9432795 0.65 0.9432795 0.65 0.9447124 0.65 0.8375 0.5752083 0.8375 0.5752083 0.8375 0.5135416 0.8375 0.5785416 0.8375 0.5785416 0.8375 0.65 0.35 0 0.35 0 0.35 0.02140337 0.35 0.1625 0.35 0.09578222 0.35 0.1608332 0.8375 0.09916663 0.8375 0.09916663 0.8375 0.1608332 0.35 0.1625 0.3653572 0.1625 0.3653572 0.1625 0.4051481 0.1625 0.4051481 0.1625 0.3919543 0.1625 0.4862358 0.1625 0.4645949 0.1625 0.4645949 0.1625 0.4138097 0.1625 0.4066187 0.1625 0.4066187 0.1625 0.4333727 0.1625 0.4333727 0.1625 0.4268417 0.1625 0.4435853 0.1625 0.4348433 0.1625 0.4348433 0.1625 0.4616538 0.1625 0.4616538 0.1625 0.4555606 0.1625 0.4066138 0.1625 0.4066187 0.1625 0.4051481 0.1625 0.4348359 0.1625 0.4348433 0.1625 0.4333727 0.1625 0 0.88 0 0.71 0 0.8783333 0.03730273 0.71 0.03738331 0.71 0.08602941 0.71 0 0.71 0.01166898 0.71 0.01166898 0.71 0.08602941 0.71 0.08602941 0.71 0.03730273 0.71 0.3485294 1 0.35 1 0.35 1 0.35 1 0.238 1 0.2394706 1 0.238 1 0.238 1 0.2394706 1 0.238 0.8816667 0.238 1 0.238 1 0.238 0.8809648 0.238 0.8816667 0.238 0.8816667 0.7080365 0.1625 0.6927205 0.1625 0.7083447 0.1625 0.7446585 0.1625 0.8360294 0.1625 0.8360294 0.1625 0.69125 0.6483333 0.69125 0.6483333 0.69125 0.5785417 0.69125 0.5785417 0.69125 0.5785416 0.6912499 0.6483333 0.69125 0.5752083 0.69125 0.5752084 0.69125 0.5297917 0.8284019 0.576875 0.8285142 0.576875 0.8284019 0.576875 1 0 1 0 1 0 1 0.0958333 1 0 1 0 1 0 1 0.09749996 1 0.0958333 0.8375 0.09749996 0.8375 0 0.8375 0.0958333 0.8877206 0.09749996 0.9244778 0.09749996 0.9244778 0.09749996 1 0.09749996 1 0.09749996 0.9735996 0.09749996 0.8847794 0.09749996 0.8847794 0.09749996 0.8731969 0.09749996 0.8389706 0.09749996 0.8549984 0.09749996 0.855001 0.09749996 0.8549984 0.09749996 0.8551935 0.09749996 0.8551934 0.09749996 0.8731911 0.09749996 0.8736077 0.09749996 0.8731968 0.09749996 0.4489706 1 0.6215375 1 0.6215375 1 0.6215375 1 0.4475 1 0.4489706 1 0.5118588 0.65 0.5095613 0.65 0.5095613 0.65 0.5867359 0.65 0.584924 0.65 0.6200669 0.65 0.4594357 0.65 0.4594357 0.65 0.4489706 0.65 0.4474999 0.7630038 0.4474999 0.7622576 0.4474999 0.7566666 0.4474999 0.8933333 0.4474999 0.8933333 0.4475 0.7799413 0.4475 0.8966667 0.4474999 0.8966667 0.4475 1 0 0.9236667 0 1 0 1 0 1 0 0.9220001 0 0.9236667 0.06999999 0.911529 0.06999999 0.9121472 0.06999999 0.9203333 0.06999999 0.8945563 0.06999999 0.8816667 0.06999999 0.8816667 0 0.9220001 0 0.9220001 0.06852936 0.9220001 0 0.9220001 0 0.9220001 0.06852936 0.9220001 0.9598543 1 0.9613249 1 0.9613249 1 0.9613249 1 0.94475 1 0.9462206 1 1 0.65 1 0.65 0.9608455 0.65 0.9579045 0.65 0.9579044 0.65 0.94475 0.65 0.94475 1 0.94475 1 0.94475 0.9958415 0.94475 0.9866948 0.94475 0.9857687 0.94475 0.9832916 0.94475 1 0.94475 1 0.94475 0.9961121 0.94475 0.9832916 0.94475 0.9832917 0.94475 0.9866948 0.9447501 0.9788334 0.9447501 0.9799584 0.9447501 0.9799583 0.9447498 0.8863333 0.94475 0.8863334 0.94475 0.8775001 0.94475 0.8896667 0.94475 0.8896667 0.94475 0.8913407 0.94475 0.9491667 0.94475 0.9491667 0.94475 0.9526582 0.9447501 0.9656099 0.9447501 0.9656099 0.94475 0.9697209 0.35 0.5297917 0.35 0.5297917 0.35 0.6318334 0.1344722 0.6335 0.1344722 0.6335 0.14875 0.6335 0.1344722 0.6335 0.1344722 0.6335 0.1344722 0.6335 0 0.6335 0 0.6335 0.09772866 0.6335 0.1561982 0.6335 0.1502206 0.6335 0.1502206 0.6335 1 0.8880001 1 0.9475 1 0.9458333 0.94475 0.8913407 0.94475 0.8914663 0.94475 0.8896667 0.94475 0.9436784 0.94475 0.9438022 0.94475 0.9458333 0.9447501 0.9520252 0.94475 0.9526582 0.94475 0.9520252 0.9462206 0.9475001 0.9462206 0.9475 0.9598544 0.9475 0.9732047 0.9475001 0.9627956 0.9475001 0.9627956 0.9475 0.9598544 0.9475 0.9598544 0.9475 0.9462206 0.9475001 0.7655125 1 0.7669831 1 0.7669831 1 0.7669831 1 0.6215375 1 0.6230081 1 0.6215375 1 0.6215375 1 0.6230081 1 0.6215375 1 0.6215375 1 0.6215375 0.8441666 0.6215375 0.8177782 0.6215375 0.8182896 0.6215375 0.8179148 0.6215375 0.8441666 0.6215375 0.8441666 0.6215375 0.8425053 0.69125 0.3091979 0.69125 0.3091979 0.69125 0.5264584 0.69125 0.3058645 0.69125 0.3058646 0.69125 0.1641666 0.35 0.528125 0.3610887 0.528125 0.3608631 0.528125 0.3765228 0.528125 0.376527 0.5281249 0.376527 0.528125 0.4594356 0.5281249 0.4594357 0.5281251 0.3855956 0.528125 0.3826544 0.5281249 0.3826544 0.528125 0.376527 0.528125 1 0.7928 1 0.8880001 1 0.8863334 0.94475 0.8758333 0.94475 0.8758333 0.94475 0.8634063 0.94475 0.8091239 0.94475 0.7928 0.94475 0.7944667 1 0.8880001 1 0.8880001 0.9462205 0.8880001 1 0.8880001 1 0.8880001 0.9462205 0.8880001 0.35 0.3625717 0.35 0.3913813 0.35 0.3913813 0.35 0.3913925 0.35 0.3930479 0.35 0.3913843 0.06852936 0.50345 0.06852936 0.50345 0 0.50345 0 0.50345 0 0.50345 0.06999999 0.50345 0.9627955 1 1 1 1 1 1 1 0.9613249 1 0.9627955 1 1 0.9475 1 0.9475 0.9907093 0.9475 0.9732047 0.9475001 0.9727858 0.9475 0.9732047 0.9475001 0.9613249 0.9937917 0.9613249 1 0.9613249 1 0.9613249 1 0.9613249 1 0.9613249 0.9937917 0.9613249 0.9904584 0.9613249 0.9904583 0.9613249 0.9832917 0 0.1999999 0 0.09999996 0 0.1016666 0.06999999 0.1259436 0.06999999 0.1255283 0.06999999 0.1255283 0.06999999 0.07330149 0.06999999 0.07273584 0.06999999 0.09833329 0.06999999 0.07330149 0.06999999 0.07273584 0.06999999 0.07330149 0.06999999 0 0.06999999 0 0.06999999 0.02422672 0 0.09999996 0 0.09999996 0.06852936 0.09999996 0.06852936 0.09999996 0.06852936 0.09999996 0 0.09999996 0 0.09999996 0 0.09999996 0.06852936 0.09999996 0.3186341 0.6335 0.3485293 0.6335 0.3485293 0.6335 0.3485293 0.6335 0.3182044 0.6335 0.318634 0.6335 0.2975 0.5051167 0.2975 0.5051167 0.2975 0.6318334 0.2975 0.5051167 0.2975 0.5051167 0.2975 0.6318334 0.6778435 0.1625 0.6777654 0.1625 0.6897794 0.1625 0.6777654 0.1625 0.6897794 0.1625 0.6897794 0.1625 0.6400625 0.1951444 0.6400625 0.1950176 0.6400625 0.1954085 0.6400625 0.1625 0.6546651 0.1625 0.6415331 0.1625 0.6897794 0.1625 0.6897794 0.1625 0.69125 0.1625 0.6778063 0.5281251 0.6897794 0.528125 0.6897794 0.528125 0.6897794 0.528125 0.6897794 0.528125 0.6900367 0.528125 0.6400625 0.1625 0.6400625 0.1625 0.6400625 0.1744736 0.6400625 0.215677 0.6400625 0.215677 0.6400625 0.194756 0.6400625 0.5264584 0.6400625 0.5264584 0.6400625 0.5054285 0.6400625 0.4619503 0.6400625 0.4619503 0.6400625 0.358862 0.6400625 0.2804048 0.6400625 0.2190104 0.6400625 0.2190104 0.6400625 0.3555287 0.6400625 0.3555287 0.6400625 0.3154532 0.6400625 0.5264584 0.6400625 0.5264584 0.6400625 0.5054285 0.94475 0.9731203 0.9447501 0.9740651 0.9447501 0.9740651 0.94475 0.9731203 0.94475 0.9713875 0.9447501 0.9730542 0.94475 0.9857687 0.94475 0.9866948 0.94475 0.9866948 0.94475 0.979734 0.9447501 0.9788334 0.94475 0.979734 0.9462206 0.981625 0.9462206 0.981625 0.9598543 0.981625 0.9598543 0.981625 0.9598543 0.981625 0.9462206 0.981625 0.9462206 0.981625 0.9462206 0.981625 0.9598543 0.981625 0.35 0.1641666 0.3499999 0.1983333 0.35 0.1983333 0.35 0.1983333 0.35 0.1625 0.35 0.1641666 0.35 0.1999999 0.35 0.1999999 0.35 0.2173437 0.35 0.199984 0.35 0.1983333 0.35 0.1999945 0.6400625 0.1625 0.6400625 0.1625 0.6400625 0.1746178 0.6074081 0 0.6059375 0 0.6059375 0 0.6059375 0 0.69125 0 0.6897794 0 0.69125 0 0.69125 0 0.6897794 0 0.7444379 0.1625 0.8360294 0.1625 0.8360294 0.1625 0.69125 0 0.69125 0 0.69125 0.1608332 0.8469782 1 0.7669831 1 0.8455076 1 0.94475 0.9713875 0.94475 0.9661851 0.94475 0.9697209 0.94475 0.9526582 0.9447501 0.9520252 0.94475 0.9491667 0.94475 0.9438022 0.94475 0.9436784 0.94475 0.9438022 0.9613249 0.9697209 0.961325 0.9491667 0.961325 0.9491667 0.9462206 0.9713875 0.9462205 0.9713875 0.9598543 0.9713875 0.9598543 0.9713874 0.9598543 0.9713875 0.9462206 0.9713875 0.9462206 0.9713875 0.9462206 0.9713875 0.9598543 0.9713874 0.09947055 0.1999999 0.09947055 0.1999999 0.1945294 0.2 0.07147055 0.2 0.07936024 0.1999999 0.07936102 0.1999999 0.09165847 0.1999999 0.09652936 0.1999999 0.09652936 0.1999999 0.196 0.50345 0.1959999 0.50345 0.1508309 0.50345 0.06999999 0.2016667 0.06999999 0.2016667 0.06999999 0.2751189 0.06999999 0.3145898 0.06852936 0.50345 0.06999999 0.5017833 0.06999999 0.2751189 0.06999999 0.2016667 0.06999999 0.2016666 0.6074081 0.1625 0.6074081 0.1625 0.6385918 0.1625 0.6074081 0.1625 0.6400625 0.1625 0.6385918 0.1625 0.6059374 0.1625 0.6059375 0.1625 0.5400112 0.1625 0.60594 0.1625 0.6059374 0.1625 0.6074081 0.1625 0.5660762 0.2173437 0.5660763 0.2173437 0.5400112 0.2173437 0.5660763 0.2173437 0.5385406 0.2173437 0.5400112 0.2173437 0.6385918 0.2173437 0.5675469 0.2173437 0.5675469 0.2173437 0.5675444 0.2173437 0.5675469 0.2173437 0.5660763 0.2173437 0.5385406 0.2173437 0.5385406 0.2173437 0.5385406 0.1641666 0.5385407 0.1641666 0.5385406 0.1641666 0.5385406 0.2173437 0.5385406 0.2173437 0.5385406 0.2173437 0.5385407 0.1641666 0.5184234 0.1625 0.5183588 0.1625 0.53707 0.1625 0.4862358 0.1625 0.4862893 0.1625 0.4862358 0.1625 0.5385406 0.2173437 0.4631243 0.2173437 0.464595 0.2173437 0.4631243 0.2173437 0.4631243 0.2173437 0.4631243 0.1641666 0.4631243 0.2173437 0.4631243 0.2173437 0.4631243 0.1641666 0.8375 0.5752083 0.8375 0.5135416 0.8375 0.5135416 0.8374999 0.4411114 0.8375 0.4412975 0.8375 0.5102083 0.8375 0.4412975 0.8375 0.5102083 0.8375 0.5102083 0.69125 0.5264584 0.69125 0.5264584 0.69125 0.3091979 0.8090352 0.576875 0.8094325 0.576875 0.8094325 0.576875 0.7799372 0.576875 0.7790582 0.576875 0.7799372 0.576875 0.69125 0.5297917 0.69125 0.5297917 0.69125 0.5752083 0.6778063 0.5281251 0.6778076 0.5281249 0.6778063 0.528125 0.7799372 0.576875 0.7790582 0.576875 0.7994669 0.576875 0.6927205 0.576875 0.7281308 0.576875 0.7284913 0.576875 0.8360294 0.576875 0.8360294 0.576875 0.8285141 0.576875 0.8094325 0.576875 0.8024081 0.576875 0.802408 0.576875 0.7799372 0.576875 0.7994669 0.576875 0.7994669 0.576875 0.7281308 0.576875 0.7284913 0.576875 0.7284913 0.576875 1 0.70712 1 0.7928 1 0.7911333 0.94475 0.7928 0.94475 0.7734732 0.94475 0.7911333 0.94475 0.7300453 0.94475 0.7302836 0.94475 0.7087867 0.94475 0.7302836 0.9447499 0.70712 0.94475 0.7087867 1 0.7928 1 0.7928 0.94475 0.7928 0.94475 0.7928 0.94475 0.7928 1 0.7928 0.65486 0.5281249 0.654856 0.528125 0.654856 0.528125 0.5675469 0.3930479 0.5675469 0.3930479 0.5675469 0.5264584 0.5675469 0.3913813 0.5675469 0.3913813 0.5675469 0.358862 0.5675469 0.3930467 0.5675469 0.3930479 0.5675469 0.3913813 0.5675469 0.5272194 0.5675469 0.5264584 0.5675469 0.5264584 1 0.2301 1 0.511875 1 0.5102083 0.8375 0.2317666 0.8375 0.3058645 0.8375 0.3058645 0.8375 0.3968303 0.8375 0.3965942 0.8374999 0.3091979 0.8375 0.3965942 0.8375 0.3091979 0.8374999 0.3091979 0.8389706 0.511875 0.8788883 0.511875 0.8792312 0.511875 0.929331 0.511875 0.9285613 0.511875 0.9579044 0.511875 0.8788883 0.511875 0.8792312 0.511875 0.8792312 0.511875 0.9579044 0.511875 0.9579044 0.511875 0.929331 0.511875 0.9737139 0.511875 0.9608456 0.511875 0.9608456 0.511875 1 0.65 1 0.70712 1 0.7054532 0.9447499 0.70712 0.94475 0.6516667 0.94475 0.7054533 0.94475 0.6516667 0.94475 0.6516667 0.94475 0.7054533 1 0.70712 1 0.70712 0.9644664 0.70712 1 0.70712 1 0.70712 0.9644665 0.70712 0.9447499 0.70712 0.9506949 0.70712 0.9506949 0.70712 0.4460294 0.65 0.4460294 0.65 0.3855956 0.65 0.3755667 0.65 0.3748725 0.65 0.375389 0.65 0.4489706 0.65 0.4489705 0.6499999 0.4594357 0.65 0.3841249 0.6098207 0.3841249 0.6483333 0.3841249 0.6483333 0.3841249 0.6098207 0.3841249 0.6483333 0.3841249 0.6483333 0.3841249 0.5715606 0.3841249 0.5281249 0.3841249 0.5281249 0.238 1 0.238 1 0.2131821 1 0.1642145 1 0.1371999 1 0.1386706 1 0.1371999 1 0.1371999 1 0.1386706 1 0.1371999 1 0.1371999 1 0.1371999 0.8816667 0.1371999 1 0.1371999 1 0.1371999 0.8816667 0.196 0.1999999 0.1988 0.1999999 0.1974706 0.1999999 0.3127415 0.2 0.3485293 0.2 0.3485293 0.2 0.2002705 0.1999999 0.2800871 0.1999999 0.2800871 0.1999999 0.2975 0.5051167 0.1974706 0.50345 0.2975 0.5051167 0.2975 0.50345 0.3485293 0.50345 0.2989706 0.50345 0.1959999 0.50345 0.196 0.50345 0.196 0.3673928 0.1959999 0.3126616 0.1959999 0.3135883 0.1959999 0.2927016 0.196 0.50345 0.1959999 0.50345 0.1959999 0.3667287 0.1959999 0.2927016 0.196 0.2927017 0.196 0.3126617 0.196 0.2841399 0.196 0.2893683 0.196 0.2893683 0.196 0.2016667 0.196 0.2016667 0.196 0.2601013 0.196 0.2016519 0.196 0.2016667 0.196 0.2016203 0.1959999 0.2604078 0.196 0.2601013 0.196 0.2601025 0.3514705 0.2173437 0.35 0.2 0.3514705 0.2173437 0.3514705 0.2795 0.3514705 0.2795 0.5660762 0.2795 0.3514705 0.2795 0.3514705 0.2795 0.5660763 0.2795 0.6200669 0.65 0.6200669 0.65 0.5872216 0.65 0.4609062 0.5281249 0.5660763 0.5281249 0.4623768 0.5281249 0.5660763 0.5281249 0.5660763 0.528125 0.4623768 0.5281249 0.6415331 0.528125 0.654856 0.528125 0.654856 0.528125 0.6778063 0.528125 0.6897794 0.528125 0.6897794 0.528125 0.5675469 0.5281249 0.6385919 0.528125 0.6385919 0.5281249 0.6400625 0.5054285 0.6400625 0.5054913 0.6400625 0.5054285 0.4609062 0.6483333 0.4609062 0.5281249 0.4609062 0.5281249 0.9244778 0.09749996 0.9251265 0.09749996 0.9244778 0.09749996 1 0.09749996 1 0.180375 1 0.1787083 0.8375 0.1608332 0.8375 0.1608332 0.8375 0.09916663 0.8374999 0.1694036 0.8375 0.1698949 0.8374999 0.1641666 0.8389706 0.180375 1 0.180375 1 0.180375 0.8389706 0.180375 1 0.180375 1 0.180375 0.35 0.6516667 0.35 0.7083334 0.35 0.7083333 0.35 0.7524091 0.35 0.7524091 0.35 0.71 0.35 0.7524091 0.35 0.71 0.35 0.71 0.35 0.88 0.35 0.88 0.35 0.8280681 0.35 0.8950001 0.35 0.8914941 0.35 0.8933333 0.35 0.8859413 0.35 0.8864602 0.35 0.8816666 0.35 0.8864602 0.35 0.8816666 0.35 0.8816666 0.35 0.7099989 0.35 0.71 0.35 0.7083333 0.35 0.8816621 0.35 0.8816573 0.35 0.88 0.35 0.8280681 0.35 0.8280681 0.35 0.8280681 0.4475 0.6516667 0.4475 0.6516667 0.4474999 0.7533333 0.4474999 0.7566666 0.4474999 0.7566667 0.4474999 0.7630401 0.4475 0.7807238 0.4475 0.7799413 0.4475 0.7799413 0.4460294 0.8950001 0.35 0.8950001 0.35 0.8950001 0.35 0.9147221 0.35 0.9139549 0.35 0.9139549 0.4555606 0.1625 0.4562195 0.1625 0.4616538 0.1625 0.4438634 0.1625 0.4435853 0.1625 0.4438634 0.1625 0.4348433 0.1625 0.4438634 0.1625 0.4435853 0.1625 0.4631243 0.2173437 0.4348433 0.2173437 0.4616538 0.2173437 0.4348433 0.2173437 0.4348433 0.2173437 0.4348433 0.1641666 0.4348433 0.215677 0.4348432 0.1641666 0.4348433 0.215677 0.3918772 0.1625 0.3919543 0.1625 0.3919543 0.1625 0.4138096 0.1625 0.4134485 0.1625 0.4134485 0.1625 0.4268417 0.1625 0.4272414 0.1625 0.4333727 0.1625 0.4333727 0.2173437 0.4348433 0.2173437 0.4348433 0.2173437 0.4348433 0.2173437 0.4051481 0.2173437 0.4066187 0.2173437 0.4051481 0.2173437 0.4051481 0.2173437 0.4051481 0.1641666 0.9506949 0.70712 0.9514016 0.70712 0.9506949 0.70712 0.9447501 0.8080765 0.94475 0.8091239 0.9447501 0.8080765 0.9649757 0.70712 0.9644664 0.70712 0.9644665 0.70712 0.94475 0.8863334 0.9432794 0.8775001 0.94475 0.8775001 0.9447499 0.7737581 0.94475 0.7734732 0.94475 0.773758 0.7669831 0.8775 0.7991376 0.8775001 0.7991192 0.8775001 0.8276151 0.8775001 0.8276498 0.8775001 0.8455076 0.8775001 0.8276498 0.8775001 0.8469782 0.8775001 0.8455076 0.8775001 0.8484488 0.8775001 0.861495 0.8775001 0.861495 0.8775001 0.7991429 0.8775001 0.7991376 0.8775001 0.799165 0.8775001 0.4475 0.6516667 0.4475 0.6516667 0.4475 0.7533333 0.4474999 0.7630401 0.4474999 0.7622576 0.4474999 0.7630401 0.6215375 0.6516667 0.6215375 0.6516667 0.6215375 0.7533333 0.520439 0.7549999 0.5204391 0.7549999 0.5204391 0.7550001 0.5460803 0.7549999 0.6200669 0.7550001 0.6200669 0.7550001 0.4489706 0.7549999 0.5204392 0.7549999 0.5204391 0.7550001 0.5460803 0.7549999 0.6200669 0.7550001 0.6200669 0.7550001 0.584924 0.65 0.5872215 0.65 0.584924 0.65 0.9608455 0.65 1 0.65 1 0.65 1 0.65 0.959375 0.65 0.9608455 0.65 1 0.511875 1 0.511875 0.989828 0.511875 0.929331 0.511875 0.9285613 0.511875 0.929331 0.511875 0.9732733 0.511875 0.9737139 0.511875 0.9732733 0.511875 0.959375 0.6483333 0.959375 0.5135416 0.959375 0.5135416 0.959375 0.6483333 0.959375 0.5135416 0.959375 0.5135417 0.8375 0.3058645 0.8375 0.2317666 0.8375 0.2317667 0.8375 0.2170832 0.8375 0.2170804 0.8375 0.2284333 0.8375 0.2170804 0.8375 0.2284333 0.8375 0.2284333 0.8375 0.1820417 0.8375 0.1820417 0.8375 0.2003253 0.8375 0.2001575 0.8375 0.2003268 0.8375 0.2003268 0.69125 0.3075312 0.69125 0.1625 0.69125 0.1641666 0.6927205 0.3075312 0.8360294 0.3075312 0.8360294 0.3075312 0.6927205 0.3075312 0.8360294 0.3075312 0.8360294 0.3075312 0.6415331 0.1625 0.6548933 0.1625 0.6548933 0.1625 0.6400625 0.1749891 0.6400625 0.1744736 0.6400625 0.1751261 0.6059375 0 0.6059375 0 0.35 0 0.5183588 0.1625 0.5184234 0.1625 0.5183588 0.1625 0.6059375 0 0.6059375 0 0.6059375 0.1608332 0.35 0.2554393 0.35 0.2553545 0.35 0.2553545 0.35 0.2190104 0.35 0.2190104 0.35 0.2295317 0.1959999 0.2845758 0.196 0.2841449 0.196 0.2893683 0.196 0.2841399 0.1959999 0.2845758 0.196 0.2841449 0.196 0.2604078 0.196 0.2016667 0.196 0.2016667 0.196 0.2016201 0.196 0.2016667 0.196 0.2016667 0.3485293 0.291035 0.1974706 0.2910349 0.1974706 0.2910349 0.1974706 0.2910349 0.3485293 0.291035 0.3485293 0.291035 0.3485294 0.88 0.3485294 0.88 0.2394706 0.88 0.3485294 0.88 0.2394706 0.88 0.2394706 0.88 0.1357294 0.88 0.1357293 0.88 0.1212017 0.88 0.238 0.88 0.2379999 0.88 0.2141441 0.88 0.1646897 0.88 0.1386706 0.88 0.1386706 0.88 0.14875 0.71 0.1557995 0.71 0.1557995 0.71 0.1688416 0.71 0.175 0.71 0.175 0.71 0.08749997 0.71 0.1472793 0.71 0.0889706 0.71 0.1472793 0.71 0.1472794 0.71 0.0889706 0.71 0.1764705 0.71 0.1764705 0.71 0.3485293 0.71 0.1472917 0.71 0.1473114 0.71 0.14875 0.71 0.08749997 0.8783333 0.08749997 0.71 0.08749997 0.71 0.06999999 0.02441513 0.06999999 0.02422672 0.06999999 0.02422672 0.06999999 0 0.09799998 0 0.09652936 0 0.09799998 0.07509183 0.09799998 0.07509183 0.09799998 0.07509183 0.1945294 0.2 0.1945294 0.2 0.09947055 0.1999999 0.09799998 0.1214504 0.09799998 0.1214504 0.09799998 0.1214504 0.09799998 0.1214504 0.09799998 0.1983333 0.09799998 0.1983333 0.09799998 0.07509183 0.09799998 0 0.09799998 0 0.09799998 0.1214504 0.09799998 0.1983333 0.09799998 0.1983333 0.09799998 0.07509183 0.09799998 0 0.09799998 0 0.1764705 0.6335 0.175 0.6335 0.2088873 0.6335 0.2960294 0.6335 0.2722107 0.6335 0.2722106 0.6335 0.175 0.6335 0.2088873 0.6335 0.2088873 0.6335 0.2989706 0.6335 0.3036837 0.6335 0.2989706 0.6335 0.175 0.7083333 0.175 0.7083334 0.175 0.6335 0.175 0.6335 0.175 0.6335 0.175 0.7083333 0.35 0.291035 0.3514705 0.2795 0.35 0.2811667 0.35 0.362381 0.35 0.362381 0.35 0.362381 0.35 0.3160087 0.35 0.3155013 0.35 0.3155013 0.35 0.3155012 0.35 0.2927016 0.35 0.2927017 0.5675469 0.3555287 0.5675469 0.3555287 0.5675469 0.2795 0.5660762 0.3913812 0.3514705 0.3913812 0.3514705 0.3913812 1 0.180375 1 0.2301 1 0.2284333 0.8375 0.3971357 0.8375 0.3965942 0.8375 0.3965942 0.8375 0.2003268 0.8375 0.2001575 0.8375 0.1820417 0.8389706 0.2300999 1 0.2301 1 0.2301 0.8389706 0.2300999 1 0.2301 1 0.2301 0.6215375 0.6516667 0.6215375 0.7533333 0.6215375 0.7533333 0.6215375 0.7741622 0.6215375 0.7741695 0.6215374 0.7566666 0.6215375 0.7741695 0.6215375 0.7566667 0.6215374 0.7566666 0.623008 0.8424999 0.7240605 0.8425 0.7240605 0.8424999 0.724056 0.8425 0.7240605 0.8424999 0.7240605 0.8425 0.7535952 0.8425 0.7669831 0.8425 0.7669831 0.8425 0.09165847 0.1999999 0.09233337 0.1999999 0.09166049 0.1999999 0.09799998 0 0.1987999 0 0.09947055 0 0.09947055 0 0.1987999 0 0.1973294 0 0.3127415 0.2 0.3127415 0.2 0.3127415 0.2 0.1987999 0.1983333 0.1987999 0 0.1987999 0 0.1987999 0 0.1987999 0 0.1987999 0.1983333 0.94475 0.9961121 0.94475 0.9958415 0.94475 0.9958415 0.94475 1 0.8469782 1 0.8484488 1 0.9220387 0.8775001 0.9432794 0.8775001 0.9432794 0.8775001 0.862782 0.8775001 0.861495 0.8775001 0.862782 0.8775001 0.8276183 0.8775001 0.8276498 0.8775001 0.8276256 0.8775 0.8469782 0.8775001 0.8469782 0.8775001 0.8469782 1 0.8469782 1 0.8469782 1 0.8469782 0.8775001 0.6400625 0.4619503 0.6400625 0.4621431 0.6400625 0.4619504 0.5675469 0.2778334 0.5675469 0.2778333 0.5675469 0.2190104 0.5690174 0.3571953 0.5690175 0.3571953 0.6385918 0.3571953 0.638592 0.3571953 0.6385918 0.3571953 0.5690174 0.3571953 0.5690174 0.3571953 0.5690174 0.3571953 0.638592 0.3571953 0.9907093 0.9475 0.9905641 0.9475 0.9905641 0.9475 1 0.9475 1 0.992125 1 0.9904583 0.9905069 0.992125 0.9905069 0.992125 0.9905069 0.992125 0.9613249 0.9799583 0.9613249 0.9799584 0.961325 0.9730542 0.9613249 0.9697209 0.9613249 0.9697209 0.961325 0.9491667 0.9613249 0.9832917 0.961325 0.9832918 0.9613249 0.9904584 1 0.992125 0.9905069 0.992125 0.9905069 0.992125 0.9730023 0.992125 0.9627955 0.992125 0.9627955 0.992125 1 0.992125 1 0.992125 0.9905069 0.992125 0.9730023 0.992125 0.9730023 0.992125 0.9730023 0.992125 0.8375 0.65 0.8009375 0.65 0.802408 0.65 0.8360294 0.576875 0.8360294 0.576875 0.8285142 0.576875 0.8009375 0.65 0.8009375 0.65 0.8009375 0.5785416 0.8009375 0.5785417 0.8009375 0.5785416 0.8009375 0.65 0.8009375 0.65 0.8009375 0.65 0.8009375 0.5785417 0.7444379 0.1625 0.7444379 0.1625 0.7444378 0.1625 0.8375 0 0.88625 0 0.8847794 0 0.88625 0 0.88625 0 0.8847794 0 0.9251265 0.09749996 0.88625 0.09749996 0.8877206 0.09749996 0.9738264 0.09749996 0.9735996 0.09749996 0.9738264 0.09749996 1 0.09749996 1 0.09749996 0.9738264 0.09749996 0.88625 0.0958333 0.88625 0 0.88625 0 0.88625 0.0958333 0.88625 0 0.88625 0 0.14875 0.7083334 0.14875 0.7083334 0.14875 0.6335 0.14875 0.6335 0.14875 0.6335 0.14875 0.7083334 0 0 0 0 0 0.09833329 1 0 1 0 0.8877205 0 1 1 1 1 1 0.9937917 0 1 0.06852936 1 0.06852936 1 0.2002705 0 0.3485293 0 0.3485293 0 0.3514706 1 0.3514706 1 0.4460294 1 0 0.2016667 0 0.2016666 0 0.5017833 0 0 0.06852936 0 0.06852936 0 0 0.9203334 0 0.8816667 0 0.8816667 1 0.6483333 1 0.6483333 1 0.5135416 0.1357294 1 0.1357294 1 0.07147055 1 0.8360294 0 0.8360294 0 0.6927205 0 0 0.7116667 0 0.8783333 0 0.8783333 0.3485294 1 0.3485294 1 0.2394706 1 1 0 1 0.0958333 1 0.0958333 0.4489706 1 0.4489706 1 0.620067 1 0 1 0 1 0 0.9236667 0.9598543 1 0.9598543 1 0.9462206 1 0 0.7083333 0 0.7083333 0 0.6351667 1 0.8896667 1 0.8896667 1 0.9458333 0.7655125 1 0.7655125 1 0.6230081 1 0.3598527 0.65 0.3593451 0.65 0.3593436 0.65 0.3485294 0.6335 0.35 0.5297917 0.3485293 0.6335 1 0.7944666 1 0.7944666 1 0.8863334 0 0.5051167 0 0.5051167 0 0.6318333 0 0.50345 0 0.50345 0.06852936 0.50345 0.1487499 0.50345 0.1508036 0.50345 0.1508036 0.50345 0.07147055 0.50345 0.07147055 0.50345 0.09551489 0.50345 0 0.50345 0 0.50345 0.06999999 0.50345 1 1 1 1 0.9627955 1 0 0.1983333 0 0.1983333 0 0.1016666 0.6074081 0 0.6074081 0 0.6897794 0 0.7684537 1 0.7684537 1 0.8455076 1 1 0.7087866 1 0.7087867 1 0.7911333 1 0.2317667 1 0.2317667 1 0.5102083 1 0.6516667 1 0.6516667 1 0.7054532 0.2137038 1 0.2365294 1 0.2365294 1 0.1386706 1 0.1637377 1 0.1634809 1 1 0.09916663 1 0.09916663 1 0.1787083 0.7536011 0.8424999 0.7536011 0.8425 0.753601 0.8425 0.6044669 0 0.6044669 0 0.3514705 0 0.07147055 0 0.07147055 0 0.09652936 0 1 0.1820417 1 0.1820417 1 0.2284333 0.1973294 0 0.1973294 0 0.09947055 0 0.9432795 1 0.9432794 1 0.8484488 1 1 0.9491667 1 0.9904583 1 0.9904584 0.8389706 0 0.8847794 0 0.8847793 0 0.07147055 0.50345 0.07147055 0.50345 0.06999999 0.3145898 0.09644794 0.50345 0.09551489 0.50345 0.09644794 0.50345 0.09772866 0.6335 0.09747701 0.6335 0.09772866 0.6335 0.1561982 0.6335 0.1561982 0.6335 0.1561982 0.6335 0.1683844 0.6335 0.1688416 0.6335 0.1688416 0.6335 0.1561982 0.71 0.1557995 0.71 0.1557995 0.71 0.1634809 1 0.1642145 1 0.1642145 1 0.06999999 0.9814543 0.06999999 0.9814558 0.06999999 0.9814558 0.06999999 0.9482531 0.06999999 0.9482489 0.06999999 0.9482532 0.06999999 0.8945563 0.06999999 0.8945563 0.06999999 0.8945563 0.06999999 0.911529 0.06999999 0.9121472 0.06999999 0.911529 0.1032796 0.88 0.1034495 0.8799999 0.1032796 0.8799999 0.1217569 0.88 0.1213722 0.88 0.1213722 0.88 0.2129354 1 0.2131821 1 0.2137038 1 0.2141441 0.88 0.214379 0.88 0.214379 0.88 0.1646897 0.88 0.1654114 0.88 0.1649588 0.88 0.01166898 0.71 0.01166898 0.71 0.01166898 0.71 0.03738331 0.71 0.03730273 0.71 0.03738331 0.71 0.06999999 0.3145898 0.06999999 0.3147055 0.06999999 0.3145899 0.06999999 0.275194 0.06999999 0.2751189 0.06999999 0.2751188 0.35 0.6483334 0.3593436 0.65 0.35 0.6483334 0.35 0.6335 0.35 0.65 0.35 0.6351667 0.3610887 0.528125 0.361336 0.528125 0.3608631 0.528125 0.3653572 0.1625 0.3654613 0.1625 0.3654227 0.1625 0.3182044 0.6335 0.3182044 0.6335 0.3485293 0.6335 0.3841249 0.6097405 0.3841249 0.6097404 0.3841249 0.6097405 0.35 0.09702861 0.35 0.09578222 0.35 0.09578222 0.4557632 0.1625 0.4562195 0.1625 0.4562195 0.1625 0.4272414 0.1625 0.4268417 0.1625 0.4268417 0.1625 0.94475 0.8914663 0.94475 0.8913407 0.94475 0.8913407 0.1683844 0.71 0.1688416 0.71 0.1688416 0.71 0.5460803 0.7550001 0.5460803 0.7549999 0.5460803 0.7550001 0.9447501 0.8623589 0.94475 0.8634063 0.94475 0.8634063 0.6548933 0.1625 0.6548933 0.1625 0.6548933 0.1625 0.6400625 0.2804132 0.6400625 0.2804048 0.6400625 0.2804048 0.6400625 0.3154532 0.6400625 0.3154187 0.6400625 0.3154532 0.6777654 0.1625 0.6778436 0.1625 0.6778435 0.1625 0.9447501 0.9656099 0.94475 0.9661851 0.94475 0.9661851 0.8375 0.4412975 0.8375 0.4407561 0.8375 0.4407561 0.989828 0.511875 0.989828 0.511875 0.9896588 0.511875 0.3841249 0.5715606 0.3841249 0.5714007 0.3841249 0.5714007 0.1959999 0.3127611 0.1959999 0.3136983 0.1959999 0.3135883 0.6215375 0.7741622 0.6215375 0.7746762 0.6215375 0.7741622 0.94475 0.7302836 0.94475 0.7300453 0.94475 0.7300453 0.9216991 0.8775001 0.9216991 0.8775001 0.9220387 0.8775001 0.8375 0.1759955 0.8375 0.1759951 0.8375 0.1746335 0.2071748 0.6335 0.2088873 0.6335 0.2088873 0.6335 0.2722106 0.6335 0.2725518 0.6335 0.2725518 0.6335 0.8375 0.2170804 0.8375 0.2174918 0.8375 0.2174918 0.2800871 0.1999999 0.2801612 0.1999999 0.2800871 0.1999999 0.7080364 0.1625 0.7080364 0.1625 0.7080364 0.1625 0.2975 0.6335 0.2975 0.6335 0.3030391 0.6335 0.196 0.3673928 0.1959999 0.3677654 0.1959999 0.3670977 0.2989706 0.6335 0.2989705 0.6335 0.3036879 0.6335 0.35 0.890079 0.35 0.890079 0.35 0.8914941 0.35 0.9661799 0.35 0.9664813 0.35 0.9664813 0.35 0.8864602 0.35 0.8850448 0.35 0.8850448 0 0.1999999 0 0.1999999 0 0.5017833 0.07962399 0.1999999 0.07936024 0.1999999 0.07936102 0.1999999 0.35 0.02140337 0.35 0.02112841 0.3499999 0.02112841 0.06999999 0.1701416 0.06999999 0.1701416 0.06999999 0.1703023 0.35 0.7524091 0.35 0.7512993 0.35 0.7524091 0.8284019 0.576875 0.8285141 0.576875 0.8285142 0.576875 0.8549984 0.09749996 0.8550011 0.09749996 0.8551935 0.09749996 0.8731911 0.09749996 0.8736078 0.09749996 0.8736077 0.09749996 0.5118588 0.65 0.5118588 0.65 0.5095613 0.65 0.1344722 0.6335 0.1348193 0.6335 0.1344722 0.6335 0.9447501 0.9520252 0.94475 0.9526582 0.94475 0.9526582 0.6215375 0.8177782 0.6215375 0.8177756 0.6215375 0.8182896 0.3765228 0.528125 0.3770847 0.5281249 0.376527 0.5281249 0.9732047 0.9475001 0.9727858 0.9475 0.9727858 0.9475 0.06999999 0.1259436 0.06999999 0.1259436 0.06999999 0.1255283 0.06999999 0.07330149 0.06999999 0.07273584 0.06999999 0.07273584 0.6400625 0.1951444 0.6400625 0.194756 0.6400625 0.1950176 0.94475 0.9731203 0.94475 0.9731203 0.9447501 0.9740651 0.94475 0.9857687 0.94475 0.9857687 0.94475 0.9866948 0.94475 0.979734 0.94475 0.9788334 0.9447501 0.9788334 0.94475 0.9438022 0.94475 0.9436784 0.94475 0.9436784 0.4862358 0.1625 0.4862893 0.1625 0.4862893 0.1625 0.8090352 0.576875 0.8090352 0.576875 0.8094325 0.576875 0.7799372 0.576875 0.7790582 0.576875 0.7790582 0.576875 0.6778063 0.5281251 0.6777279 0.5281251 0.6778076 0.5281249 0.7281308 0.576875 0.7281309 0.576875 0.7284913 0.576875 0.65486 0.5281249 0.6546276 0.5281251 0.654856 0.528125 0.8788883 0.511875 0.8788883 0.511875 0.8792312 0.511875 0.3755667 0.65 0.375042 0.65 0.3748725 0.65 0.2975 0.5051167 0.196 0.50345 0.1974706 0.50345 0.2975 0.50345 0.35 0.50345 0.3485293 0.50345 0.1959999 0.2604078 0.196 0.2604078 0.196 0.2601013 0.6400625 0.5054285 0.6400625 0.5054286 0.6400625 0.5054913 0.9244778 0.09749996 0.9251265 0.09749996 0.9251265 0.09749996 0.35 0.8280681 0.35 0.8289298 0.35 0.8280681 0.4475 0.7807238 0.4474999 0.7807238 0.4475 0.7799413 0.35 0.9147221 0.35 0.9147221 0.35 0.9139549 0.4438634 0.1625 0.4441863 0.1625 0.4435853 0.1625 0.3918772 0.1625 0.3919888 0.1625 0.3919543 0.1625 0.4138096 0.1625 0.4138097 0.1625 0.4134485 0.1625 0.9506949 0.70712 0.9514017 0.70712 0.9514016 0.70712 0.9447501 0.8080765 0.94475 0.8091239 0.94475 0.8091239 0.9649757 0.70712 0.9649757 0.70712 0.9644664 0.70712 0.9447499 0.7737581 0.94475 0.7734732 0.94475 0.7734732 0.7991429 0.8775001 0.7991468 0.8775 0.7991376 0.8775001 0.4474999 0.7630401 0.4474999 0.7622576 0.4474999 0.7622576 0.520439 0.7549999 0.5204391 0.7550001 0.5204391 0.7549999 0.584924 0.65 0.5872216 0.65 0.5872215 0.65 0.929331 0.511875 0.9285613 0.511875 0.9285613 0.511875 0.9732733 0.511875 0.9737106 0.511875 0.9737139 0.511875 0.8375 0.2001575 0.8375 0.2001575 0.8375 0.2003268 0.6400625 0.1749891 0.6400624 0.1749891 0.6400625 0.1744736 0.5183588 0.1625 0.5184234 0.1625 0.5184234 0.1625 0.35 0.2554393 0.35 0.2554393 0.35 0.2553545 0.196 0.2841399 0.1959999 0.2845758 0.1959999 0.2845758 0.06999999 0.02441513 0.06999999 0.02441513 0.06999999 0.02422672 0.09799998 0.07509183 0.09799998 0.07509177 0.09799998 0.07509183 0.09799998 0.1214504 0.09799998 0.1214504 0.09799998 0.1214504 0.2989706 0.6335 0.3036837 0.6335 0.3036837 0.6335 0.35 0.362381 0.35 0.3630583 0.35 0.362381 0.35 0.3160087 0.35 0.3161786 0.35 0.3155013 0.8375 0.3971357 0.8375 0.3971357 0.8375 0.3965942 0.724056 0.8425 0.7240605 0.8425 0.7240605 0.8424999 0.09165847 0.1999999 0.09233337 0.1999999 0.09233337 0.1999999 0.3127415 0.2 0.3127802 0.2 0.3127415 0.2 0.94475 0.9961121 0.94475 0.9961121 0.94475 0.9958415 0.862782 0.8775001 0.861495 0.8775001 0.861495 0.8775001 0.8276183 0.8775001 0.8276608 0.8775001 0.8276498 0.8775001 0.6400625 0.4619503 0.6400625 0.4619503 0.6400625 0.4621431 0.9907093 0.9475 0.9907093 0.9475 0.9905641 0.9475 0.9905069 0.992125 0.9905069 0.992125 0.9905069 0.992125 0.9730023 0.992125 0.9730023 0.992125 0.9730023 0.992125 0.7444379 0.1625 0.7446585 0.1625 0.7444379 0.1625 0.9738264 0.09749996 0.9735996 0.09749996 0.9735996 0.09749996 0.3598527 0.65 0.3600393 0.65 0.3593451 0.65 0.1487499 0.50345 0.1487499 0.50345 0.1508036 0.50345 0.7536011 0.8424999 0.753601 0.8425 0.7536011 0.8425 0.09644794 0.50345 0.09551489 0.50345 0.09551489 0.50345 0.09772866 0.6335 0.09747701 0.6335 0.09747701 0.6335 0.1561982 0.6335 0.1561982 0.6335 0.1561982 0.6335 0.1683844 0.6335 0.1688416 0.6335 0.1688416 0.6335 0.1561982 0.71 0.1561982 0.71 0.1557995 0.71 0.1634809 1 0.1637377 1 0.1642145 1 0.06999999 0.9814543 0.06999999 0.9814543 0.06999999 0.9814558 0.06999999 0.9482531 0.06999999 0.9482489 0.06999999 0.9482489 0.06999999 0.8945563 0.06999999 0.8945563 0.06999999 0.8945563 0.06999999 0.911529 0.06999999 0.9121472 0.06999999 0.9121472 0.1032796 0.88 0.1034495 0.88 0.1034495 0.8799999 0.1217569 0.88 0.1217569 0.88 0.1213722 0.88 0.2129354 1 0.2131821 1 0.2131821 1 0.2141441 0.88 0.2149249 0.88 0.214379 0.88 0.1646897 0.88 0.1654114 0.88 0.1654114 0.88 0.01166898 0.71 0.01166898 0.71 0.01166898 0.71 0.03738331 0.71 0.03730273 0.71 0.03730273 0.71 0.06999999 0.3145898 0.06999999 0.3147054 0.06999999 0.3147055 0.06999999 0.275194 0.06999999 0.2751941 0.06999999 0.2751189 0.3610887 0.528125 0.3615573 0.528125 0.361336 0.528125</float_array>
          <technique_common>
            <accessor source="#Floor_mesh_020-mesh-map-0-array" count="5988" stride="2">
              <param name="S" type="float"/>
              <param name="T" type="float"/>
            </accessor>
          </technique_common>
        </source>
        <source id="Floor_mesh_020-mesh-map-1">
          <float_array id="Floor_mesh_020-mesh-map-1-array" count="11976">0 0 0 0 0 0 0 0 0 0 0 0 0 0 0 0 0 0 0 0 0 0 0 0 0 0 0 0 0 0 0 0 0 0 0 0 0 0 0 0 0 0 0 0 0 0 0 0 0 0 0 0 0 0 0 0 0 0 0 0 0 0 0 0 0 0 0 0 0 0 0 0 0 0 0 0 0 0 0 0 0 0 0 0 0 0 0 0 0 0 0 0 0 0 0 0 0 0 0 0 0 0 0 0 0 0 0 0 0 0 0 0 0 0 0 0 0 0 0 0 0 0 0 0 0 0 0 0 0 0 0 0 0 0 0 0 0 0 0 0 0 0 0 0 0 0 0 0 0 0 0 0 0 0 0 0 0 0 0 0 0 0 0 0 0 0 0 0 0 0 0 0 0 0 0 0 0 0 0 0 0 0 0 0 0 0 0 0 0 0 0 0 0 0 0 0 0 0 0 0 0 0 0 0 0 0 0 0 0 0 0 0 0 0 0 0 0 0 0 0 0 0 0 0 0 0 0 0 0 0 0 0 0 0 0 0 0 0 0 0 0 0 0 0 0 0 0 0 0 0 0 0 0 0 0 0 0 0 0 0 0 0 0 0 0 0 0 0 0 0 0 0 0 0 0 0 0 0 0 0 0 0 0 0 0 0 0 0 0 0 0 0 0 0 0 0 0 0 0 0 0 0 0 0 0 0 0 0 0 0 0 0 0 0 0 0 0 0 0 0 0 0 0 0 0 0 0 0 0 0 0 0 0 0 0 0 0 0 0 0 0 0 0 0 0 0 0 0 0 0 0 0 0 0 0 0 0 0 0 0 0 0 0 0 0 0 0 0 0 0 0 0 0 0 0 0 0 0 0 0 0 0 0 0 0 0 0 0 0 0 0 0 0 0 0 0 0 0 0 0 0 0 0 0 0 0 0 0 0 0 0 0 0 0 0 0 0 0 0 0 0 0 0 0 0 0 0 0 0 0 0 0 0 0 0 0 0 0 0 0 0 0 0 0 0 0 0 0 0 0 0 0 0 0 0 0 0 0 0 0 0 0 0 0 0 0 0 0 0 0 0 0 0 0 0 0 0 0 0 0 0 0 0 0 0 0 0 0 0 0 0 0 0 0 0 0 0 0 0 0 0 0 0 0 0 0 0 0 0 0 0 0 0 0 0 0 0 0 0 0 0 0 0 0 0 0 0 0 0 0 0 0 0 0 0 0 0 0 0 0 0 0 0 0 0 0 0 0 0 0 0 0 0 0 0 0 0 0 0 0 0 0 0 0 0 0 0 0 0 0 0 0 0 0 0 0 0 0 0 0 0 0 0 0 0 0 0 0 0 0 0 0 0 0 0 0 0 0 0 0 0 0 0 0 0 0 0 0 0 0 0 0 0 0 0 0 0 0 0 0 0 0 0 0 0 0 0 0 0 0 0 0 0 0 0 0 0 0 0 0 0 0 0 0 0 0 0 0 0 0 0 0 0 0 0 0 0 0 0 0 0 0 0 0 0 0 0 0 0 0 0 0 0 0 0 0 0 0 0 0 0 0 0 0 0 0 0 0 0 0 0 0 0 0 0 0 0 0 0 0 0 0 0 0 0 0 0 0 0 0 0 0 0 0 0 0 0 0 0 0 0 0 0 0 0 0 0 0 0 0 0 0 0 0 0 0 0 0 0 0 0 0 0 0 0 0 0 0 0 0 0 0 0 0 0 0 0 0 0 0 0 0 0 0 0 0 0 0 0 0 0 0 0 0 0 0 0 0 0 0 0 0 0 0 0 0 0 0 0 0 0 0 0 0 0 0 0 0 0 0 0 0 0 0 0 0 0 0 0 0 0 0 0 0 0 0 0 0 0 0 0 0 0 0 0 0 0 0 0 0 0 0 0 0 0 0 0 0 0 0 0 0 0 0 0 0 0 0 0 0 0 0 0 0 0 0 0 0 0 0 0 0 0 0 0 0 0 0 0 0 0 0 0 0 0 0 0 0 0 0 0 0 0 0 0 0 0 0 0 0 0 0 0 0 0 0 0 0 0 0 0 0 0 0 0 0 0 0 0 0 0 0 0 0 0 0 0 0 0 0 0 0 0 0 0 0 0 0 0 0 0 0 0 0 0 0 0 0 0 0 0 0 0 0 0 0 0 0 0 0 0 0 0 0 0 0 0 0 0 0 0 0 0 0 0 0 0 0 0 0 0 0 0 0 0 0 0 0 0 0 0 0 0 0 0 0 0 0 0 0 0 0 0 0 0 0 0 0 0 0 0 0 0 0 0 0 0 0 0 0 0 0 0 0 0 0 0 0 0 0 0 0 0 0 0 0 0 0 0 0 0 0 0 0 0 0 0 0 0 0 0 0 0 0 0 0 0 0 0 0 0 0 0 0 0 0 0 0 0 0 0 0 0 0 0 0 0 0 0 0 0 0 0 0 0 0 0 0 0 0 0 0 0 0 0 0 0 0 0 0 0 0 0 0 0 0 0 0 0 0 0 0 0 0 0 0 0 0 0 0 0 0 0 0 0 0 0 0 0 0 0 0 0 0 0 0 0 0 0 0 0 0 0 0 0 0 0 0 0 0 0 0 0 0 0 0 0 0 0 0 0 0 0 0 0 0 0 0 0 0 0 0 0 0 0 0 0 0 0 0 0 0 0 0 0 0 0 0 0 0 0 0 0 0 0 0 0 0 0 0 0 0 0 0 0 0 0 0 0 0 0 0 0 0 0 0 0 0 0 0 0 0 0 0 0 0 0 0 0 0 0 0 0 0 0 0 0 0 0 0 0 0 0 0 0 0 0 0 0 0 0 0 0 0 0 0 0 0 0 0 0 0 0 0 0 0 0 0 0 0 0 0 0 0 0 0 0 0 0 0 0 0 0 0 0 0 0 0 0 0 0 0 0 0 0 0 0 0 0 0 0 0 0 0 0 0 0 0 0 0 0 0 0 0 0 0 0 0 0 0 0 0 0 0 0 0 0 0 0 0 0 0 0 0 0 0 0 0 0 0 0 0 0 0 0 0 0 0 0 0 0 0 0 0 0 0 0 0 0 0 0 0 0 0 0 0 0 0 0 0 0 0 0 0 0 0 0 0 0 0 0 0 0 0 0 0 0 0 0 0 0 0 0 0 0 0 0 0 0 0 0 0 0 0 0 0 0 0 0 0 0 0 0 0 0 0 0 0 0 0 0 0 0 0 0 0 0 0 0 0 0 0 0 0 0 0 0 0 0 0 0 0 0 0 0 0 0 0 0 0 0 0 0 0 0 0 0 0 0 0 0 0 0 0 0 0 0 0 0 0 0 0 0 0 0 0 0 0 0 0 0 0 0 0 0 0 0 0 0 0 0 0 0 0 0 0 0 0 0 0 0 0 0 0 0 0 0 0 0 0 0 0 0 0 0 0 0 0 0 0 0 0 0 0 0 0 0 0 0 0 0 0 0 0 0 0 0 0 0 0 0 0 0 0 0 0 0 0 0 0 0 0 0 0 0 0 0 0 0 0 0 0 0 0 0 0 0 0 0 0 0 0 0 0 0 0 0 0 0 0 0 0 0 0 0 0 0 0 0 0 0 0 0 0 0 0 0 0 0 0 0 0 0 0 0 0 0 0 0 0 0 0 0 0 0 0 0 0 0 0 0 0 0 0 0 0 0 0 0 0 0 0 0 0 0 0 0 0 0 0 0 0 0 0 0 0 0 0 0 0 0 0 0 0 0 0 0 0 0 0 0 0 0 0 0 0 0 0 0 0 0 0 0 0 0 0 0 0 0 0 0 0 0 0 0 0 0 0 0 0 0 0 0 0 0 0 0 0 0 0 0 0 0 0 0 0 0 0 0 0 0 0 0 0 0 0 0 0 0 0 0 0 0 0 0 0 0 0 0 0 0 0 0 0 0 0 0 0 0 0 0 0 0 0 0 0 0 0 0 0 0 0 0 0 0 0 0 0 0 0 0 0 0 0 0 0 0 0 0 0 0 0 0 0 0 0 0 0 0 0 0 0 0 0 0 0 0 0 0 0 0 0 0 0 0 0 0 0 0 0 0 0 0 0 0 0 0 0 0 0 0 0 0 0 0 0 0 0 0 0 0 0 0 0 0 0 0 0 0 0 0 0 0 0 0 0 0 0 0 0 0 0 0 0 0 0 0 0 0 0 0 0 0 0 0 0 0 0 0 0 0 0 0 0 0 0 0 0 0 0 0 0 0 0 0 0 0 0 0 0 0 0 0 0 0 0 0 0 0 0 0 0 0 0 0 0 0 0 0 0 0 0 0 0 0 0 0 0 0 0 0 0 0 0 0 0 0 0 0 0 0 0 0 0 0 0 0 0 0 0 0 0 0 0 0 0 0 0 0 0 0 0 0 0 0 0 0 0 0 0 0 0 0 0 0 0 0 0 0 0 0 0 0 0 0 0 0 0 0 0 0 0 0 0 0 0 0 0 0 0 0 0 0 0 0 0 0 0 0 0 0 0 0 0 0 0 0 0 0 0 0 0 0 0 0 0 0 0 0 0 0 0 0 0 0 0 0 0 0 0 0 0 0 0 0 0 0 0 0 0 0 0 0 0 0 0 0 0 0 0 0 0 0 0 0 0 0 0 0 0 0 0 0 0 0 0 0 0 0 0 0 0 0 0 0 0 0 0 0 0 0 0 0 0 0 0 0 0 0 0 0 0 0 0 0 0 0 0 0 0 0 0 0 0 0 0 0 0 0 0 0 0 0 0 0 0 0 0 0 0 0 0 0 0 0 0 0 0 0 0 0 0 0 0 0 0 0 0 0 0 0 0 0 0 0 0 0 0 0 0 0 0 0 0 0 0 0 0 0 0 0 0 0 0 0 0 0 0 0 0 0 0 0 0 0 0 0 0 0 0 0 0 0 0 0 0 0 0 0 0 0 0 0 0 0 0 0 0 0 0 0 0 0 0 0 0 0 0 0 0 0 0 0 0 0 0 0 0 0 0 0 0 0 0 0 0 0 0 0 0 0 0 0 0 0 0 0 0 0 0 0 0 0 0 0 0 0 0 0 0 0 0 0 0 0 0 0 0 0 0 0 0 0 0 0 0 0 0 0 0 0 0 0 0 0 0 0 0 0 0 0 0 0 0 0 0 0 0 0 0 0 0 0 0 0 0 0 0 0 0 0 0 0 0 0 0 0 0 0 0 0 0 0 0 0 0 0 0 0 0 0 0 0 0 0 0 0 0 0 0 0 0 0 0 0 0 0 0 0 0 0 0 0 0 0 0 0 0 0 0 0 0 0 0 0 0 0 0 0 0 0 0 0 0 0 0 0 0 0 0 0 0 0 0 0 0 0 0 0 0 0 0 0 0 0 0 0 0 0 0 0 0 0 0 0 0 0 0 0 0 0 0 0 0 0 0 0 0 0 0 0 0 0 0 0 0 0 0 0 0 0 0 0 0 0 0 0 0 0 0 0 0 0 0 0 0 0 0 0 0 0 0 0 0 0 0 0 0 0 0 0 0 0 0 0 0 0 0 0 0 0 0 0 0 0 0 0 0 0 0 0 0 0 0 0 0 0 0 0 0 0 0 0 0 0 0 0 0 0 0 0 0 0 0 0 0 0 0 0 0 0 0 0 0 0 0 0 0 0 0 0 0 0 0 0 0 0 0 0 0 0 0 0 0 0 0 0 0 0 0 0 0 0 0 0 0 0 0 0 0 0 0 0 0 0 0 0 0 0 0 0 0 0 0 0 0 0 0 0 0 0 0 0 0 0 0 0 0 0 0 0 0 0 0 0 0 0 0 0 0 0 0 0 0 0 0 0 0 0 0 0 0 0 0 0 0 0 0 0 0 0 0 0 0 0 0 0 0 0 0 0 0 0 0 0 0 0 0 0 0 0 0 0 0 0 0 0 0 0 0 0 0 0 0 0 0 0 0 0 0 0 0 0 0 0 0 0 0 0 0 0 0 0 0 0 0 0 0 0 0 0 0 0 0 0 0 0 0 0 0 0 0 0 0 0 0 0 0 0 0 0 0 0 0 0 0 0 0 0 0 0 0 0 0 0 0 0 0 0 0 0 0 0 0 0 0 0 0 0 0 0 0 0 0 0 0 0 0 0 0 0 0 0 0 0 0 0 0 0 0 0 0 0 0 0 0 0 0 0 0 0 0 0 0 0 0 0 0 0 0 0 0 0 0 0 0 0 0 0 0 0 0 0 0 0 0 0 0 0 0 0 0 0 0 0 0 0 0 0 0 0 0 0 0 0 0 0 0 0 0 0 0 0 0 0 0 0 0 0 0 0 0 0 0 0 0 0 0 0 0 0 0 0 0 0 0 0 0 0 0 0 0 0 0 0 0 0 0 0 0 0 0 0 0 0 0 0 0 0 0 0 0 0 0 0 0 0 0 0 0 0 0 0 0 0 0 0 0 0 0 0 0 0 0 0 0 0 0 0 0 0 0 0 0 0 0 0 0 0 0 0 0 0 0 0 0 0 0 0 0 0 0 0 0 0 0 0 0 0 0 0 0 0 0 0 0 0 0 0 0 0 0 0 0 0 0 0 0 0 0 0 0 0 0 0 0 0 0 0 0 0 0 0 0 0 0 0 0 0 0 0 0 0 0 0 0 0 0 0 0 0 0 0 0 0 0 0 0 0 0 0 0 0 0 0 0 0 0 0 0 0 0 0 0 0 0 0 0 0 0 0 0 0 0 0 0 0 0 0 0 0 0 0 0 0 0 0 0 0 0 0 0 0 0 0 0 0 0 0 0 0 0 0 0 0 0 0 0 0 0 0 0 0 0 0 0 0 0 0 0 0 0 0 0 0 0 0 0 0 0 0 0 0 0 0 0 0 0 0 0 0 0 0 0 0 0 0 0 0 0 0 0 0 0 0 0 0 0 0 0 0 0 0 0 0 0 0 0 0 0 0 0 0 0 0 0 0 0 0 0 0 0 0 0 0 0 0 0 0 0 0 0 0 0 0 0 0 0 0 0 0 0 0 0 0 0 0 0 0 0 0 0 0 0 0 0 0 0 0 0 0 0 0 0 0 0 0 0 0 0 0 0 0 0 0 0 0 0 0 0 0 0 0 0 0 0 0 0 0 0 0 0 0 0 0 0 0 0 0 0 0 0 0 0 0 0 0 0 0 0 0 0 0 0 0 0 0 0 0 0 0 0 0 0 0 0 0 0 0 0 0 0 0 0 0 0 0 0 0 0 0 0 0 0 0 0 0 0 0 0 0 0 0 0 0 0 0 0 0 0 0 0 0 0 0 0 0 0 0 0 0 0 0 0 0 0 0 0 0 0 0 0 0 0 0 0 0 0 0 0 0 0 0 0 0 0 0 0 0 0 0 0 0 0 0 0 0 0 0 0 0 0 0 0 0 0 0 0 0 0 0 0 0 0 0 0 0 0 0 0 0 0 0 0 0 0 0 0 0 0 0 0 0 0 0 0 0 0 0 0 0 0 0 0 0 0 0 0 0 0 0 0 0 0 0 0 0 0 0 0 0 0 0 0 0 0 0 0 0 0 0 0 0 0 0 0 0 0 0 0 0 0 0 0 0 0 0 0 0 0 0 0 0 0 0 0 0 0 0 0 0 0 0 0 0 0 0 0 0 0 0 0 0 0 0 0 0 0 0 0 0 0 0 0 0 0 0 0 0 0 0 0 0 0 0 0 0 0 0 0 0 0 0 0 0 0 0 0 0 0 0 0 0 0 0 0 0 0 0 0 0 0 0 0 0 0 0 0 0 0 0 0 0 0 0 0 0 0 0 0 0 0 0 0 0 0 0 0 0 0 0 0 0 0 0 0 0 0 0 0 0 0 0 0 0 0 0 0 0 0 0 0 0 0 0 0 0 0 0 0 0 0 0 0 0 0 0 0 0 0 0 0 0 0 0 0 0 0 0 0 0 0 0 0 0 0 0 0 0 0 0 0 0 0 0 0 0 0 0 0 0 0 0 0 0 0 0 0 0 0 0 0 0 0 0 0 0 0 0 0 0 0 0 0 0 0 0 0 0 0 0 0 0 0 0 0 0 0 0 0 0 0 0 0 0 0 0 0 0 0 0 0 0 0 0 0 0 0 0 0 0 0 0 0 0 0 0 0 0 0 0 0 0 0 0 0 0 0 0 0 0 0 0 0 0 0 0 0 0 0 0 0 0 0 0 0 0 0 0 0 0 0 0 0 0 0 0 0 0 0 0 0 0 0 0 0 0 0 0 0 0 0 0 0 0 0 0 0 0 0 0 0 0 0 0 0 0 0 0 0 0 0 0 0 0 0 0 0 0 0 0 0 0 0 0 0 0 0 0 0 0 0 0 0 0 0 0 0 0 0 0 0 0 0 0 0 0 0 0 0 0 0 0 0 0 0 0 0 0 0 0 0 0 0 0 0 0 0 0 0 0 0 0 0 0 0 0 0 0 0 0 0 0 0 0 0 0 0 0 0 0 0 0 0 0 0 0 0 0 0 0 0 0 0 0 0 0 0 0 0 0 0 0 0 0 0 0 0 0 0 0 0 0 0 0 0 0 0 0 0 0 0 0 0 0 0 0 0 0 0 0 0 0 0 0 0 0 0 0 0 0 0 0 0 0 0 0 0 0 0 0 0 0 0 0 0 0 0 0 0 0 0 0 0 0 0 0 0 0 0 0 0 0 0 0 0 0 0 0 0 0 0 0 0 0 0 0 0 0 0 0 0 0 0 0 0 0 0 0 0 0 0 0 0 0 0 0 0 0 0 0 0 0 0 0 0 0 0 0 0 0 0 0 0 0 0 0 0 0 0 0 0 0 0 0 0 0 0 0 0 0 0 0 0 0 0 0 0 0 0 0 0 0 0 0 0 0 0 0 0 0 0 0 0 0 0 0 0 0 0 0 0 0 0 0 0 0 0 0 0 0 0 0 0 0 0 0 0 0 0 0 0 0 0 0 0 0 0 0 0 0 0 0 0 0 0 0 0 0 0 0 0 0 0 0 0 0 0 0 0 0 0 0 0 0 0 0 0 0 0 0 0 0 0 0 0 0 0 0 0 0 0 0 0 0 0 0 0 0 0 0 0 0 0 0 0 0 0 0 0 0 0 0 0 0 0 0 0 0 0 0 0 0 0 0 0 0 0 0 0 0 0 0 0 0 0 0 0 0 0 0 0 0 0 0 0 0 0 0 0 0 0 0 0 0 0 0 0 0 0 0 0 0 0 0 0 0 0 0 0 0 0 0 0 0 0 0 0 0 0 0 0 0 0 0 0 0 0 0 0 0 0 0 0 0 0 0 0 0 0 0 0 0 0 0 0 0 0 0 0 0 0 0 0 0 0 0 0 0 0 0 0 0 0 0 0 0 0 0 0 0 0 0 0 0 0 0 0 0 0 0 0 0 0 0 0 0 0 0 0 0 0 0 0 0 0 0 0 0 0 0 0 0 0 0 0 0 0 0 0 0 0 0 0 0 0 0 0 0 0 0 0 0 0 0 0 0 0 0 0 0 0 0 0 0 0 0 0 0 0 0 0 0 0 0 0 0 0 0 0 0 0 0 0 0 0 0 0 0 0 0 0 0 0 0 0 0 0 0 0 0 0 0 0 0 0 0 0 0 0 0 0 0 0 0 0 0 0 0 0 0 0 0 0 0 0 0 0 0 0 0 0 0 0 0 0 0 0 0 0 0 0 0 0 0 0 0 0 0 0 0 0 0 0 0 0 0 0 0 0 0 0 0 0 0 0 0 0 0 0 0 0 0 0 0 0 0 0 0 0 0 0 0 0 0 0 0 0 0 0 0 0 0 0 0 0 0 0 0 0 0 0 0 0 0 0 0 0 0 0 0 0 0 0 0 0 0 0 0 0 0 0 0 0 0 0 0 0 0 0 0 0 0 0 0 0 0 0 0 0 0 0 0 0 0 0 0 0 0 0 0 0 0 0 0 0 0 0 0 0 0 0 0 0 0 0 0 0 0 0 0 0 0 0 0 0 0 0 0 0 0 0 0 0 0 0 0 0 0 0 0 0 0 0 0 0 0 0 0 0 0 0 0 0 0 0 0 0 0 0 0 0 0 0 0 0 0 0 0 0 0 0 0 0 0 0 0 0 0 0 0 0 0 0 0 0 0 0 0 0 0 0 0 0 0 0 0 0 0 0 0 0 0 0 0 0 0 0 0 0 0 0 0 0 0 0 0 0 0 0 0 0 0 0 0 0 0 0 0 0 0 0 0 0 0 0 0 0 0 0 0 0 0 0 0 0 0 0 0 0 0 0 0 0 0 0 0 0 0 0 0 0 0 0 0 0 0 0 0 0 0 0 0 0 0 0 0 0 0 0 0 0 0 0 0 0 0 0 0 0 0 0 0 0 0 0 0 0 0 0 0 0 0 0 0 0 0 0 0 0 0 0 0 0 0 0 0 0 0 0 0 0 0 0 0 0 0 0 0 0 0 0 0 0 0 0 0 0 0 0 0 0 0 0 0 0 0 0 0 0 0 0 0 0 0 0 0 0 0 0 0 0 0 0 0 0 0 0 0 0 0 0 0 0 0 0 0 0 0 0 0 0 0 0 0 0 0 0 0 0 0 0 0 0 0 0 0 0 0 0 0 0 0 0 0 0 0 0 0 0 0 0 0 0 0 0 0 0 0 0 0 0 0 0 0 0 0 0 0 0 0 0 0 0 0 0 0 0 0 0 0 0 0 0 0 0 0 0 0 0 0 0 0 0 0 0 0 0 0 0 0 0 0 0 0 0 0 0 0 0 0 0 0 0 0 0 0 0 0 0 0 0 0 0 0 0 0 0 0 0 0 0 0 0 0 0 0 0 0 0 0 0 0 0 0 0 0 0 0 0 0 0 0 0 0 0 0 0 0 0 0 0 0 0 0 0 0 0 0 0 0 0 0 0 0 0 0 0 0 0 0 0 0 0 0 0 0 0 0 0 0 0 0 0 0 0 0 0 0 0 0 0 0 0 0 0 0 0 0 0 0 0 0 0 0 0 0 0 0 0 0 0 0 0 0 0 0 0 0 0 0 0 0 0 0 0 0 0 0 0 0 0 0 0 0 0 0 0 0 0 0 0 0 0 0 0 0 0 0 0 0 0 0 0 0 0 0 0 0 0 0 0 0 0 0 0 0 0 0 0 0 0 0 0 0 0 0 0 0 0 0 0 0 0 0 0 0 0 0 0 0 0 0 0 0 0 0 0 0 0 0 0 0 0 0 0 0 0 0 0 0 0 0 0 0 0 0 0 0 0 0 0 0 0 0 0 0 0 0 0 0 0 0 0 0 0 0 0 0 0 0 0 0 0 0 0 0 0 0 0 0 0 0 0 0 0 0 0 0 0 0 0 0 0 0 0 0 0 0 0 0 0 0 0 0 0 0 0 0 0 0 0 0 0 0 0 0 0 0 0 0 0 0 0 0 0 0 0 0 0 0 0 0 0 0 0 0 0 0 0 0 0 0 0 0 0 0 0 0 0 0 0 0 0 0 0 0 0 0 0 0 0 0 0 0 0 0 0 0 0 0 0 0 0 0 0 0 0 0 0 0 0 0 0 0 0 0 0 0 0 0 0 0 0 0 0 0 0 0 0 0 0 0 0 0 0 0 0 0 0 0 0 0 0 0 0 0 0 0 0 0 0 0 0 0 0 0 0 0 0 0 0 0 0 0 0 0 0 0 0 0 0 0 0 0 0 0 0 0 0 0 0 0 0 0 0 0 0 0 0 0 0 0 0 0 0 0 0 0 0 0 0 0 0 0 0 0 0 0 0 0 0 0 0 0 0 0 0 0 0 0 0 0 0 0 0 0 0 0 0 0 0 0 0 0 0 0 0 0 0 0 0 0 0 0 0 0 0 0 0 0 0 0 0 0 0 0 0 0 0 0 0 0 0 0 0 0 0 0 0 0 0 0 0 0 0 0 0 0 0 0 0 0 0 0 0 0 0 0 0 0 0 0 0 0 0 0 0 0 0 0 0 0 0 0 0 0 0 0 0 0 0 0 0 0 0 0 0 0 0 0 0 0 0 0 0 0 0 0 0 0 0 0 0 0 0 0 0 0 0 0 0 0 0 0 0 0 0 0 0 0 0 0 0 0 0 0 0 0 0 0 0 0 0 0 0 0 0 0 0 0 0 0 0 0 0 0 0 0 0 0 0 0 0 0 0 0 0 0 0 0 0 0 0 0 0 0 0 0 0 0 0 0 0 0 0 0 0 0 0 0 0 0 0 0 0 0 0 0 0 0 0 0 0 0 0 0 0 0 0 0 0 0 0 0 0 0 0 0 0 0 0 0 0 0 0 0 0 0 0 0 0 0 0 0 0 0 0 0 0 0 0 0 0 0 0 0 0 0 0 0 0 0 0 0 0 0 0 0 0 0 0 0 0 0 0 0 0 0 0 0 0 0 0 0 0 0 0 0 0 0 0 0 0 0 0 0 0 0 0 0 0 0 0 0 0 0 0 0 0 0 0 0 0 0 0 0 0 0 0 0 0 0 0 0 0 0 0 0 0 0 0 0 0 0 0 0 0 0 0 0 0 0 0 0 0 0 0 0 0 0 0 0 0 0 0 0 0 0 0 0 0 0 0 0 0 0 0 0 0 0 0 0 0 0 0 0 0 0 0 0 0 0 0 0 0 0 0 0 0 0 0 0 0 0 0 0 0 0 0 0 0 0 0 0 0 0 0 0 0 0 0 0 0 0 0 0 0 0 0 0 0 0 0 0 0 0 0 0 0 0 0 0 0 0 0 0 0 0 0 0 0 0 0 0 0 0 0 0 0 0 0 0 0 0 0 0 0 0 0 0 0 0 0 0 0 0 0 0 0 0 0 0 0 0 0 0 0 0 0 0 0 0 0 0 0 0 0 0 0 0 0 0 0 0 0 0 0 0 0 0 0 0 0 0 0 0 0 0 0 0 0 0 0 0 0 0 0 0 0 0 0 0 0 0 0 0 0 0 0 0 0 0 0 0 0 0 0 0 0 0 0 0 0 0 0 0 0 0 0 0 0 0 0 0 0 0 0 0 0 0 0 0 0 0 0 0 0 0 0 0 0 0 0 0 0 0 0 0 0 0 0 0 0 0 0 0 0 0 0 0 0 0 0 0 0 0 0 0 0 0 0 0 0 0 0 0 0 0 0 0 0 0 0 0 0 0 0 0 0 0 0 0 0 0 0 0 0 0 0 0 0 0 0 0 0 0 0 0 0 0 0 0 0 0 0 0 0 0 0 0 0 0 0 0 0 0 0 0 0 0 0 0 0 0 0 0 0 0 0 0 0 0 0 0 0 0 0 0 0 0 0 0 0 0 0 0 0 0 0 0 0 0 0 0 0 0 0 0 0 0 0 0 0 0 0 0 0 0 0 0 0 0 0 0 0 0 0 0 0 0 0 0 0 0 0 0 0 0 0 0 0 0 0 0 0 0 0 0 0 0 0 0 0 0 0 0 0 0 0 0 0 0 0 0 0 0 0 0 0 0 0 0 0 0 0 0 0 0 0 0 0 0 0 0 0 0 0 0 0 0 0 0 0 0 0 0 0 0 0 0 0 0 0 0 0 0 0 0 0 0 0 0 0 0 0 0 0 0 0 0 0 0 0 0 0 0 0 0 0 0 0 0 0 0 0 0 0 0 0 0 0 0 0 0 0 0 0 0 0 0 0 0 0 0 0 0 0 0 0 0 0 0 0 0 0 0 0 0 0 0 0 0 0 0 0 0 0 0 0 0 0 0 0 0 0 0 0 0 0 0 0 0 0 0 0 0 0 0 0 0 0 0 0 0 0 0 0 0 0 0 0 0 0 0 0 0 0 0 0 0 0 0 0 0 0 0 0 0 0 0 0 0 0 0 0 0 0 0 0 0 0 0 0 0 0 0 0 0 0 0 0 0 0 0 0 0 0 0 0 0 0 0 0 0 0 0 0 0 0 0 0 0 0 0 0 0 0 0 0 0 0 0 0 0 0 0 0 0 0 0 0 0 0 0 0 0 0 0 0 0 0 0 0 0 0 0 0 0 0 0 0 0 0 0 0 0 0 0 0 0 0 0 0 0 0 0 0 0 0 0 0 0 0 0 0 0 0 0 0 0 0 0 0 0 0 0 0 0 0 0 0 0 0 0 0 0 0 0 0 0 0 0 0 0 0 0 0 0 0 0 0 0 0 0 0 0 0 0 0 0 0 0 0 0 0 0 0 0 0 0 0 0 0 0 0 0 0 0 0 0 0 0 0 0 0 0 0 0 0 0 0 0 0 0 0 0 0 0 0 0 0 0 0 0 0 0 0 0 0 0 0 0 0 0 0 0 0 0 0 0 0 0 0 0 0 0 0 0 0 0 0 0 0 0 0 0 0 0 0 0 0 0 0 0 0 0 0 0 0 0 0 0 0 0 0 0 0 0 0 0 0 0 0 0 0 0 0 0 0 0 0 0 0 0 0 0 0 0 0 0 0 0 0 0 0 0 0 0 0 0 0 0 0 0 0 0 0 0 0 0 0 0 0 0 0 0 0 0 0 0 0 0 0 0 0 0 0 0 0 0 0 0 0 0 0 0 0 0 0 0 0 0 0 0 0 0 0 0 0 0 0 0 0 0 0 0 0 0 0 0 0 0 0 0 0 0 0 0 0 0 0 0 0 0 0 0 0 0 0 0 0 0 0 0 0 0 0 0 0 0 0 0 0 0 0 0 0 0 0 0 0 0 0 0 0 0 0 0 0 0 0 0 0 0 0 0 0 0 0 0 0 0 0 0 0 0 0 0 0 0 0 0 0 0 0 0 0 0 0 0 0 0 0 0 0 0 0 0 0 0 0 0 0 0 0 0 0 0 0 0 0 0 0 0 0 0 0 0 0 0 0 0 0 0 0 0 0 0 0 0 0 0 0 0 0 0 0 0 0 0 0 0 0 0 0 0 0 0 0 0 0 0 0 0 0 0 0 0 0 0 0 0 0 0 0 0 0 0 0 0 0 0 0 0 0 0 0 0 0 0 0 0 0 0 0 0 0 0 0 0 0 0 0 0 0 0 0 0 0 0 0 0 0 0 0 0 0 0 0 0 0 0 0 0 0 0 0 0 0 0 0 0 0 0 0 0 0 0 0 0 0 0 0 0 0 0 0 0 0 0 0 0 0 0 0 0 0 0 0 0 0 0 0 0 0 0 0 0 0 0 0 0 0 0 0 0 0 0 0 0 0 0 0 0 0 0 0 0 0 0 0 0 0 0 0 0 0 0 0 0 0 0 0 0 0 0 0 0 0 0 0 0 0 0 0 0 0 0 0 0 0 0 0 0 0 0 0 0 0 0 0 0 0 0 0 0 0 0 0 0 0 0 0 0 0 0 0 0 0 0 0 0 0 0 0 0 0 0 0 0 0 0 0 0 0 0 0 0 0 0 0 0 0 0 0 0 0 0 0 0 0 0 0 0 0 0 0 0 0 0 0 0 0 0 0 0 0 0 0 0 0 0 0 0 0 0 0 0 0 0 0 0 0 0 0 0 0 0 0 0 0 0 0 0 0 0 0 0 0 0 0 0 0 0 0 0 0 0 0 0 0 0 0 0 0 0 0 0 0 0 0 0 0 0 0 0 0 0 0 0 0 0 0 0 0 0 0 0 0 0 0 0 0 0 0 0 0 0 0 0 0 0 0 0 0 0 0 0 0 0 0 0 0 0 0 0 0 0 0 0 0 0 0 0 0 0 0 0 0 0 0 0 0 0 0 0 0 0 0 0 0 0 0 0 0 0 0 0 0 0 0 0 0 0 0 0 0 0 0 0 0 0 0 0 0 0 0 0 0 0 0 0 0 0 0 0 0 0 0 0 0 0 0 0 0 0 0 0 0 0 0 0 0 0 0 0 0 0 0 0 0 0 0 0 0 0 0 0 0 0 0 0 0 0 0 0 0 0 0 0 0 0 0 0 0 0 0 0 0 0 0 0 0 0 0 0 0 0 0 0 0 0 0 0 0 0 0 0 0 0 0 0 0 0 0 0 0 0 0 0 0 0 0 0 0 0 0 0 0 0 0 0 0 0 0 0 0 0 0 0 0 0 0 0 0 0 0 0 0 0 0 0 0 0 0 0 0 0 0 0 0 0 0 0 0 0 0 0 0 0 0 0 0 0 0 0 0 0 0 0 0 0 0 0 0 0 0 0 0 0 0 0 0 0 0 0 0 0 0 0 0 0 0 0 0 0 0 0 0 0 0 0 0 0 0 0 0 0 0 0 0 0 0 0 0 0 0 0 0 0 0 0 0 0 0 0 0 0 0 0 0 0 0 0 0 0 0 0 0 0 0 0 0 0 0 0 0 0 0 0 0 0 0 0 0 0 0 0 0 0 0 0 0 0 0 0 0 0 0 0 0 0 0 0 0 0 0 0 0 0 0 0 0 0 0 0 0 0 0 0 0 0 0 0 0 0 0 0 0 0 0 0 0 0 0 0 0 0 0 0 0 0 0 0 0 0 0 0 0 0 0 0 0 0 0 0 0 0 0 0 0 0 0 0 0 0 0 0 0 0 0 0 0 0 0 0 0 0 0 0 0 0 0 0 0 0 0 0 0 0 0 0 0 0 0 0 0 0 0 0 0 0 0 0 0 0 0 0 0 0 0 0 0 0 0 0 0 0 0 0 0 0 0 0 0 0 0 0 0 0 0 0 0 0 0 0 0 0 0 0 0 0 0 0 0 0 0 0 0 0 0 0 0 0 0 0 0 0 0 0 0 0 0 0 0 0 0 0 0 0 0 0 0 0 0 0 0 0 0 0 0 0 0 0 0 0 0 0 0 0 0 0 0 0 0 0 0 0 0 0 0 0 0 0 0 0 0 0 0 0 0 0 0 0 0 0 0 0 0 0 0 0 0 0 0 0 0 0 0 0 0 0 0 0 0 0 0 0 0 0 0 0 0 0 0 0 0 0 0 0 0 0 0 0 0 0 0 0 0 0 0 0 0 0 0 0 0 0 0 0 0 0 0 0 0 0 0 0 0 0 0 0 0 0 0 0 0 0 0 0 0 0 0 0 0 0 0 0 0 0 0 0 0 0 0 0 0 0 0 0 0 0 0 0 0 0 0 0 0 0 0 0 0 0 0 0 0 0 0 0 0 0 0 0 0 0 0 0 0 0 0 0 0 0 0 0 0 0 0 0 0 0 0 0 0 0 0 0 0 0 0 0 0 0 0 0 0 0 0 0 0 0 0 0 0 0 0 0 0 0 0 0 0 0 0 0 0 0 0 0 0 0 0 0 0 0 0 0 0 0 0 0 0 0 0 0 0 0 0 0 0 0 0 0 0 0 0 0 0 0 0 0 0 0 0 0 0 0 0 0 0 0 0 0 0 0 0 0 0 0 0 0 0 0 0 0 0 0 0 0 0 0 0 0 0 0 0 0 0 0 0 0 0 0 0 0 0 0 0 0 0 0 0 0 0 0 0 0 0 0 0 0 0 0 0 0 0 0 0 0 0 0 0 0 0 0 0 0 0 0 0 0 0 0 0 0 0 0 0 0 0 0 0 0 0 0 0 0 0 0 0 0 0 0 0 0 0 0 0 0 0 0 0 0 0 0 0 0 0 0 0 0 0 0 0 0 0 0 0 0 0 0 0 0 0 0 0 0 0 0 0 0 0 0 0 0 0 0 0 0 0 0 0 0 0 0 0 0 0 0 0 0 0 0 0 0 0 0 0 0 0 0 0 0 0 0 0 0 0 0 0 0 0 0 0 0 0 0 0 0 0 0 0 0 0 0 0 0 0 0 0 0 0 0 0 0 0 0 0 0 0 0 0 0 0 0 0 0 0 0 0 0 0 0 0 0 0 0 0 0 0 0 0 0 0 0 0 0 0 0 0 0 0 0 0 0 0 0 0 0 0 0 0 0 0 0 0 0 0 0 0 0 0 0 0 0 0 0 0 0 0 0 0 0 0 0 0 0 0 0 0 0 0 0 0 0 0 0 0 0 0 0 0 0 0 0 0 0 0 0 0 0 0 0 0 0 0 0 0 0 0 0 0 0 0 0 0 0 0 0 0 0 0 0 0 0 0 0 0 0 0 0 0 0 0 0 0 0 0 0 0 0 0 0 0 0 0 0 0 0 0 0 0 0 0 0 0 0 0 0 0 0 0 0 0 0 0 0 0 0 0 0 0 0 0 0 0 0 0 0 0 0 0 0 0 0 0 0 0 0 0 0 0 0 0 0 0 0 0 0 0 0 0 0 0 0 0 0 0 0 0 0 0 0 0 0 0 0 0 0 0 0 0 0 0 0 0 0 0 0 0 0 0 0 0 0 0 0 0 0 0 0 0 0 0 0 0 0 0 0 0 0 0 0 0 0 0 0 0 0 0 0 0 0 0 0 0 0 0 0 0 0 0 0 0 0 0 0 0 0 0 0 0 0 0 0 0 0 0 0 0 0 0 0 0 0 0 0 0 0 0 0 0 0 0 0 0 0 0 0 0 0 0 0 0 0 0 0 0 0 0 0 0 0 0 0 0 0 0 0 0 0 0 0 0 0 0 0 0 0 0 0 0 0 0 0 0 0 0 0 0 0 0 0 0 0 0 0 0 0 0 0 0 0 0 0 0 0 0 0 0 0 0 0 0 0 0 0 0 0 0 0 0 0 0 0 0 0 0 0 0 0 0 0 0 0 0 0 0 0 0 0 0 0 0 0 0 0 0 0 0 0 0 0 0 0 0 0 0 0 0 0 0 0 0 0 0 0 0 0 0 0 0 0 0 0 0 0 0 0 0 0 0 0 0 0 0 0 0 0 0 0 0 0 0 0 0 0 0 0 0 0 0 0 0 0 0 0 0 0 0 0 0 0 0 0 0 0 0 0 0 0 0 0 0 0 0 0 0 0 0 0 0 0 0 0 0 0 0 0 0 0 0 0 0 0 0 0 0 0 0 0 0 0 0 0 0 0 0 0 0 0 0 0 0 0 0 0 0 0 0 0 0 0 0 0 0 0 0 0 0 0 0 0 0 0 0 0 0 0 0 0 0 0 0 0 0 0 0 0 0 0 0 0 0 0 0 0 0 0 0 0 0 0 0 0 0 0 0 0 0 0 0 0 0 0 0 0 0 0 0 0 0 0 0 0 0 0 0 0 0 0 0 0 0 0 0 0 0 0 0 0 0 0 0 0 0 0 0 0 0 0 0 0 0 0 0 0 0 0 0 0 0 0 0 0 0 0 0 0 0 0 0 0 0 0 0 0 0 0 0 0 0 0 0 0 0 0 0 0 0 0 0 0 0 0 0 0 0 0 0 0 0 0 0 0 0 0 0 0 0 0 0 0 0 0 0 0 0 0 0 0 0 0 0 0 0 0 0 0 0 0 0 0 0 0 0 0 0 0 0 0 0 0 0 0 0 0 0 0 0 0 0 0 0 0 0 0 0 0 0 0 0 0 0 0 0 0 0 0 0 0 0 0 0 0 0 0 0 0 0 0 0 0 0 0 0 0 0 0 0 0 0 0 0 0 0 0 0 0 0 0 0 0 0 0 0 0 0 0 0 0 0 0 0 0 0 0 0 0 0 0 0 0 0 0 0 0 0 0 0 0 0 0 0 0 0 0 0 0 0 0 0 0 0 0 0 0 0 0 0 0 0 0 0 0 0 0 0 0 0 0 0 0 0 0 0 0 0 0 0 0 0 0 0 0 0 0 0 0 0 0 0 0 0 0 0 0 0 0 0 0 0 0 0 0 0 0 0 0 0 0 0 0 0 0 0 0 0 0 0 0 0 0 0 0 0 0 0 0 0 0 0 0 0 0 0 0 0 0 0 0 0 0 0 0 0 0 0 0 0 0 0 0 0 0 0 0 0 0 0 0 0 0 0 0 0 0 0 0 0 0 0 0 0 0 0 0 0 0 0 0 0 0 0 0 0 0 0 0 0 0 0 0 0 0 0 0 0 0 0 0 0 0 0 0 0 0 0 0 0 0 0 0 0 0 0 0 0 0 0 0 0 0 0 0 0 0 0 0 0 0 0 0 0 0 0 0 0 0 0 0 0 0 0 0 0 0 0 0 0 0 0 0 0 0 0 0 0 0 0 0 0 0 0 0 0 0 0 0 0 0 0 0 0 0 0 0 0 0 0 0 0 0 0 0 0 0 0 0 0 0 0 0 0 0 0 0 0 0 0 0 0 0 0 0 0 0 0 0 0 0 0 0 0 0 0 0 0 0 0 0 0 0 0 0 0 0 0 0 0 0 0 0 0 0 0 0 0 0 0 0 0 0 0 0 0 0 0 0 0 0 0 0 0 0 0 0 0 0 0 0 0 0 0 0 0 0 0 0 0 0 0 0 0 0 0 0 0 0 0 0 0 0 0 0 0 0 0 0 0 0 0 0 0 0 0 0 0 0 0 0 0 0 0 0 0 0 0 0 0 0 0 0 0 0 0 0 0 0 0 0 0 0 0 0 0 0 0 0 0 0 0 0 0 0 0 0 0 0 0 0 0 0 0 0 0 0 0 0 0 0 0 0 0 0 0 0 0 0 0 0 0 0 0 0 0 0 0 0 0 0 0 0 0 0 0 0 0 0 0 0 0 0 0 0 0 0 0 0 0 0 0 0 0 0 0 0 0 0 0 0 0 0 0 0 0 0 0 0 0 0 0 0 0 0 0 0 0 0 0 0 0 0 0 0 0 0 0 0 0 0 0 0 0 0 0 0 0 0 0 0 0 0 0 0 0 0 0 0 0 0 0 0 0 0 0 0 0 0 0 0 0 0 0 0 0 0 0 0 0 0 0 0 0 0 0 0 0 0 0 0 0 0 0 0 0 0 0 0 0 0 0 0 0 0 0 0 0 0 0 0 0 0 0 0 0 0 0 0 0 0 0 0 0 0 0 0 0 0 0 0 0 0 0 0 0 0 0 0 0 0 0 0 0 0 0 0 0 0 0 0 0 0 0 0 0 0 0 0 0 0 0 0 0 0 0 0 0 0 0 0 0 0 0 0 0 0 0 0 0 0 0 0 0 0 0 0 0 0 0 0 0 0 0 0 0 0 0 0 0 0 0 0 0 0 0 0 0 0 0 0 0 0 0 0 0 0 0 0 0 0 0 0 0 0 0 0 0 0 0 0 0 0 0 0 0 0 0 0 0 0 0 0 0 0 0 0 0 0 0 0 0 0 0 0 0 0 0 0 0 0 0 0 0 0 0 0 0 0 0 0 0 0 0 0 0 0 0 0 0 0 0 0 0 0 0 0 0 0 0 0 0 0 0 0 0 0 0 0 0 0 0 0 0 0 0 0 0 0 0 0 0 0 0 0 0 0 0 0 0 0 0 0 0 0 0 0 0 0 0 0 0 0 0 0 0 0 0 0 0 0 0 0 0 0 0 0 0 0 0 0 0 0 0 0 0 0 0 0 0 0 0 0 0 0 0 0 0 0 0 0 0 0 0 0 0 0 0 0 0 0 0 0 0 0 0 0 0 0 0 0 0 0 0 0 0 0 0 0 0 0 0 0 0 0 0 0 0 0 0 0 0 0 0 0 0 0 0 0 0 0 0 0 0 0 0 0 0 0 0 0 0 0 0 0 0 0 0 0 0 0 0 0 0 0 0 0 0 0 0 0 0 0 0 0 0 0 0 0 0 0 0 0 0 0 0 0 0 0 0 0 0 0 0 0 0 0 0 0 0 0 0 0 0 0 0 0 0 0 0 0 0 0 0 0 0 0 0 0 0 0 0 0 0 0 0 0 0 0 0 0 0 0 0 0 0 0 0 0 0 0 0 0 0 0 0 0 0 0 0 0 0 0 0 0 0 0 0 0 0 0 0 0 0 0 0 0 0 0 0 0 0 0 0 0 0 0 0 0 0 0 0 0 0 0 0 0 0 0 0 0 0 0 0 0 0 0 0 0 0 0 0 0 0 0 0 0 0 0 0 0 0 0 0 0 0 0 0 0 0 0 0 0 0 0 0 0 0 0 0 0 0 0 0 0 0 0 0 0 0 0 0 0 0 0 0 0 0 0 0 0 0 0 0 0 0 0 0 0 0 0 0 0 0 0 0 0 0 0 0 0 0 0 0 0 0 0 0 0 0 0 0 0 0 0 0 0 0 0 0 0 0 0 0 0 0 0 0 0 0 0 0 0 0 0 0 0 0 0 0 0 0 0 0 0 0 0 0 0 0 0 0 0 0 0 0 0 0 0 0 0 0 0 0 0 0 0 0 0 0 0 0 0 0 0 0 0 0 0 0 0 0 0 0 0 0 0 0 0 0 0 0 0 0 0 0 0 0 0 0 0 0 0 0 0 0 0 0 0 0 0 0 0 0 0 0 0 0 0 0 0 0 0 0 0 0 0 0 0 0 0 0 0 0 0 0 0 0 0 0 0 0 0 0 0 0 0 0 0 0 0 0 0 0 0 0 0 0 0 0 0 0 0 0 0 0 0 0 0 0 0 0 0 0 0 0 0 0 0 0 0 0 0 0 0 0 0 0 0 0 0 0 0 0 0 0 0 0 0 0 0 0 0 0 0 0 0 0 0 0 0 0 0 0 0 0 0 0 0 0 0 0 0 0 0 0 0 0 0 0 0 0 0 0 0 0 0 0 0 0 0 0 0 0 0 0 0 0 0 0 0 0 0 0 0 0 0 0 0 0 0 0 0 0 0 0 0 0 0 0 0 0 0 0 0 0 0 0 0 0 0 0 0 0 0 0 0 0 0 0 0 0 0 0 0 0 0 0 0 0 0 0 0 0 0 0 0 0 0 0 0 0 0 0 0 0 0 0 0 0 0 0 0 0 0 0 0 0 0 0 0 0 0 0 0 0 0 0 0 0 0 0 0 0 0 0 0 0 0 0 0 0 0 0 0 0 0 0 0 0 0 0 0 0 0 0 0 0 0 0 0 0 0 0 0 0 0 0 0 0 0 0 0 0 0 0 0 0 0 0 0 0 0 0 0 0 0 0 0 0 0 0 0 0 0 0 0 0 0 0 0 0 0 0 0 0 0 0 0 0 0 0 0 0 0 0 0 0 0 0 0 0 0 0 0 0 0 0 0 0 0 0 0 0 0 0 0 0 0 0 0 0 0 0 0 0 0 0 0 0 0 0 0 0 0 0 0 0 0 0 0 0 0 0 0 0 0 0 0 0 0 0 0 0 0 0 0 0 0 0 0 0 0 0 0 0 0 0 0 0 0 0 0 0 0 0 0 0 0 0 0 0 0 0 0 0 0 0 0 0 0 0 0 0 0 0 0 0 0 0 0 0 0 0 0 0 0 0 0 0 0 0 0 0 0 0 0 0 0 0 0 0 0 0 0 0 0 0 0 0 0 0 0 0 0 0 0 0 0 0 0 0 0 0 0 0 0 0 0 0 0 0 0 0 0 0 0 0 0 0 0 0 0 0 0 0 0 0 0 0 0 0 0 0 0 0 0 0 0 0 0 0 0 0 0 0 0 0 0 0 0 0 0 0 0 0 0 0 0 0 0 0 0 0 0 0 0 0 0 0 0 0 0 0 0 0 0 0 0 0 0 0 0 0 0 0 0 0 0 0 0 0 0 0 0 0 0 0 0 0 0 0 0 0 0 0 0 0 0 0 0 0 0 0 0 0 0 0 0 0 0 0 0 0 0 0 0 0 0 0 0 0 0 0 0 0 0 0 0 0 0 0 0 0 0 0 0 0 0 0 0 0 0 0 0 0 0 0 0 0 0 0 0 0 0 0 0 0 0 0 0 0 0 0 0 0 0 0 0 0 0 0 0 0 0 0 0 0 0 0 0 0 0 0 0 0 0 0 0 0 0 0 0 0 0 0 0 0 0 0 0 0 0 0 0 0 0 0 0 0 0 0 0 0 0 0 0 0 0 0 0 0 0 0 0 0 0 0 0 0 0 0 0 0 0 0 0 0 0 0 0 0 0 0 0 0 0 0 0 0 0 0 0 0 0 0 0 0 0 0 0 0 0 0 0 0 0 0 0 0 0 0 0 0 0 0 0 0 0 0 0 0 0 0 0 0 0 0 0 0 0 0 0 0 0 0 0 0 0 0 0 0 0 0 0 0 0 0 0 0 0 0 0 0 0 0 0 0 0 0 0 0 0 0 0 0 0 0 0 0 0 0 0 0 0 0 0 0 0 0 0 0 0 0 0 0 0 0 0 0 0 0 0 0 0 0 0 0 0 0 0 0 0 0 0 0 0 0 0 0 0 0 0 0 0 0 0 0 0 0 0 0 0 0 0 0 0 0 0 0 0 0 0 0 0 0 0 0 0 0 0 0 0 0 0 0 0 0 0 0 0 0 0 0 0 0 0 0 0 0 0 0 0 0 0 0 0 0 0 0 0 0 0 0 0 0 0 0 0 0 0 0 0 0 0 0 0 0 0 0 0 0 0 0 0 0 0 0 0 0 0 0 0 0 0 0 0 0 0 0 0 0 0 0 0 0 0 0 0 0 0 0 0 0 0 0 0 0 0 0 0 0 0 0 0 0 0 0 0 0 0 0 0 0 0 0 0 0 0 0 0 0 0 0 0 0 0 0 0 0 0 0 0 0 0 0 0 0 0 0 0 0 0 0 0 0 0 0 0 0 0 0 0 0 0 0 0 0 0 0 0 0 0 0 0 0 0 0 0 0 0 0 0 0 0 0 0 0 0 0 0 0 0 0 0 0 0 0 0 0 0 0 0 0 0 0 0 0 0 0 0 0 0 0 0 0 0 0 0 0 0 0 0 0 0 0 0 0 0 0 0 0 0 0 0 0 0 0 0 0 0 0 0 0 0 0 0 0 0 0 0 0 0 0 0 0 0 0 0 0 0 0 0 0 0 0 0 0 0 0 0 0 0 0 0 0 0 0 0 0 0 0 0 0 0 0 0 0 0 0 0 0 0 0 0 0 0 0 0 0 0 0 0 0 0 0 0 0 0 0 0 0 0 0 0 0 0 0 0 0 0 0 0 0 0 0 0 0 0 0 0 0 0 0 0 0 0 0 0 0 0 0 0 0 0 0 0 0 0 0 0 0 0 0 0 0 0 0 0 0 0 0 0 0 0 0 0 0 0 0 0 0 0 0 0 0 0 0 0 0 0 0 0 0 0 0 0 0 0 0 0 0 0 0 0 0 0 0 0 0 0 0 0 0 0 0 0 0 0 0 0 0 0 0 0 0 0 0 0 0 0 0 0 0 0 0 0 0 0 0 0 0 0 0 0 0 0 0 0 0 0 0 0 0 0 0 0 0 0 0 0 0 0 0 0 0 0 0 0 0 0 0 0 0 0 0 0 0 0 0 0 0 0 0 0 0 0 0 0 0 0 0 0 0 0 0 0 0 0 0 0 0 0 0 0 0 0 0 0 0 0 0 0 0 0 0 0 0 0 0 0 0 0 0 0 0 0 0 0 0 0 0 0 0 0 0 0 0 0 0 0 0 0 0 0 0 0 0 0 0 0 0 0 0 0 0 0 0 0 0 0 0 0 0 0 0 0 0 0 0 0 0 0 0 0 0 0 0 0 0 0 0 0 0 0 0 0 0 0 0 0 0 0 0 0 0 0 0 0 0 0 0 0 0 0 0 0 0 0 0 0 0 0 0 0 0 0 0 0 0 0 0 0 0 0 0 0 0 0 0 0 0 0 0 0 0 0 0 0 0 0 0 0 0 0 0 0 0 0 0 0 0 0 0 0 0 0 0 0 0 0 0 0 0 0 0 0 0 0 0 0 0 0 0 0 0 0 0 0 0 0 0 0 0 0 0 0 0 0 0 0 0 0 0 0 0 0 0 0 0 0 0 0 0 0 0 0 0 0 0 0 0 0 0 0 0 0 0 0 0 0 0 0 0 0 0 0 0 0 0 0 0 0 0 0 0 0 0 0 0 0 0 0 0 0 0 0 0 0 0 0 0 0 0 0 0 0 0 0 0 0 0 0 0 0 0 0 0 0 0 0 0 0 0 0 0 0 0 0 0 0 0 0 0 0 0 0 0 0 0 0 0 0 0 0 0 0 0 0 0 0 0 0 0 0 0 0 0 0 0 0 0 0 0 0 0 0 0 0 0 0 0 0 0 0 0 0 0 0 0 0 0 0 0 0 0 0 0 0 0 0 0 0 0 0 0 0 0 0 0 0 0 0 0 0 0 0 0 0 0 0 0 0 0 0 0 0 0 0 0 0 0 0 0 0 0 0 0 0 0 0 0 0 0 0 0 0 0 0 0 0 0 0 0 0 0 0 0 0 0 0 0 0 0 0 0 0 0 0 0 0 0 0 0 0 0 0 0 0 0 0 0 0 0 0 0 0 0 0 0 0 0 0 0 0 0 0 0 0 0 0 0 0 0 0 0 0 0 0 0 0 0 0 0 0 0 0 0 0 0 0 0 0 0 0 0 0 0 0 0 0 0 0 0 0 0 0 0 0 0 0 0 0 0 0 0 0 0 0 0 0 0 0 0 0 0 0 0 0 0 0 0 0 0 0 0 0 0 0 0 0 0 0 0 0 0 0 0 0 0 0 0 0 0 0 0 0 0 0 0 0 0 0 0 0 0 0 0 0 0 0 0 0 0 0 0 0 0 0 0 0 0 0 0 0 0 0 0 0 0 0 0 0 0 0 0 0 0 0 0 0 0 0 0 0 0 0 0 0 0 0 0 0 0 0 0 0 0 0 0 0 0 0 0 0 0 0 0 0 0 0 0 0 0 0 0 0 0 0 0 0 0 0 0 0 0 0 0 0 0 0 0 0 0 0 0 0 0 0 0 0 0 0 0 0 0 0 0 0 0 0 0 0 0 0 0 0 0 0 0 0 0 0 0 0 0 0 0 0 0 0 0 0 0 0 0 0 0 0 0 0 0 0 0 0 0 0 0 0 0 0 0 0 0 0 0 0 0 0 0 0 0 0 0 0 0 0 0 0 0 0 0 0 0 0 0 0 0 0 0 0 0 0 0 0 0 0 0 0 0 0 0 0 0 0 0 0 0 0 0 0 0 0 0 0 0 0 0 0 0 0 0 0 0 0 0 0 0 0 0 0 0 0 0</float_array>
          <technique_common>
            <accessor source="#Floor_mesh_020-mesh-map-1-array" count="5988" stride="2">
              <param name="S" type="float"/>
              <param name="T" type="float"/>
            </accessor>
          </technique_common>
        </source>
        <vertices id="Floor_mesh_020-mesh-vertices">
          <input semantic="POSITION" source="#Floor_mesh_020-mesh-positions"/>
        </vertices>
        <triangles count="1996">
          <input semantic="VERTEX" source="#Floor_mesh_020-mesh-vertices" offset="0"/>
          <input semantic="NORMAL" source="#Floor_mesh_020-mesh-normals" offset="1"/>
          <input semantic="TEXCOORD" source="#Floor_mesh_020-mesh-map-0" offset="2" set="0"/>
          <input semantic="TEXCOORD" source="#Floor_mesh_020-mesh-map-1" offset="2" set="1"/>
          <p>65 0 0 66 0 1 64 0 2 68 1 3 70 1 4 67 1 5 72 2 6 260 2 7 71 2 8 74 3 9 75 3 10 73 3 11 77 1 12 79 1 13 76 1 14 11 3 15 81 3 16 82 3 17 370 0 18 822 0 19 85 0 20 84 0 21 820 0 22 83 0 23 12 2 24 823 2 25 87 2 26 807 2 27 826 2 28 541 2 29 449 2 30 1246 2 31 829 2 32 86 2 33 827 2 34 13 2 35 89 0 36 14 0 37 88 0 38 92 2 39 149 2 40 718 2 41 91 2 42 1247 2 43 10 2 44 714 2 45 830 2 46 832 2 47 684 1 48 93 1 49 94 1 50 548 3 51 95 3 52 96 3 53 97 1 54 18 1 55 66 1 56 687 3 57 833 3 58 835 3 59 560 3 60 836 3 61 834 3 62 551 0 63 839 0 64 1249 0 65 101 0 66 837 0 67 838 0 68 675 0 69 842 0 70 840 0 71 547 0 72 841 0 73 1248 0 74 102 2 75 844 2 76 544 2 77 686 2 78 843 2 79 846 2 80 103 2 81 1250 2 82 19 2 83 13 4 84 849 4 85 86 4 86 104 0 87 106 0 88 20 0 89 109 1 90 107 1 91 108 1 92 549 3 93 111 3 94 112 3 95 557 3 96 688 3 97 555 3 98 113 2 99 115 2 100 21 2 101 774 1 102 1252 1 103 851 1 104 511 1 105 850 1 106 852 1 107 119 1 108 585 1 109 776 1 110 120 3 111 855 3 112 350 3 113 769 3 114 512 3 115 1251 3 116 122 3 117 73 3 118 121 3 119 554 5 120 691 5 121 556 5 122 693 1 123 859 1 124 558 1 125 123 1 126 858 1 127 857 1 128 427 0 129 860 0 130 1259 0 131 124 0 132 1260 0 133 1256 0 134 550 0 135 1258 0 136 863 0 137 682 0 138 862 0 139 861 0 140 126 2 141 865 2 142 194 2 143 127 2 144 864 2 145 867 2 146 130 1 147 132 1 148 129 1 149 134 3 150 640 3 151 772 3 152 536 3 153 25 3 154 773 3 155 136 0 156 732 0 157 626 0 158 26 0 159 677 0 160 137 0 161 140 2 162 138 2 163 780 2 164 143 0 165 868 0 166 870 0 167 27 0 168 871 0 169 869 0 170 146 2 171 632 2 172 701 2 173 144 2 174 699 2 175 631 2 176 516 1 177 872 1 178 875 1 179 28 1 180 873 1 181 147 1 182 721 3 183 1261 3 184 877 3 185 586 3 186 878 3 187 876 3 188 482 3 189 882 3 190 880 3 191 434 3 192 879 3 193 881 3 194 518 3 195 884 3 196 885 3 197 875 2 198 886 2 199 883 2 200 718 6 201 883 6 202 886 6 203 442 3 204 1263 3 205 443 3 206 722 3 207 526 3 208 1262 3 209 595 3 210 487 3 211 486 3 212 106 0 213 150 0 214 151 0 215 19 2 216 769 2 217 103 2 218 501 2 219 775 2 220 511 2 221 154 1 222 889 1 223 153 1 224 389 1 225 891 1 226 155 1 227 157 3 228 892 3 229 893 3 230 489 3 231 894 3 232 1264 3 233 156 3 234 490 3 235 566 3 236 81 3 237 160 3 238 82 3 239 161 1 240 813 1 241 540 1 242 744 0 243 30 0 244 163 0 245 164 7 246 574 7 247 745 7 248 166 3 249 168 3 250 617 3 251 169 1 252 895 1 253 898 1 254 635 1 255 896 1 256 716 1 257 170 0 258 610 0 259 761 0 260 171 2 261 676 2 262 620 2 263 625 2 264 759 2 265 235 2 266 174 2 267 176 2 268 173 2 269 31 0 270 179 0 271 177 0 272 698 1 273 901 1 274 900 1 275 699 1 276 902 1 277 631 1 278 700 1 279 906 1 280 638 1 281 181 1 282 905 1 283 904 1 284 32 3 285 908 3 286 1267 3 287 701 3 288 1268 3 289 907 3 290 80 3 291 183 3 292 184 3 293 378 8 294 446 8 295 447 8 296 440 1 297 1270 1 298 441 1 299 186 1 300 911 1 301 910 1 302 471 0 303 187 0 304 188 0 305 189 0 306 914 0 307 912 0 308 450 0 309 913 0 310 915 0 311 588 2 312 191 2 313 192 2 314 193 0 315 20 0 316 75 0 317 194 2 318 917 2 319 126 2 320 688 2 321 1255 2 322 555 2 323 681 1 324 195 1 325 196 1 326 197 3 327 428 3 328 427 3 329 200 3 330 202 3 331 199 3 332 342 9 333 781 9 334 648 9 335 205 1 336 649 1 337 782 1 338 207 0 339 921 0 340 919 0 341 209 0 342 918 0 343 920 0 344 644 2 345 925 2 346 798 2 347 799 2 348 922 2 349 643 2 350 642 2 351 927 2 352 1273 2 353 229 2 354 928 2 355 797 2 356 646 2 357 929 2 358 801 2 359 800 2 360 932 2 361 645 2 362 213 2 363 934 2 364 212 2 365 802 2 366 933 2 367 647 2 368 210 2 369 795 2 370 641 2 371 150 0 372 215 0 373 151 0 374 501 2 375 670 2 376 152 2 377 472 2 378 664 2 379 243 2 380 218 1 381 939 1 382 217 1 383 219 1 384 938 1 385 937 1 386 704 3 387 940 3 388 941 3 389 494 3 390 1277 3 391 1279 3 392 223 3 393 942 3 394 222 3 395 702 3 396 944 3 397 426 3 398 399 3 399 1276 3 400 709 3 401 221 3 402 946 3 403 220 3 404 224 2 405 35 2 406 34 2 407 36 0 408 949 0 409 228 0 410 226 0 411 950 0 412 948 0 413 37 1 414 797 1 415 230 1 416 232 3 417 953 3 418 231 3 419 655 3 420 951 3 421 785 3 422 799 3 423 650 3 424 788 3 425 234 3 426 183 3 427 233 3 428 185 1 429 761 1 430 610 1 431 236 0 432 238 0 433 404 0 434 240 2 435 608 2 436 783 2 437 475 2 438 1282 2 439 954 2 440 239 2 441 956 2 442 39 2 443 355 0 444 117 0 445 433 0 446 242 0 447 503 0 448 674 0 449 171 2 450 760 2 451 172 2 452 622 2 453 758 2 454 623 2 455 243 1 456 957 1 457 959 1 458 41 1 459 958 1 460 244 1 461 670 3 462 960 3 463 962 3 464 506 3 465 963 3 466 961 3 467 333 3 468 439 3 469 362 3 470 672 3 471 448 3 472 445 3 473 247 2 474 34 2 475 246 2 476 534 0 477 36 0 478 804 0 479 803 0 480 964 0 481 639 0 482 43 0 483 965 0 484 248 0 485 641 1 486 250 1 487 249 1 488 252 3 489 642 3 490 251 3 491 214 0 492 14 0 493 215 0 494 216 2 495 583 2 496 806 2 497 510 2 498 970 2 499 967 2 500 253 2 501 969 2 502 44 2 503 255 10 504 477 10 505 254 10 506 479 1 507 973 1 508 971 1 509 356 1 510 974 1 511 480 1 512 256 11 513 358 11 514 481 11 515 257 3 516 259 3 517 307 3 518 261 3 519 199 3 520 260 3 521 262 1 522 977 1 523 263 1 524 230 1 525 976 1 526 37 1 527 46 0 528 265 0 529 266 0 530 269 2 531 657 2 532 787 2 533 267 2 534 786 2 535 656 2 536 89 0 537 64 0 538 90 0 539 544 2 540 979 2 541 102 2 542 272 2 543 982 2 544 271 2 545 683 1 546 273 1 547 274 1 548 275 3 549 546 3 550 675 3 551 1324 3 552 504 3 553 784 3 554 473 1 555 674 1 556 503 1 557 429 0 558 497 0 559 678 0 560 431 2 561 499 2 562 432 2 563 715 1 564 983 1 565 986 1 566 278 1 567 984 1 568 277 1 569 279 3 570 989 3 571 987 3 572 612 3 573 988 3 574 1286 3 575 606 0 576 993 0 577 768 0 578 666 0 579 991 0 580 607 0 581 602 12 582 997 12 583 995 12 584 723 13 585 994 13 586 996 13 587 603 0 588 999 0 589 753 0 590 604 0 591 998 0 592 1001 0 593 281 14 594 1003 14 595 1288 14 596 609 15 597 1002 15 598 667 15 599 283 0 600 1004 0 601 1006 0 602 206 0 603 1007 0 604 1005 0 605 284 2 606 267 2 607 48 2 608 791 1 609 646 1 610 801 1 611 802 3 612 654 3 613 790 3 614 515 0 615 292 0 616 743 0 617 142 0 618 576 0 619 737 0 620 286 2 621 1008 2 622 1010 2 623 288 2 624 1009 2 625 287 2 626 519 1 627 747 1 628 517 1 629 521 1 630 749 1 631 522 1 632 319 1 633 484 1 634 485 1 635 290 1 636 313 1 637 488 1 638 444 1 639 527 1 640 750 1 641 49 3 642 752 3 643 581 3 644 294 1 645 129 1 646 293 1 647 629 16 648 1013 16 649 1266 16 650 726 17 651 1011 17 652 1012 17 653 297 0 654 614 0 655 715 0 656 24 2 657 717 2 658 169 2 659 233 3 660 299 3 661 234 3 662 531 1 663 759 1 664 777 1 665 778 1 666 136 1 667 419 1 668 204 1 669 140 1 670 780 1 671 300 0 672 302 0 673 51 0 674 304 2 675 533 2 676 812 2 677 52 2 678 814 2 679 532 2 680 227 0 681 1014 0 682 1015 0 683 47 0 684 1016 0 685 1274 0 686 284 2 687 655 2 688 785 2 689 789 1 690 644 1 691 798 1 692 800 3 693 652 3 694 792 3 695 552 1 696 1019 1 697 1017 1 698 694 1 699 1018 1 700 1020 1 701 305 1 702 561 1 703 695 1 704 307 3 705 1021 3 706 257 3 707 306 18 708 1322 18 709 53 18 710 548 0 711 1022 0 712 685 0 713 477 0 714 1023 0 715 1024 0 716 687 2 717 1026 2 718 553 2 719 478 2 720 479 2 721 1291 2 722 310 1 723 689 1 724 542 1 725 278 19 726 467 19 727 466 19 728 311 20 729 589 20 730 738 20 731 483 0 732 482 0 733 485 0 734 313 2 735 486 2 736 488 2 737 597 1 738 1030 1 739 310 1 740 315 1 741 1028 1 742 314 1 743 311 3 744 317 3 745 312 3 746 442 0 747 443 0 748 318 0 749 434 2 750 436 2 751 319 2 752 139 2 753 453 2 754 456 2 755 320 2 756 1032 2 757 384 2 758 438 2 759 1031 2 760 1034 2 761 324 0 762 673 0 763 612 0 764 322 0 765 616 0 766 668 0 767 323 21 768 1037 21 769 1036 21 770 676 22 771 1038 22 772 620 22 773 618 3 774 1041 3 775 1293 3 776 730 3 777 1039 3 778 1040 3 779 626 3 780 1044 3 781 1294 3 782 733 3 783 1042 3 784 1043 3 785 326 2 786 246 2 787 325 2 788 43 0 789 1047 0 790 1295 0 791 327 0 792 1045 0 793 1046 0 794 328 1 795 538 1 796 793 1 797 332 3 798 330 3 799 794 3 800 245 3 801 280 3 802 279 3 803 289 1 804 751 1 805 602 1 806 334 0 807 55 0 808 509 0 809 593 23 810 742 23 811 592 23 812 42 2 813 335 2 814 669 2 815 337 2 816 21 2 817 336 2 818 26 0 819 1051 0 820 1049 0 821 811 0 822 1048 0 823 1050 0 824 338 0 825 624 0 826 810 0 827 438 1 828 1052 1 829 437 1 830 383 1 831 1055 1 832 339 1 833 456 24 834 1297 24 835 1056 24 836 454 25 837 1057 25 838 1296 25 839 341 3 840 1060 3 841 340 3 842 458 3 843 1061 3 844 1059 3 845 114 2 846 325 2 847 115 2 848 54 0 849 772 0 850 640 0 851 343 1 852 1063 1 853 344 1 854 537 1 855 1062 1 856 1065 1 857 346 3 858 1068 3 859 345 3 860 763 3 861 347 3 862 1069 3 863 120 3 864 468 3 865 469 3 866 363 26 867 459 26 868 461 26 869 41 1 870 349 1 871 56 1 872 584 27 873 1073 27 874 1071 27 875 506 28 876 1070 28 877 1072 28 878 1071 1 879 1075 1 880 1299 1 881 1070 29 882 506 30 883 41 31 884 507 2 885 1074 2 886 1298 2 887 585 2 888 1075 2 889 776 2 890 159 3 891 1076 3 892 160 3 893 121 3 894 1079 3 895 122 3 896 161 1 897 1081 1 898 162 1 899 123 1 900 1082 1 901 23 1 902 696 32 903 351 32 904 352 32 905 353 2 906 563 2 907 697 2 908 570 33 909 513 34 910 514 35 911 513 1 912 305 1 913 712 1 914 737 1 915 1084 1 916 1087 1 917 713 1 918 1085 1 919 573 1 920 306 3 921 430 3 922 429 3 923 355 3 924 431 3 925 432 3 926 356 0 927 1088 0 928 1091 0 929 57 0 930 1089 0 931 357 0 932 662 36 933 1307 36 934 1093 36 935 661 37 936 1094 37 937 571 37 938 578 2 939 1095 2 940 1097 2 941 358 38 942 1306 38 943 1096 38 944 1096 39 945 481 39 946 358 39 947 359 0 948 1101 0 949 1099 0 950 285 0 951 1098 0 952 1100 0 953 361 2 954 528 2 955 734 2 956 582 40 957 739 40 958 590 40 959 529 41 960 817 41 961 520 41 962 363 3 963 1104 3 964 348 3 965 770 3 966 1269 3 967 598 3 968 617 42 969 771 42 970 601 42 971 42 1 972 666 1 973 607 1 974 56 43 975 665 43 976 593 43 977 609 1 978 1107 1 979 1106 1 980 668 1 981 1105 1 982 1108 1 983 448 0 984 446 0 985 445 0 986 448 44 987 56 45 988 447 46 989 448 47 990 447 47 991 446 47 992 441 2 993 362 2 994 439 2 995 175 2 996 59 2 997 176 2 998 727 0 999 1109 0 1000 1111 0 1001 60 0 1002 1112 0 1003 1110 0 1004 178 0 1005 635 0 1006 716 0 1007 367 48 1008 633 48 1009 728 48 1010 369 3 1011 660 3 1012 368 3 1013 370 0 1014 1116 0 1015 1114 0 1016 809 0 1017 1113 0 1018 1115 0 1019 540 49 1020 1118 49 1021 1120 49 1022 116 0 1023 580 0 1024 764 0 1025 461 50 1026 462 50 1027 460 50 1028 464 2 1029 1271 2 1030 463 2 1031 588 2 1032 1123 2 1033 190 2 1034 451 1 1035 452 1 1036 450 1 1037 541 51 1038 370 52 1039 470 53 1040 541 54 1041 470 54 1042 471 54 1043 541 3 1044 471 3 1045 807 3 1046 314 1 1047 1127 1 1048 315 1 1049 372 1 1050 1124 1 1051 371 1 1052 317 3 1053 373 3 1054 374 3 1055 522 0 1056 720 0 1057 586 0 1058 526 2 1059 750 2 1060 527 2 1061 147 1 1062 1129 1 1063 28 1 1064 371 1 1065 1131 1 1066 372 1 1067 373 3 1068 49 3 1069 374 3 1070 719 0 1071 517 0 1072 747 0 1073 521 2 1074 587 2 1075 721 2 1076 537 2 1077 773 2 1078 766 2 1079 210 2 1080 1132 2 1081 211 2 1082 794 2 1083 1311 2 1084 332 2 1085 538 2 1086 1137 2 1087 793 2 1088 763 2 1089 1136 2 1090 347 2 1091 302 0 1092 530 0 1093 51 0 1094 532 1 1095 1139 1 1096 1142 1 1097 62 1 1098 1140 1 1099 377 1 1100 534 3 1101 1144 3 1102 1312 3 1103 706 3 1104 1145 3 1105 1143 3 1106 535 3 1107 1149 3 1108 1147 3 1109 812 3 1110 1146 3 1111 1148 3 1112 465 0 1113 469 0 1114 468 0 1115 239 55 1116 601 55 1117 771 55 1118 462 56 1119 1314 56 1120 460 56 1121 757 57 1122 1150 57 1123 1152 57 1124 464 58 1125 1153 58 1126 1154 58 1127 600 59 1128 1155 59 1129 1313 59 1130 133 3 1131 379 3 1132 380 3 1133 382 1 1134 1156 1 1135 1159 1 1136 339 1 1137 1157 1 1138 383 1 1139 455 60 1140 648 60 1141 781 60 1142 458 61 1143 649 61 1144 457 61 1145 320 2 1146 659 2 1147 755 2 1148 628 2 1149 1160 2 1150 1309 2 1151 728 2 1152 1310 2 1153 1161 2 1154 754 2 1155 1163 2 1156 1165 2 1157 660 2 1158 1164 2 1159 1162 2 1160 296 0 1161 321 0 1162 725 0 1163 623 62 1164 810 62 1165 624 62 1166 630 3 1167 760 3 1168 636 3 1169 148 63 1170 543 63 1171 723 63 1172 724 3 1173 1166 3 1174 1168 3 1175 296 3 1176 1169 3 1177 1167 3 1178 78 1 1179 293 1 1180 79 1 1181 542 0 1182 386 0 1183 385 0 1184 387 64 1185 466 64 1186 467 64 1187 519 2 1188 16 2 1189 746 2 1190 752 2 1191 1172 2 1192 581 2 1193 582 2 1194 1170 2 1195 816 2 1196 357 0 1197 1174 0 1198 57 0 1199 568 0 1200 1176 0 1201 711 0 1202 572 65 1203 818 65 1204 577 65 1205 579 3 1206 663 3 1207 578 3 1208 110 3 1209 1253 3 1210 1254 3 1211 562 3 1212 1177 3 1213 1178 3 1214 745 66 1215 575 66 1216 809 66 1217 539 3 1218 1304 3 1219 1181 3 1220 563 3 1221 1179 3 1222 697 3 1223 389 1 1224 703 1 1225 565 1 1226 498 1 1227 1182 1 1228 1184 1 1229 495 1 1230 1185 1 1231 1183 1 1232 567 67 1233 764 67 1234 580 67 1235 489 0 1236 691 0 1237 690 0 1238 489 68 1239 556 68 1240 691 68 1241 489 69 1242 389 69 1243 556 69 1244 490 2 1245 693 2 1246 558 2 1247 98 1 1248 391 1 1249 18 1 1250 560 3 1251 711 3 1252 99 3 1253 514 70 1254 661 70 1255 571 70 1256 559 71 1257 1187 71 1258 1189 71 1259 394 72 1260 1188 72 1261 1186 72 1262 561 2 1263 1193 2 1264 695 2 1265 396 2 1266 1191 2 1267 395 2 1268 63 3 1269 762 3 1270 397 3 1271 398 1 1272 1195 1 1273 496 1 1274 497 1 1275 1196 1 1276 678 1 1277 680 1 1278 500 1 1279 1326 1 1280 707 0 1281 495 0 1282 708 0 1283 399 2 1284 710 2 1285 567 2 1286 579 0 1287 1198 0 1288 819 0 1289 242 0 1290 1200 0 1291 40 0 1292 360 0 1293 577 0 1294 818 0 1295 591 2 1296 736 2 1297 335 2 1298 58 2 1299 735 2 1300 594 2 1301 510 73 1302 741 73 1303 509 73 1304 592 3 1305 806 3 1306 583 3 1307 364 2 1308 336 2 1309 59 2 1310 634 0 1311 1205 0 1312 1203 0 1313 365 0 1314 1202 0 1315 1204 0 1316 401 74 1317 658 74 1318 754 74 1319 403 3 1320 659 3 1321 402 3 1322 599 0 1323 770 0 1324 598 0 1325 404 0 1326 1209 0 1327 1207 0 1328 756 0 1329 1206 0 1330 1208 0 1331 474 1 1332 1211 1 1333 475 1 1334 303 1 1335 1210 1 1336 1213 1 1337 608 3 1338 1214 3 1339 783 3 1340 530 3 1341 1215 3 1342 1216 3 1343 390 1 1344 76 1 1345 391 1 1346 515 3 1347 1218 3 1348 1320 3 1349 392 3 1350 1305 3 1351 1217 3 1352 406 0 1353 513 0 1354 712 0 1355 407 2 1356 713 2 1357 573 2 1358 201 3 1359 50 3 1360 202 3 1361 639 1 1362 1221 1 1363 803 1 1364 377 1 1365 1220 1 1366 62 1 1367 535 75 1368 410 75 1369 808 75 1370 413 2 1371 411 2 1372 706 2 1373 288 2 1374 1223 2 1375 1225 2 1376 282 2 1377 1226 2 1378 1224 2 1379 529 0 1380 55 0 1381 740 0 1382 590 76 1383 738 76 1384 589 76 1385 594 1 1386 767 1 1387 604 1 1388 606 3 1389 736 3 1390 596 3 1391 225 2 1392 71 2 1393 35 2 1394 651 0 1395 788 0 1396 650 0 1397 266 0 1398 654 0 1399 46 0 1400 792 0 1401 653 0 1402 791 0 1403 414 1 1404 1230 1 1405 415 1 1406 786 1 1407 1228 1 1408 656 1 1409 417 3 1410 1321 3 1411 416 3 1412 657 3 1413 1231 3 1414 787 3 1415 134 3 1416 166 3 1417 135 3 1418 627 1 1419 1236 1 1420 677 1 1421 323 1 1422 1235 1 1423 418 1 1424 531 0 1425 731 0 1426 618 0 1427 419 2 1428 621 2 1429 733 2 1430 131 1 1431 67 1 1432 132 1 1433 182 3 1434 1240 3 1435 1238 3 1436 420 3 1437 1239 3 1438 1241 3 1439 698 77 1440 422 77 1441 637 77 1442 424 2 1443 700 2 1444 638 2 1445 156 3 1446 1316 3 1447 1242 3 1448 63 3 1449 1317 3 1450 1315 3 1451 219 1 1452 1280 1 1453 492 1 1454 496 1 1455 1243 1 1456 398 1 1457 702 0 1458 426 0 1459 565 0 1460 493 2 1461 705 2 1462 498 2 1463 66 69 1464 1 69 1465 273 69 1466 69 2 1467 4 2 1468 70 2 1469 70 69 1470 4 69 1471 424 69 1472 260 69 1473 6 69 1474 416 69 1475 75 69 1476 9 69 1477 124 69 1478 141 69 1479 407 69 1480 76 69 1481 82 69 1482 12 69 1483 187 69 1484 12 69 1485 820 69 1486 825 69 1487 370 69 1488 826 69 1489 1245 69 1490 516 69 1491 869 69 1492 830 69 1493 17 69 1494 90 69 1495 93 69 1496 96 69 1497 17 69 1498 548 69 1499 546 69 1500 545 69 1501 544 69 1502 843 69 1503 17 69 1504 1248 69 1505 112 69 1506 195 69 1507 20 69 1508 112 69 1509 554 69 1510 549 69 1511 203 78 1512 340 78 1513 21 78 1514 855 69 1515 1252 69 1516 350 69 1517 128 69 1518 351 69 1519 121 69 1520 558 69 1521 1253 69 1522 557 69 1523 862 69 1524 554 69 1525 1255 69 1526 865 69 1527 860 69 1528 194 69 1529 128 69 1530 1256 69 1531 864 69 1532 536 69 1533 342 69 1534 25 69 1535 136 79 1536 138 79 1537 135 79 1538 140 80 1539 135 80 1540 138 80 1541 141 69 1542 1247 69 1543 868 69 1544 830 1 1545 871 1 1546 832 1 1547 144 69 1548 631 69 1549 132 69 1550 516 69 1551 883 69 1552 27 69 1553 27 69 1554 883 69 1555 149 69 1556 28 69 1557 885 69 1558 874 69 1559 482 69 1560 880 69 1561 597 69 1562 888 0 1563 1125 0 1564 1263 0 1565 1128 0 1566 878 0 1567 1131 0 1568 595 69 1569 486 69 1570 597 69 1571 151 69 1572 29 69 1573 107 69 1574 512 81 1575 19 81 1576 118 81 1577 118 69 1578 501 69 1579 511 69 1580 153 69 1581 889 69 1582 29 69 1583 29 69 1584 892 69 1585 158 69 1586 165 69 1587 83 69 1588 82 69 1589 574 69 1590 30 69 1591 539 69 1592 531 69 1593 166 69 1594 617 69 1595 898 69 1596 615 69 1597 169 69 1598 897 69 1599 628 69 1600 1266 69 1601 324 82 1602 617 82 1603 611 82 1604 611 69 1605 617 69 1606 610 69 1607 324 83 1608 235 83 1609 617 83 1610 173 1 1611 3 1 1612 174 1 1613 177 69 1614 132 69 1615 631 69 1616 180 69 1617 1241 69 1618 905 69 1619 637 69 1620 1267 69 1621 901 69 1622 631 69 1623 1268 69 1624 31 69 1625 31 69 1626 1268 69 1627 632 69 1628 441 69 1629 1270 69 1630 363 69 1631 588 69 1632 915 69 1633 1121 69 1634 187 69 1635 588 69 1636 11 69 1637 192 69 1638 11 69 1639 588 69 1640 20 69 1641 550 69 1642 194 69 1643 198 69 1644 194 69 1645 428 69 1646 213 69 1647 264 69 1648 199 69 1649 202 69 1650 919 69 1651 1272 69 1652 645 69 1653 932 69 1654 1004 69 1655 947 3 1656 927 3 1657 949 3 1658 215 84 1659 223 84 1660 153 84 1661 153 69 1662 29 69 1663 215 69 1664 151 69 1665 215 69 1666 29 69 1667 243 85 1668 355 85 1669 472 85 1670 217 69 1671 939 69 1672 943 69 1673 426 69 1674 944 69 1675 492 69 1676 215 69 1677 943 69 1678 223 69 1679 1183 0 1680 1315 0 1681 1317 0 1682 492 69 1683 1280 69 1684 940 69 1685 494 69 1686 1279 69 1687 496 69 1688 492 69 1689 493 69 1690 491 69 1691 262 69 1692 251 69 1693 34 69 1694 229 69 1695 226 69 1696 948 69 1697 231 69 1698 953 69 1699 35 69 1700 37 69 1701 643 69 1702 226 69 1703 241 69 1704 300 69 1705 233 69 1706 610 69 1707 617 69 1708 185 69 1709 241 69 1710 404 69 1711 608 69 1712 475 69 1713 404 69 1714 1282 69 1715 1152 0 1716 1313 0 1717 1155 0 1718 503 69 1719 40 69 1720 472 69 1721 355 86 1722 243 86 1723 505 86 1724 321 87 1725 615 87 1726 622 87 1727 243 69 1728 960 69 1729 505 69 1730 505 69 1731 960 69 1732 508 69 1733 41 69 1734 961 69 1735 1283 69 1736 249 69 1737 330 69 1738 246 69 1739 1134 1 1740 966 1 1741 1132 1 1742 34 69 1743 36 69 1744 641 69 1745 251 69 1746 642 69 1747 36 69 1748 215 69 1749 259 69 1750 217 69 1751 215 88 1752 14 88 1753 259 88 1754 472 89 1755 40 89 1756 583 89 1757 969 69 1758 1201 69 1759 44 69 1760 477 69 1761 14 69 1762 254 69 1763 1285 69 1764 307 69 1765 479 69 1766 479 69 1767 971 69 1768 1285 69 1769 1322 69 1770 972 69 1771 356 69 1772 199 90 1773 33 91 1774 270 92 1775 262 69 1776 953 69 1777 975 69 1778 976 69 1779 1281 69 1780 37 69 1781 270 69 1782 46 69 1783 657 69 1784 276 69 1785 93 69 1786 90 69 1787 18 69 1788 982 69 1789 837 69 1790 64 69 1791 551 69 1792 544 69 1793 64 69 1794 544 69 1795 545 69 1796 473 69 1797 503 69 1798 472 69 1799 430 93 1800 220 93 1801 497 93 1802 473 94 1803 499 94 1804 220 94 1805 615 69 1806 296 69 1807 1167 69 1808 1168 2 1809 984 2 1810 985 2 1811 613 69 1812 612 69 1813 1286 69 1814 543 69 1815 1010 69 1816 994 69 1817 288 69 1818 995 69 1819 1287 69 1820 280 69 1821 991 69 1822 1289 69 1823 606 69 1824 281 69 1825 1288 69 1826 1223 3 1827 1000 3 1828 1225 3 1829 281 69 1830 1001 69 1831 1226 69 1832 606 69 1833 605 69 1834 281 69 1835 998 1 1836 1226 1 1837 1001 1 1838 1005 69 1839 931 69 1840 206 69 1841 646 69 1842 653 69 1843 267 69 1844 517 69 1845 49 69 1846 292 69 1847 292 69 1848 519 69 1849 517 69 1850 318 69 1851 376 69 1852 527 69 1853 521 69 1854 522 69 1855 375 69 1856 525 69 1857 523 69 1858 524 69 1859 524 69 1860 527 69 1861 525 69 1862 61 69 1863 525 69 1864 527 69 1865 527 69 1866 376 69 1867 61 69 1868 49 69 1869 581 69 1870 292 69 1871 295 69 1872 387 69 1873 293 69 1874 615 69 1875 1011 69 1876 622 69 1877 983 0 1878 1169 0 1879 986 0 1880 295 69 1881 169 69 1882 614 69 1883 233 69 1884 38 69 1885 409 69 1886 617 69 1887 235 69 1888 531 69 1889 51 69 1890 38 69 1891 300 69 1892 38 69 1893 51 69 1894 533 69 1895 532 69 1896 530 69 1897 52 69 1898 923 1 1899 1016 1 1900 925 1 1901 644 69 1902 651 69 1903 48 69 1904 552 69 1905 833 69 1906 17 69 1907 560 69 1908 834 69 1909 1018 69 1910 1291 69 1911 307 69 1912 1024 69 1913 307 95 1914 45 96 1915 308 97 1916 1290 69 1917 553 69 1918 1026 69 1919 289 69 1920 288 69 1921 603 69 1922 485 98 1923 482 98 1924 597 98 1925 1028 69 1926 879 69 1927 314 69 1928 319 69 1929 485 69 1930 312 69 1931 317 69 1932 443 69 1933 314 69 1934 319 99 1935 314 99 1936 435 99 1937 620 69 1938 1039 69 1939 324 69 1940 324 69 1941 1039 69 1942 625 69 1943 619 69 1944 418 69 1945 621 69 1946 328 69 1947 345 69 1948 325 69 1949 328 69 1950 43 69 1951 538 69 1952 332 69 1953 246 69 1954 330 69 1955 333 69 1956 42 69 1957 280 69 1958 289 69 1959 602 69 1960 288 69 1961 593 69 1962 591 69 1963 42 69 1964 381 100 1965 402 100 1966 336 100 1967 1031 1 1968 1051 1 1969 1034 1 1970 437 69 1971 1297 69 1972 26 69 1973 26 69 1974 1297 69 1975 453 69 1976 1060 0 1977 1159 0 1978 1156 0 1979 340 69 1980 1060 69 1981 21 69 1982 343 69 1983 379 69 1984 115 69 1985 537 69 1986 1065 69 1987 54 69 1988 325 69 1989 1068 69 1990 1064 69 1991 54 69 1992 1069 69 1993 347 69 1994 56 69 1995 507 69 1996 41 69 1997 1299 69 1998 584 69 1999 1071 69 2000 1070 69 2001 41 69 2002 1298 69 2003 1298 101 2004 1072 101 2005 1070 101 2006 30 69 2007 1076 69 2008 1303 69 2009 354 69 2010 1302 69 2011 1077 69 2012 161 69 2013 1181 69 2014 1083 69 2015 1082 69 2016 1180 69 2017 23 69 2018 22 69 2019 562 69 2020 23 69 2021 354 69 2022 23 69 2023 563 69 2024 1084 69 2025 515 69 2026 1320 69 2027 573 69 2028 1305 69 2029 514 69 2030 53 69 2031 1091 69 2032 1306 69 2033 1095 3 2034 1090 3 2035 1097 3 2036 569 69 2037 1094 69 2038 1173 69 2039 1099 69 2040 1308 69 2041 359 69 2042 359 69 2043 590 69 2044 58 69 2045 520 69 2046 58 69 2047 529 69 2048 363 69 2049 1270 69 2050 1102 69 2051 956 3 2052 1208 3 2053 1206 3 2054 185 69 2055 617 69 2056 601 69 2057 609 69 2058 989 69 2059 280 69 2060 1105 69 2061 171 69 2062 1286 69 2063 447 69 2064 56 69 2065 363 69 2066 363 69 2067 362 69 2068 441 69 2069 366 69 2070 420 69 2071 176 69 2072 629 69 2073 628 69 2074 1309 69 2075 1110 69 2076 1310 69 2077 60 69 2078 633 69 2079 59 69 2080 60 69 2081 60 69 2082 368 69 2083 660 69 2084 13 102 2085 1120 102 2086 847 102 2087 1114 69 2088 1246 69 2089 451 69 2090 461 69 2091 460 69 2092 465 69 2093 588 69 2094 451 69 2095 450 69 2096 470 69 2097 370 69 2098 588 69 2099 374 69 2100 61 69 2101 318 69 2102 61 69 2103 586 69 2104 526 69 2105 1129 69 2106 1261 69 2107 28 69 2108 521 69 2109 375 69 2110 374 69 2111 49 103 2112 517 103 2113 518 103 2114 521 69 2115 518 69 2116 587 69 2117 538 69 2118 1295 69 2119 1135 69 2120 1045 3 2121 1138 3 2122 1046 3 2123 210 69 2124 964 69 2125 1134 69 2126 332 69 2127 1311 69 2128 1284 69 2129 530 69 2130 532 69 2131 51 69 2132 532 69 2133 1146 69 2134 51 69 2135 534 69 2136 1312 69 2137 210 69 2138 51 69 2139 1146 69 2140 533 69 2141 460 69 2142 1314 69 2143 465 69 2144 1150 69 2145 39 69 2146 1313 69 2147 465 69 2148 1153 69 2149 463 69 2150 1312 0 2151 1221 0 2152 1219 0 2153 381 69 2154 1060 69 2155 1156 69 2156 1157 69 2157 1061 69 2158 383 69 2159 648 69 2160 383 69 2161 25 69 2162 25 69 2163 457 69 2164 649 69 2165 1110 1 2166 1161 1 2167 1310 1 2168 633 69 2169 60 69 2170 1310 69 2171 623 69 2172 384 69 2173 321 69 2174 321 69 2175 630 69 2176 636 69 2177 293 69 2178 10 69 2179 79 69 2180 385 69 2181 467 69 2182 542 69 2183 582 69 2184 359 69 2185 1308 69 2186 292 69 2187 1172 69 2188 1098 69 2189 44 69 2190 572 69 2191 577 69 2192 57 69 2193 579 69 2194 578 69 2195 498 69 2196 1316 69 2197 566 69 2198 63 69 2199 1315 69 2200 1185 69 2201 63 69 2202 580 69 2203 502 69 2204 564 69 2205 566 69 2206 565 69 2207 556 69 2208 389 69 2209 557 69 2210 557 69 2211 490 69 2212 558 69 2213 393 69 2214 271 69 2215 18 69 2216 1190 69 2217 559 69 2218 1189 69 2219 1188 69 2220 391 69 2221 1191 69 2222 1318 2 2223 1197 2 2224 1276 2 2225 220 69 2226 1194 69 2227 497 69 2228 945 0 2229 1194 0 2230 946 0 2231 500 69 2232 501 69 2233 1326 69 2234 494 69 2235 496 69 2236 495 69 2237 399 104 2238 567 104 2239 63 104 2240 359 69 2241 44 69 2242 577 69 2243 40 69 2244 1200 69 2245 970 69 2246 591 105 2247 55 105 2248 596 105 2249 55 69 2250 529 69 2251 58 69 2252 592 69 2253 510 69 2254 509 69 2255 400 106 2256 368 106 2257 59 106 2258 1163 1 2259 1205 1 2260 1165 1 2261 658 69 2262 336 69 2263 634 69 2264 634 69 2265 402 69 2266 659 69 2267 185 69 2268 599 69 2269 598 69 2270 404 69 2271 1207 69 2272 1282 69 2273 1210 69 2274 52 69 2275 1216 69 2276 475 69 2277 1319 69 2278 608 69 2279 1086 2 2280 1305 2 2281 1085 2 2282 513 69 2283 76 69 2284 514 69 2285 76 107 2286 573 107 2287 514 107 2288 413 69 2289 207 69 2290 202 69 2291 1219 69 2292 210 69 2293 1312 69 2294 1220 69 2295 411 69 2296 62 69 2297 535 69 2298 50 69 2299 409 69 2300 413 69 2301 62 69 2302 411 69 2303 1225 69 2304 1000 69 2305 288 69 2306 58 69 2307 589 69 2308 528 69 2309 594 69 2310 604 69 2311 281 69 2312 55 69 2313 281 69 2314 605 69 2315 414 69 2316 231 69 2317 35 69 2318 653 69 2319 652 69 2320 48 69 2321 48 69 2322 650 69 2323 37 69 2324 71 69 2325 1227 69 2326 414 69 2327 656 69 2328 1228 69 2329 1233 69 2330 46 69 2331 1233 69 2332 657 69 2333 419 69 2334 136 69 2335 135 69 2336 627 69 2337 1294 69 2338 1234 69 2339 1235 69 2340 1042 69 2341 418 69 2342 531 108 2343 618 108 2344 418 108 2345 166 109 2346 418 109 2347 619 109 2348 422 69 2349 144 69 2350 132 69 2351 895 2 2352 1011 2 2353 898 2 2354 637 69 2355 2 69 2356 32 69 2357 32 69 2358 424 69 2359 638 69 2360 496 69 2361 1279 69 2362 1244 69 2363 492 69 2364 498 69 2365 564 69 2366 492 69 2367 493 69 2368 498 69 2369 1 2 2370 274 2 2371 273 2 2372 4 3 2373 425 3 2374 424 3 2375 6 0 2376 417 0 2377 416 0 2378 8 1 2379 124 1 2380 9 1 2381 407 3 2382 143 3 2383 408 3 2384 12 1 2385 188 1 2386 187 1 2387 254 2 2388 96 2 2389 255 2 2390 1 3 2391 101 3 2392 0 3 2393 195 2 2394 111 2 2395 196 2 2396 203 0 2397 341 0 2398 340 0 2399 352 1 2400 128 1 2401 127 1 2402 24 3 2403 177 3 2404 298 3 2405 107 2 2406 158 2 2407 157 2 2408 84 1 2409 165 1 2410 164 1 2411 4 0 2412 181 0 2413 3 0 2414 236 1 2415 192 1 2416 237 1 2417 8 2 2418 198 2 2419 197 2 2420 265 1 2421 213 1 2422 212 1 2423 154 2 2424 223 2 2425 222 2 2426 252 0 2427 262 0 2428 263 0 2429 301 1 2430 241 1 2431 240 1 2432 331 0 2433 249 0 2434 250 0 2435 259 2 2436 218 2 2437 217 2 2438 15 110 2439 307 111 2440 308 112 2441 307 3 2442 1285 3 2443 1021 3 2444 14 113 2445 45 113 2446 307 113 2447 5 1 2448 270 1 2449 269 1 2450 94 2 2451 276 2 2452 275 2 2453 388 3 2454 295 3 2455 297 3 2456 38 1 2457 410 1 2458 409 1 2459 346 0 2460 328 0 2461 329 0 2462 403 0 2463 381 0 2464 382 0 2465 380 0 2466 343 0 2467 344 0 2468 30 1 2469 1303 1 2470 1300 1 2471 353 1 2472 1302 1 2473 354 1 2474 421 0 2475 366 0 2476 367 0 2477 61 114 2478 523 115 2479 525 116 2480 10 3 2481 385 3 2482 91 3 2483 272 3 2484 393 3 2485 394 3 2486 369 0 2487 400 0 2488 401 0 2489 396 3 2490 395 3 2491 405 3 2492 208 1 2493 413 1 2494 412 1 2495 231 0 2496 415 0 2497 232 0 2498 144 3 2499 423 3 2500 145 3 2501 65 0 2502 97 0 2503 66 0 2504 68 1 2505 69 1 2506 70 1 2507 72 2 2508 261 2 2509 260 2 2510 74 3 2511 193 3 2512 75 3 2513 77 1 2514 78 1 2515 79 1 2516 11 3 2517 80 3 2518 81 3 2519 370 0 2520 1245 0 2521 822 0 2522 84 0 2523 821 0 2524 820 0 2525 12 2 2526 825 2 2527 823 2 2528 807 2 2529 824 2 2530 826 2 2531 449 2 2532 451 2 2533 1246 2 2534 86 2 2535 828 2 2536 827 2 2537 89 0 2538 90 0 2539 14 0 2540 92 2 2541 16 2 2542 149 2 2543 91 2 2544 831 2 2545 1247 2 2546 714 2 2547 516 2 2548 830 2 2549 684 1 2550 547 1 2551 93 1 2552 548 3 2553 685 3 2554 95 3 2555 97 1 2556 98 1 2557 18 1 2558 687 3 2559 553 3 2560 833 3 2561 560 3 2562 99 3 2563 836 3 2564 551 0 2565 683 0 2566 839 0 2567 101 0 2568 100 0 2569 837 0 2570 675 0 2571 546 0 2572 842 0 2573 547 0 2574 684 0 2575 841 0 2576 102 2 2577 845 2 2578 844 2 2579 686 2 2580 552 2 2581 843 2 2582 103 2 2583 848 2 2584 1250 2 2585 13 117 2586 847 117 2587 849 117 2588 104 0 2589 105 0 2590 106 0 2591 109 1 2592 554 1 2593 107 1 2594 549 3 2595 682 3 2596 111 3 2597 557 3 2598 110 3 2599 688 3 2600 113 2 2601 114 2 2602 115 2 2603 500 0 2604 680 0 2605 117 0 2606 118 0 2607 116 0 2608 784 0 2609 118 0 2610 784 0 2611 504 0 2612 500 0 2613 117 0 2614 505 0 2615 774 1 2616 584 1 2617 1252 1 2618 511 1 2619 775 1 2620 850 1 2621 119 1 2622 378 1 2623 585 1 2624 120 3 2625 854 3 2626 855 3 2627 1251 3 2628 853 3 2629 769 3 2630 122 3 2631 74 3 2632 73 3 2633 554 1 2634 109 1 2635 691 1 2636 693 1 2637 856 1 2638 859 1 2639 123 1 2640 23 1 2641 858 1 2642 427 0 2643 428 0 2644 860 0 2645 124 0 2646 125 0 2647 1260 0 2648 550 0 2649 681 0 2650 1258 0 2651 682 0 2652 549 0 2653 862 0 2654 126 2 2655 866 2 2656 865 2 2657 127 2 2658 128 2 2659 864 2 2660 130 1 2661 131 1 2662 132 1 2663 134 3 2664 135 3 2665 640 3 2666 25 3 2667 133 3 2668 773 3 2669 136 0 2670 779 0 2671 732 0 2672 26 0 2673 627 0 2674 677 0 2675 138 2 2676 139 2 2677 780 2 2678 143 0 2679 141 0 2680 868 0 2681 27 0 2682 142 0 2683 871 0 2684 146 2 2685 628 2 2686 632 2 2687 144 2 2688 145 2 2689 699 2 2690 516 1 2691 714 1 2692 872 1 2693 28 1 2694 874 1 2695 873 1 2696 721 3 2697 587 3 2698 1261 3 2699 586 3 2700 720 3 2701 878 3 2702 482 3 2703 483 3 2704 882 3 2705 434 3 2706 435 3 2707 879 3 2708 518 3 2709 719 3 2710 884 3 2711 718 118 2712 149 118 2713 883 118 2714 442 3 2715 888 3 2716 1263 3 2717 1262 3 2718 887 3 2719 722 3 2720 595 3 2721 148 3 2722 487 3 2723 106 0 2724 105 0 2725 150 0 2726 19 2 2727 512 2 2728 769 2 2729 501 2 2730 152 2 2731 775 2 2732 154 1 2733 1265 1 2734 889 1 2735 389 1 2736 890 1 2737 891 1 2738 157 3 2739 158 3 2740 892 3 2741 489 3 2742 690 3 2743 894 3 2744 156 3 2745 692 3 2746 490 3 2747 81 3 2748 159 3 2749 160 3 2750 161 1 2751 162 1 2752 813 1 2753 744 0 2754 539 0 2755 30 0 2756 164 119 2757 165 119 2758 574 119 2759 166 3 2760 167 3 2761 168 3 2762 169 1 2763 717 1 2764 895 1 2765 635 1 2766 897 1 2767 896 1 2768 170 0 2769 324 0 2770 610 0 2771 171 2 2772 172 2 2773 676 2 2774 625 2 2775 730 2 2776 759 2 2777 174 2 2778 175 2 2779 176 2 2780 31 0 2781 178 0 2782 179 0 2783 698 1 2784 637 1 2785 901 1 2786 699 1 2787 899 1 2788 902 1 2789 700 1 2790 903 1 2791 906 1 2792 181 1 2793 180 1 2794 905 1 2795 32 3 2796 182 3 2797 908 3 2798 701 3 2799 632 3 2800 1268 3 2801 80 3 2802 11 3 2803 183 3 2804 378 1 2805 119 1 2806 446 1 2807 440 1 2808 909 1 2809 1270 1 2810 186 1 2811 185 1 2812 911 1 2813 471 0 2814 470 0 2815 187 0 2816 189 0 2817 465 0 2818 914 0 2819 450 0 2820 452 0 2821 913 0 2822 588 2 2823 190 2 2824 191 2 2825 193 0 2826 104 0 2827 20 0 2828 194 2 2829 916 2 2830 917 2 2831 688 2 2832 1257 2 2833 1255 2 2834 681 1 2835 550 1 2836 195 1 2837 197 3 2838 198 3 2839 428 3 2840 200 3 2841 201 3 2842 202 3 2843 342 1 2844 204 1 2845 781 1 2846 205 1 2847 203 1 2848 649 1 2849 207 0 2850 208 0 2851 921 0 2852 209 0 2853 206 0 2854 918 0 2855 644 2 2856 923 2 2857 925 2 2858 799 2 2859 924 2 2860 922 2 2861 642 2 2862 796 2 2863 927 2 2864 229 2 2865 926 2 2866 928 2 2867 646 2 2868 931 2 2869 929 2 2870 800 2 2871 930 2 2872 932 2 2873 213 2 2874 1272 2 2875 934 2 2876 802 2 2877 935 2 2878 933 2 2879 210 2 2880 211 2 2881 795 2 2882 150 0 2883 214 0 2884 215 0 2885 501 2 2886 508 2 2887 670 2 2888 472 2 2889 216 2 2890 664 2 2891 218 1 2892 936 1 2893 939 1 2894 219 1 2895 492 1 2896 938 1 2897 704 3 2898 493 3 2899 940 3 2900 494 3 2901 707 3 2902 1277 3 2903 223 3 2904 943 3 2905 942 3 2906 702 3 2907 1275 3 2908 944 3 2909 399 3 2910 1318 3 2911 1276 3 2912 221 3 2913 945 3 2914 946 3 2915 224 2 2916 225 2 2917 35 2 2918 36 0 2919 947 0 2920 949 0 2921 226 0 2922 227 0 2923 950 0 2924 37 1 2925 229 1 2926 797 1 2927 232 3 2928 952 3 2929 953 3 2930 655 3 2931 1281 3 2932 951 3 2933 799 3 2934 643 3 2935 650 3 2936 234 3 2937 184 3 2938 183 3 2939 185 1 2940 186 1 2941 761 1 2942 236 0 2943 237 0 2944 238 0 2945 240 2 2946 241 2 2947 608 2 2948 954 2 2949 474 2 2950 475 2 2951 239 2 2952 955 2 2953 956 2 2954 355 0 2955 505 0 2956 117 0 2957 242 0 2958 40 0 2959 503 0 2960 171 2 2961 636 2 2962 760 2 2963 622 2 2964 726 2 2965 758 2 2966 243 1 2967 664 1 2968 957 1 2969 41 1 2970 1283 1 2971 958 1 2972 670 3 2973 508 3 2974 960 3 2975 506 3 2976 671 3 2977 963 3 2978 333 3 2979 245 3 2980 439 3 2981 672 3 2982 507 3 2983 448 3 2984 247 2 2985 224 2 2986 34 2 2987 36 0 2988 228 0 2989 804 0 2990 803 0 2991 966 0 2992 964 0 2993 43 0 2994 1284 0 2995 965 0 2996 641 1 2997 795 1 2998 250 1 2999 252 3 3000 796 3 3001 642 3 3002 214 0 3003 88 0 3004 14 0 3005 216 2 3006 472 2 3007 583 2 3008 967 2 3009 805 2 3010 510 2 3011 253 2 3012 968 2 3013 969 2 3014 255 120 3015 476 120 3016 477 120 3017 479 1 3018 478 1 3019 973 1 3020 356 1 3021 972 1 3022 974 1 3023 256 121 3024 473 121 3025 358 121 3026 257 3 3027 258 3 3028 259 3 3029 261 3 3030 200 3 3031 199 3 3032 262 1 3033 975 1 3034 977 1 3035 230 1 3036 978 1 3037 976 1 3038 46 0 3039 264 0 3040 265 0 3041 269 2 3042 270 2 3043 657 2 3044 267 2 3045 268 2 3046 786 2 3047 89 0 3048 65 0 3049 64 0 3050 544 2 3051 981 2 3052 979 2 3053 272 2 3054 980 2 3055 982 2 3056 683 1 3057 551 1 3058 273 1 3059 275 3 3060 276 3 3061 546 3 3062 221 3 3063 1327 3 3064 1323 3 3065 473 1 3066 256 1 3067 674 1 3068 429 0 3069 430 0 3070 497 0 3071 431 122 3072 679 122 3073 499 122 3074 715 1 3075 614 1 3076 983 1 3077 278 1 3078 985 1 3079 984 1 3080 279 3 3081 280 3 3082 989 3 3083 612 3 3084 673 3 3085 988 3 3086 606 0 3087 990 0 3088 993 0 3089 666 0 3090 992 0 3091 991 0 3092 602 123 3093 751 123 3094 997 123 3095 723 124 3096 543 124 3097 994 124 3098 603 0 3099 1000 0 3100 999 0 3101 604 0 3102 767 0 3103 998 0 3104 281 125 3105 282 125 3106 1003 125 3107 609 126 3108 1289 126 3109 1002 126 3110 283 0 3111 47 0 3112 1004 0 3113 206 0 3114 209 0 3115 1007 0 3116 284 2 3117 268 2 3118 267 2 3119 791 1 3120 653 1 3121 646 1 3122 802 3 3123 647 3 3124 654 3 3125 292 0 3126 285 0 3127 743 0 3128 142 0 3129 27 0 3130 576 0 3131 286 2 3132 724 2 3133 1008 2 3134 288 2 3135 1287 2 3136 1009 2 3137 519 1 3138 746 1 3139 747 1 3140 521 1 3141 748 1 3142 749 1 3143 319 1 3144 436 1 3145 484 1 3146 290 1 3147 289 1 3148 313 1 3149 444 1 3150 318 1 3151 527 1 3152 49 3 3153 291 3 3154 752 3 3155 294 1 3156 130 1 3157 129 1 3158 629 127 3159 727 127 3160 1013 127 3161 726 128 3162 622 128 3163 1011 128 3164 297 0 3165 295 0 3166 614 0 3167 24 2 3168 298 2 3169 717 2 3170 233 3 3171 50 3 3172 299 3 3173 531 1 3174 235 1 3175 759 1 3176 778 1 3177 779 1 3178 136 1 3179 204 1 3180 342 1 3181 140 1 3182 300 0 3183 301 0 3184 302 0 3185 304 2 3186 38 2 3187 533 2 3188 52 2 3189 303 2 3190 814 2 3191 227 0 3192 226 0 3193 1014 0 3194 47 0 3195 283 0 3196 1016 0 3197 284 2 3198 48 2 3199 655 2 3200 789 1 3201 651 1 3202 644 1 3203 800 3 3204 645 3 3205 652 3 3206 552 1 3207 686 1 3208 1019 1 3209 694 129 3210 559 129 3211 1018 129 3212 305 1 3213 570 1 3214 561 1 3215 306 18 3216 765 18 3217 1322 18 3218 548 0 3219 1290 0 3220 1022 0 3221 477 0 3222 476 0 3223 1023 0 3224 687 2 3225 1025 2 3226 1026 2 3227 1291 2 3228 1292 2 3229 478 2 3230 597 1 3231 310 1 3232 542 1 3233 278 1 3234 277 1 3235 467 1 3236 311 3 3237 312 3 3238 589 3 3239 603 3 3240 753 3 3241 528 3 3242 753 3 3243 734 3 3244 528 3 3245 485 0 3246 484 0 3247 483 0 3248 486 2 3249 487 2 3250 488 2 3251 597 1 3252 1027 1 3253 1030 1 3254 315 1 3255 1029 1 3256 1028 1 3257 311 3 3258 316 3 3259 317 3 3260 318 0 3261 444 0 3262 442 0 3263 435 2 3264 434 2 3265 319 2 3266 139 2 3267 138 2 3268 453 2 3269 320 2 3270 1033 2 3271 1032 2 3272 438 2 3273 437 2 3274 1031 2 3275 324 0 3276 170 0 3277 673 0 3278 322 0 3279 321 0 3280 616 0 3281 323 130 3282 418 130 3283 1037 130 3284 676 131 3285 1035 131 3286 1038 131 3287 618 3 3288 731 3 3289 1041 3 3290 730 3 3291 625 3 3292 1039 3 3293 626 3 3294 732 3 3295 1044 3 3296 733 3 3297 621 3 3298 1042 3 3299 326 2 3300 247 2 3301 246 2 3302 43 0 3303 248 0 3304 1047 0 3305 327 0 3306 54 0 3307 1045 0 3308 793 1 3309 329 1 3310 328 1 3311 330 3 3312 331 3 3313 794 3 3314 245 3 3315 333 3 3316 280 3 3317 289 1 3318 290 1 3319 751 1 3320 509 0 3321 741 0 3322 334 0 3323 593 132 3324 665 132 3325 742 132 3326 42 2 3327 591 2 3328 335 2 3329 337 2 3330 113 2 3331 21 2 3332 26 0 3333 137 0 3334 1051 0 3335 811 0 3336 630 0 3337 1048 0 3338 338 0 3339 634 0 3340 624 0 3341 438 1 3342 1054 1 3343 1052 1 3344 383 1 3345 1053 1 3346 1055 1 3347 456 133 3348 453 133 3349 1297 133 3350 454 134 3351 455 134 3352 1057 134 3353 341 3 3354 1058 3 3355 1060 3 3356 458 135 3357 457 135 3358 1061 135 3359 114 2 3360 326 2 3361 325 2 3362 54 0 3363 327 0 3364 772 0 3365 343 1 3366 1064 1 3367 1063 1 3368 537 1 3369 766 1 3370 1062 1 3371 346 3 3372 1067 3 3373 1068 3 3374 1069 3 3375 1066 3 3376 763 3 3377 120 3 3378 350 3 3379 468 3 3380 363 3 3381 348 3 3382 459 3 3383 41 1 3384 244 1 3385 349 1 3386 584 136 3387 774 136 3388 1073 136 3389 671 137 3390 506 137 3391 1072 137 3392 507 2 3393 672 2 3394 1074 2 3395 585 2 3396 1299 2 3397 1075 2 3398 159 3 3399 1078 3 3400 1076 3 3401 121 3 3402 1077 3 3403 1079 3 3404 161 1 3405 1083 1 3406 1081 1 3407 123 1 3408 1080 1 3409 1082 1 3410 696 138 3411 562 138 3412 351 138 3413 353 2 3414 354 2 3415 563 2 3416 513 1 3417 570 1 3418 305 1 3419 737 1 3420 576 1 3421 1084 1 3422 713 1 3423 1086 1 3424 1085 1 3425 306 3 3426 53 3 3427 430 3 3428 355 3 3429 433 3 3430 431 3 3431 356 0 3432 480 0 3433 1088 0 3434 57 0 3435 1090 0 3436 1089 0 3437 662 139 3438 572 139 3439 1307 139 3440 661 140 3441 1092 140 3442 1094 140 3443 578 141 3444 663 141 3445 1095 141 3446 1091 142 3447 1096 142 3448 1306 142 3449 359 0 3450 360 0 3451 1101 0 3452 285 0 3453 292 0 3454 1098 0 3455 361 2 3456 58 2 3457 528 2 3458 582 143 3459 816 143 3460 739 143 3461 529 144 3462 740 144 3463 817 144 3464 363 3 3465 1102 3 3466 1104 3 3467 770 3 3468 1103 3 3469 1269 3 3470 617 3 3471 168 3 3472 771 3 3473 42 1 3474 669 1 3475 666 1 3476 56 1 3477 349 1 3478 665 1 3479 609 1 3480 667 1 3481 1107 1 3482 668 1 3483 616 1 3484 1105 1 3485 439 2 3486 440 2 3487 441 2 3488 175 2 3489 364 2 3490 59 2 3491 727 0 3492 629 0 3493 1109 0 3494 60 0 3495 365 0 3496 1112 0 3497 178 0 3498 31 0 3499 635 0 3500 367 145 3501 366 145 3502 633 145 3503 369 3 3504 729 3 3505 660 3 3506 370 0 3507 85 0 3508 1116 0 3509 809 0 3510 575 0 3511 1113 0 3512 1119 0 3513 1117 0 3514 502 0 3515 1117 0 3516 762 0 3517 502 0 3518 540 146 3519 813 146 3520 1118 146 3521 116 0 3522 118 0 3523 580 0 3524 461 147 3525 459 147 3526 462 147 3527 464 2 3528 1122 2 3529 1271 2 3530 588 2 3531 1121 2 3532 1123 2 3533 451 1 3534 449 1 3535 452 1 3536 314 1 3537 1125 1 3538 1127 1 3539 372 1 3540 1126 1 3541 1124 1 3542 317 3 3543 316 3 3544 373 3 3545 522 0 3546 749 0 3547 720 0 3548 526 2 3549 722 2 3550 750 2 3551 147 1 3552 1130 1 3553 1129 1 3554 371 1 3555 1128 1 3556 1131 1 3557 373 3 3558 291 3 3559 49 3 3560 719 0 3561 518 0 3562 517 0 3563 721 2 3564 748 2 3565 521 2 3566 537 2 3567 536 2 3568 773 2 3569 210 2 3570 1134 2 3571 1132 2 3572 794 2 3573 1133 2 3574 1311 2 3575 538 2 3576 1135 2 3577 1137 2 3578 763 2 3579 1138 2 3580 1136 2 3581 302 0 3582 815 0 3583 530 0 3584 532 1 3585 814 1 3586 1139 1 3587 62 1 3588 1141 1 3589 1140 1 3590 534 3 3591 804 3 3592 1144 3 3593 706 3 3594 411 3 3595 1145 3 3596 535 3 3597 808 3 3598 1149 3 3599 812 3 3600 533 3 3601 1146 3 3602 465 0 3603 189 0 3604 469 0 3605 239 148 3606 39 148 3607 601 148 3608 462 149 3609 1151 149 3610 1314 149 3611 757 150 3612 599 150 3613 1150 150 3614 464 151 3615 463 151 3616 1153 151 3617 600 152 3618 756 152 3619 1155 152 3620 133 3 3621 25 3 3622 379 3 3623 382 1 3624 381 1 3625 1156 1 3626 339 1 3627 1158 1 3628 1157 1 3629 455 153 3630 454 153 3631 648 153 3632 458 2 3633 782 2 3634 649 2 3635 320 2 3636 384 2 3637 659 2 3638 628 2 3639 146 2 3640 1160 2 3641 728 2 3642 633 2 3643 1310 2 3644 754 2 3645 658 2 3646 1163 2 3647 660 2 3648 729 2 3649 1164 2 3650 321 0 3651 322 0 3652 725 0 3653 623 154 3654 758 154 3655 810 154 3656 630 3 3657 811 3 3658 760 3 3659 148 3 3660 595 3 3661 543 3 3662 724 3 3663 286 3 3664 1166 3 3665 296 3 3666 725 3 3667 1169 3 3668 78 1 3669 294 1 3670 293 1 3671 542 0 3672 689 0 3673 386 0 3674 387 155 3675 388 155 3676 466 155 3677 16 2 3678 92 2 3679 746 2 3680 752 2 3681 1171 2 3682 1172 2 3683 582 2 3684 1308 2 3685 1170 2 3686 817 2 3687 253 2 3688 520 2 3689 253 2 3690 44 2 3691 520 2 3692 357 0 3693 1175 0 3694 1174 0 3695 568 0 3696 1173 0 3697 1176 0 3698 572 156 3699 662 156 3700 818 156 3701 579 3 3702 819 3 3703 663 3 3704 110 3 3705 557 3 3706 1253 3 3707 562 3 3708 696 3 3709 1177 3 3710 745 157 3711 574 157 3712 575 157 3713 539 3 3714 744 3 3715 1304 3 3716 563 3 3717 1180 3 3718 1179 3 3719 389 1 3720 155 1 3721 703 1 3722 498 1 3723 705 1 3724 1182 1 3725 1183 1 3726 708 1 3727 495 1 3728 567 158 3729 710 158 3730 764 158 3731 490 2 3732 692 2 3733 693 2 3734 98 1 3735 390 1 3736 391 1 3737 560 3 3738 568 3 3739 711 3 3740 514 3 3741 392 3 3742 661 3 3743 559 159 3744 694 159 3745 1187 159 3746 394 160 3747 393 160 3748 1188 160 3749 561 2 3750 1190 2 3751 1193 2 3752 396 2 3753 1192 2 3754 1191 2 3755 63 3 3756 502 3 3757 762 3 3758 398 1 3759 1197 1 3760 1195 1 3761 497 1 3762 1194 1 3763 1196 1 3764 499 1 3765 1328 1 3766 1325 1 3767 680 1 3768 1326 1 3769 1329 1 3770 707 0 3771 494 0 3772 495 0 3773 399 2 3774 709 2 3775 710 2 3776 579 0 3777 1201 0 3778 1198 0 3779 242 0 3780 1199 0 3781 1200 0 3782 360 0 3783 359 0 3784 577 0 3785 591 2 3786 596 2 3787 736 2 3788 58 2 3789 361 2 3790 735 2 3791 510 143 3792 805 143 3793 741 143 3794 592 3 3795 742 3 3796 806 3 3797 364 2 3798 337 2 3799 336 2 3800 634 0 3801 338 0 3802 1205 0 3803 365 0 3804 60 0 3805 1202 0 3806 401 145 3807 400 145 3808 658 145 3809 403 3 3810 755 3 3811 659 3 3812 599 0 3813 757 0 3814 770 0 3815 404 0 3816 238 0 3817 1209 0 3818 756 0 3819 600 0 3820 1206 0 3821 474 1 3822 1212 1 3823 1211 1 3824 303 1 3825 52 1 3826 1210 1 3827 608 3 3828 1319 3 3829 1214 3 3830 530 3 3831 815 3 3832 1215 3 3833 390 1 3834 77 1 3835 76 1 3836 515 3 3837 743 3 3838 1218 3 3839 392 3 3840 514 3 3841 1305 3 3842 406 0 3843 405 0 3844 513 0 3845 407 2 3846 408 2 3847 713 2 3848 201 3 3849 299 3 3850 50 3 3851 639 1 3852 1219 1 3853 1221 1 3854 377 1 3855 1222 1 3856 1220 1 3857 409 0 3858 410 0 3859 535 0 3860 706 2 3861 412 2 3862 413 2 3863 288 2 3864 287 2 3865 1223 2 3866 282 2 3867 281 2 3868 1226 2 3869 55 0 3870 334 0 3871 740 0 3872 590 161 3873 739 161 3874 738 161 3875 594 1 3876 735 1 3877 767 1 3878 606 3 3879 768 3 3880 736 3 3881 225 2 3882 72 2 3883 71 2 3884 651 0 3885 789 0 3886 788 0 3887 266 0 3888 790 0 3889 654 0 3890 792 0 3891 652 0 3892 653 0 3893 414 1 3894 1227 1 3895 1230 1 3896 786 1 3897 1229 1 3898 1228 1 3899 417 3 3900 1232 3 3901 1321 3 3902 657 3 3903 1233 3 3904 1231 3 3905 134 3 3906 167 3 3907 166 3 3908 627 1 3909 1234 1 3910 1236 1 3911 323 1 3912 1237 1 3913 1235 1 3914 531 0 3915 777 0 3916 731 0 3917 733 2 3918 778 2 3919 419 2 3920 131 1 3921 68 1 3922 67 1 3923 182 3 3924 32 3 3925 1240 3 3926 420 3 3927 421 3 3928 1239 3 3929 698 0 3930 423 0 3931 422 0 3932 424 2 3933 425 2 3934 700 2 3935 156 3 3936 566 3 3937 1316 3 3938 63 3 3939 397 3 3940 1317 3 3941 219 1 3942 1278 1 3943 1280 1 3944 496 1 3945 1244 1 3946 1243 1 3947 565 0 3948 703 0 3949 702 0 3950 493 2 3951 704 2 3952 705 2 3953 64 69 3954 66 69 3955 273 69 3956 69 2 3957 3 2 3958 4 2 3959 424 69 3960 2 69 3961 67 69 3962 67 69 3963 70 69 3964 424 69 3965 71 69 3966 260 69 3967 416 69 3968 124 69 3969 7 69 3970 73 69 3971 73 69 3972 75 69 3973 124 69 3974 76 69 3975 79 69 3976 141 69 3977 79 69 3978 10 69 3979 141 69 3980 11 69 3981 82 69 3982 187 69 3983 829 1 3984 1114 1 3985 1116 1 3986 12 69 3987 83 69 3988 820 69 3989 825 1 3990 821 1 3991 823 1 3992 370 69 3993 541 69 3994 826 69 3995 1113 3 3996 828 3 3997 1115 3 3998 90 162 3999 254 162 4000 14 162 4001 833 2 4002 1019 2 4003 835 2 4004 831 3 4005 868 3 4006 1247 3 4007 547 69 4008 17 69 4009 93 69 4010 96 69 4011 90 69 4012 17 69 4013 100 69 4014 1 69 4015 66 69 4016 66 69 4017 18 69 4018 100 69 4019 833 69 4020 553 69 4021 17 69 4022 844 69 4023 842 69 4024 544 69 4025 842 69 4026 546 69 4027 544 69 4028 1248 69 4029 17 69 4030 547 69 4031 544 69 4032 551 69 4033 1249 69 4034 100 69 4035 18 69 4036 837 69 4037 1248 1 4038 846 1 4039 843 1 4040 843 69 4041 552 69 4042 17 69 4043 848 3 4044 1119 3 4045 1250 3 4046 20 69 4047 106 69 4048 112 69 4049 554 69 4050 106 69 4051 107 69 4052 112 69 4053 106 69 4054 554 69 4055 555 69 4056 554 69 4057 557 69 4058 21 163 4059 115 163 4060 203 163 4061 350 69 4062 585 69 4063 378 69 4064 1252 69 4065 584 69 4066 350 69 4067 118 69 4068 852 69 4069 1251 69 4070 512 69 4071 118 69 4072 1251 69 4073 351 69 4074 22 69 4075 121 69 4076 121 69 4077 73 69 4078 128 69 4079 73 69 4080 7 69 4081 128 69 4082 558 69 4083 859 69 4084 1253 69 4085 1178 69 4086 858 69 4087 23 69 4088 556 69 4089 557 69 4090 554 69 4091 863 69 4092 194 69 4093 550 69 4094 862 69 4095 549 69 4096 554 69 4097 860 69 4098 428 69 4099 194 69 4100 7 69 4101 124 69 4102 1256 69 4103 128 69 4104 7 69 4105 1256 69 4106 177 69 4107 24 69 4108 129 69 4109 129 69 4110 132 69 4111 177 69 4112 342 69 4113 640 69 4114 140 69 4115 640 69 4116 135 69 4117 140 69 4118 640 69 4119 342 69 4120 536 69 4121 138 69 4122 627 69 4123 26 69 4124 626 69 4125 138 69 4126 136 69 4127 141 69 4128 10 69 4129 1247 69 4130 27 69 4131 869 69 4132 516 69 4133 31 69 4134 632 69 4135 628 69 4136 516 69 4137 875 69 4138 883 69 4139 28 69 4140 518 69 4141 885 69 4142 879 69 4143 435 69 4144 314 69 4145 1261 69 4146 587 69 4147 28 69 4148 371 69 4149 586 69 4150 876 69 4151 1262 69 4152 526 69 4153 371 69 4154 314 69 4155 443 69 4156 1263 69 4157 28 69 4158 587 69 4159 518 69 4160 371 69 4161 526 69 4162 586 69 4163 106 69 4164 151 69 4165 107 69 4166 1264 69 4167 890 69 4168 389 69 4169 29 69 4170 889 69 4171 892 69 4172 389 69 4173 489 69 4174 1264 69 4175 83 69 4176 12 69 4177 82 69 4178 82 69 4179 160 69 4180 165 69 4181 160 69 4182 30 69 4183 165 69 4184 574 69 4185 165 69 4186 30 69 4187 161 69 4188 574 69 4189 539 69 4190 1011 69 4191 615 69 4192 898 69 4193 897 69 4194 635 69 4195 628 69 4196 611 69 4197 610 69 4198 324 69 4199 324 69 4200 625 69 4201 235 69 4202 620 69 4203 324 69 4204 171 69 4205 1234 0 4206 1044 0 4207 1236 0 4208 173 1 4209 4 1 4210 3 1 4211 180 69 4212 4 69 4213 173 69 4214 173 69 4215 176 69 4216 180 69 4217 31 69 4218 177 69 4219 631 69 4220 638 69 4221 906 69 4222 1240 69 4223 180 69 4224 176 69 4225 1241 69 4226 637 69 4227 32 69 4228 1267 69 4229 631 69 4230 902 69 4231 1268 69 4232 902 2 4233 907 2 4234 1268 2 4235 901 0 4236 908 0 4237 900 0 4238 192 69 4239 236 69 4240 183 69 4241 183 69 4242 11 69 4243 192 69 4244 1104 2 4245 1270 2 4246 909 2 4247 1269 69 4248 911 69 4249 185 69 4250 447 69 4251 363 69 4252 378 69 4253 1271 69 4254 914 69 4255 465 69 4256 588 69 4257 450 69 4258 915 69 4259 470 69 4260 588 69 4261 187 69 4262 198 69 4263 9 69 4264 75 69 4265 75 69 4266 20 69 4267 198 69 4268 863 69 4269 916 69 4270 194 69 4271 1255 69 4272 554 69 4273 555 69 4274 20 69 4275 195 69 4276 550 69 4277 198 69 4278 20 69 4279 194 69 4280 264 164 4281 33 164 4282 199 164 4283 199 69 4284 202 69 4285 213 69 4286 203 69 4287 115 69 4288 649 69 4289 648 69 4290 25 69 4291 342 69 4292 202 69 4293 207 69 4294 919 69 4295 933 69 4296 918 69 4297 206 69 4298 213 69 4299 202 69 4300 1272 69 4301 206 69 4302 647 69 4303 933 69 4304 931 69 4305 646 69 4306 206 69 4307 641 69 4308 36 69 4309 210 69 4310 36 69 4311 642 69 4312 1273 69 4313 226 69 4314 643 69 4315 922 69 4316 1274 69 4317 923 69 4318 644 69 4319 505 165 4320 508 165 4321 501 165 4322 944 69 4323 938 69 4324 492 69 4325 944 0 4326 937 0 4327 938 0 4328 215 69 4329 217 69 4330 943 69 4331 940 69 4332 493 69 4333 492 69 4334 34 69 4335 35 69 4336 262 69 4337 1273 69 4338 947 69 4339 36 69 4340 948 69 4341 926 69 4342 229 69 4343 1014 3 4344 924 3 4345 1015 3 4346 226 69 4347 229 69 4348 37 69 4349 1281 69 4350 655 69 4351 37 69 4352 37 69 4353 650 69 4354 643 69 4355 300 69 4356 38 69 4357 233 69 4358 233 69 4359 183 69 4360 241 69 4361 183 69 4362 236 69 4363 241 69 4364 241 69 4365 236 69 4366 404 69 4367 1207 1 4368 954 1 4369 1282 1 4370 608 69 4371 404 69 4372 475 69 4373 321 69 4374 636 69 4375 171 69 4376 623 166 4377 321 166 4378 622 166 4379 243 69 4380 959 69 4381 960 69 4382 963 0 4383 1283 0 4384 961 0 4385 56 69 4386 448 69 4387 507 69 4388 41 69 4389 506 69 4390 961 69 4391 246 69 4392 34 69 4393 249 69 4394 210 69 4395 639 69 4396 964 69 4397 1284 69 4398 43 69 4399 332 69 4400 249 69 4401 34 69 4402 641 69 4403 34 69 4404 251 69 4405 36 69 4406 970 69 4407 510 69 4408 40 69 4409 510 69 4410 583 69 4411 40 69 4412 477 69 4413 307 69 4414 14 69 4415 259 69 4416 14 69 4417 307 69 4418 270 69 4419 6 69 4420 260 69 4421 260 69 4422 199 69 4423 270 69 4424 262 69 4425 35 69 4426 953 69 4427 1281 2 4428 978 2 4429 951 2 4430 46 167 4431 33 167 4432 264 167 4433 270 168 4434 33 168 4435 46 168 4436 656 69 4437 46 69 4438 267 69 4439 90 69 4440 64 69 4441 276 69 4442 844 3 4443 840 3 4444 842 3 4445 1249 69 4446 981 69 4447 544 69 4448 839 1 4449 981 1 4450 1249 1 4451 18 69 4452 271 69 4453 982 69 4454 64 69 4455 273 69 4456 551 69 4457 545 69 4458 546 69 4459 276 69 4460 276 69 4461 64 69 4462 545 69 4463 1326 69 4464 501 69 4465 504 69 4466 504 69 4467 1330 69 4468 1326 69 4469 430 69 4470 473 69 4471 220 69 4472 473 69 4473 432 69 4474 499 69 4475 1167 69 4476 983 69 4477 615 69 4478 983 69 4479 614 69 4480 615 69 4481 1287 1 4482 997 1 4483 1009 1 4484 277 69 4485 984 69 4486 286 69 4487 615 69 4488 614 69 4489 169 69 4490 1286 69 4491 171 69 4492 613 69 4493 612 69 4494 613 69 4495 171 69 4496 543 69 4497 277 69 4498 1010 69 4499 288 69 4500 602 69 4501 995 69 4502 280 69 4503 607 69 4504 991 69 4505 1288 69 4506 990 69 4507 606 69 4508 1000 69 4509 603 69 4510 288 69 4511 281 69 4512 604 69 4513 1001 69 4514 609 69 4515 280 69 4516 1289 69 4517 1006 3 4518 932 3 4519 930 3 4520 1004 69 4521 47 69 4522 645 69 4523 920 3 4524 933 3 4525 935 3 4526 1007 1 4527 931 1 4528 1005 1 4529 206 69 4530 646 69 4531 267 69 4532 267 69 4533 654 69 4534 647 69 4535 647 69 4536 206 69 4537 267 69 4538 149 69 4539 16 69 4540 576 69 4541 576 69 4542 27 69 4543 149 69 4544 515 69 4545 16 69 4546 292 69 4547 515 69 4548 576 69 4549 16 69 4550 277 69 4551 286 69 4552 1010 69 4553 387 69 4554 385 69 4555 293 69 4556 293 69 4557 129 69 4558 295 69 4559 129 69 4560 24 69 4561 295 69 4562 1266 69 4563 628 69 4564 629 69 4565 295 69 4566 24 69 4567 169 69 4568 50 69 4569 233 69 4570 409 69 4571 47 69 4572 1274 69 4573 644 69 4574 922 69 4575 1014 69 4576 226 69 4577 926 1 4578 950 1 4579 928 1 4580 48 69 4581 37 69 4582 655 69 4583 47 69 4584 644 69 4585 48 69 4586 48 69 4587 652 69 4588 645 69 4589 645 69 4590 47 69 4591 48 69 4592 560 69 4593 561 69 4594 570 69 4595 552 69 4596 1017 69 4597 833 69 4598 1018 69 4599 559 69 4600 560 69 4601 356 69 4602 53 69 4603 1322 69 4604 548 69 4605 17 69 4606 1290 69 4607 1024 169 4608 307 169 4609 477 169 4610 1290 69 4611 17 69 4612 553 69 4613 595 69 4614 467 69 4615 543 69 4616 467 69 4617 277 69 4618 543 69 4619 542 69 4620 595 69 4621 597 69 4622 595 69 4623 542 69 4624 467 69 4625 289 69 4626 589 69 4627 313 69 4628 589 69 4629 312 69 4630 313 69 4631 603 69 4632 528 69 4633 289 69 4634 289 69 4635 528 69 4636 589 69 4637 312 170 4638 485 170 4639 597 170 4640 597 99 4641 486 99 4642 313 99 4643 313 171 4644 312 171 4645 597 171 4646 880 69 4647 1027 69 4648 597 69 4649 879 2 4650 1029 2 4651 881 2 4652 312 69 4653 317 69 4654 319 69 4655 317 172 4656 318 172 4657 443 172 4658 319 171 4659 317 171 4660 314 171 4661 138 173 4662 26 173 4663 453 173 4664 1049 69 4665 1031 69 4666 26 69 4667 1031 174 4668 437 174 4669 26 174 4670 171 69 4671 616 69 4672 321 69 4673 1235 2 4674 1043 2 4675 1042 2 4676 1041 0 4677 1037 0 4678 1293 0 4679 612 69 4680 171 69 4681 324 69 4682 1286 0 4683 1108 0 4684 1105 0 4685 1293 69 4686 1037 69 4687 418 69 4688 620 69 4689 1038 69 4690 1039 69 4691 138 69 4692 626 69 4693 1294 69 4694 1042 69 4695 621 69 4696 418 69 4697 1293 69 4698 418 69 4699 618 69 4700 1038 2 4701 1040 2 4702 1039 2 4703 325 69 4704 246 69 4705 328 69 4706 43 69 4707 1295 69 4708 538 69 4709 1136 69 4710 1045 69 4711 347 69 4712 1045 69 4713 54 69 4714 347 69 4715 328 69 4716 246 69 4717 43 69 4718 332 69 4719 43 69 4720 246 69 4721 1107 2 4722 989 2 4723 1106 2 4724 592 69 4725 591 69 4726 593 69 4727 591 69 4728 509 69 4729 55 69 4730 591 69 4731 592 69 4732 509 69 4733 333 69 4734 593 69 4735 42 69 4736 336 175 4737 21 175 4738 381 175 4739 634 69 4740 384 69 4741 624 69 4742 1032 69 4743 1048 69 4744 384 69 4745 1048 176 4746 630 176 4747 384 176 4748 437 69 4749 1052 69 4750 1297 69 4751 1296 69 4752 1053 69 4753 383 69 4754 1052 2 4755 1056 2 4756 1297 2 4757 383 69 4758 454 69 4759 1296 69 4760 1061 69 4761 457 69 4762 383 69 4763 115 69 4764 325 69 4765 343 69 4766 54 69 4767 640 69 4768 537 69 4769 640 69 4770 536 69 4771 537 69 4772 343 69 4773 325 69 4774 1064 69 4775 325 69 4776 345 69 4777 1068 69 4778 54 69 4779 1065 69 4780 1069 69 4781 378 69 4782 468 69 4783 350 69 4784 854 0 4785 1252 0 4786 855 0 4787 461 69 4788 378 69 4789 363 69 4790 1299 69 4791 350 69 4792 584 69 4793 1299 69 4794 585 69 4795 350 69 4796 1298 177 4797 41 177 4798 507 177 4799 30 69 4800 160 69 4801 1076 69 4802 1077 69 4803 121 69 4804 354 69 4805 121 69 4806 22 69 4807 354 69 4808 22 69 4809 351 69 4810 562 69 4811 354 69 4812 22 69 4813 23 69 4814 570 69 4815 514 69 4816 571 69 4817 1084 69 4818 576 69 4819 515 69 4820 573 69 4821 1085 69 4822 1305 69 4823 430 69 4824 358 69 4825 473 69 4826 473 69 4827 355 69 4828 432 69 4829 53 69 4830 356 69 4831 1091 69 4832 1097 69 4833 1090 69 4834 57 69 4835 358 69 4836 53 69 4837 1306 69 4838 57 69 4839 578 69 4840 1097 69 4841 1307 69 4842 572 69 4843 57 69 4844 569 69 4845 571 69 4846 1094 69 4847 571 69 4848 569 69 4849 570 69 4850 1176 178 4851 1094 178 4852 1092 178 4853 292 69 4854 16 69 4855 519 69 4856 359 69 4857 582 69 4858 590 69 4859 520 69 4860 359 69 4861 58 69 4862 185 69 4863 598 69 4864 1269 69 4865 56 69 4866 593 69 4867 362 69 4868 593 69 4869 333 69 4870 362 69 4871 609 69 4872 1106 69 4873 989 69 4874 1105 69 4875 616 69 4876 171 69 4877 42 69 4878 607 69 4879 280 69 4880 991 179 4881 1002 179 4882 1289 179 4883 363 180 4884 56 180 4885 362 180 4886 903 2 4887 1240 2 4888 906 2 4889 176 69 4890 59 69 4891 366 69 4892 628 69 4893 635 69 4894 31 69 4895 1309 69 4896 1109 69 4897 629 69 4898 633 69 4899 366 69 4900 59 69 4901 60 69 4902 59 69 4903 368 69 4904 118 181 4905 19 181 4906 580 181 4907 1250 69 4908 1119 69 4909 19 69 4910 1119 69 4911 502 69 4912 19 69 4913 13 182 4914 540 182 4915 1120 182 4916 370 69 4917 1114 69 4918 451 69 4919 827 69 4920 1113 69 4921 13 69 4922 1113 69 4923 575 69 4924 13 69 4925 19 69 4926 502 69 4927 580 69 4928 13 69 4929 575 69 4930 540 69 4931 1120 1 4932 849 1 4933 847 1 4934 378 69 4935 461 69 4936 465 69 4937 465 69 4938 463 69 4939 1271 69 4940 1123 1 4941 915 1 4942 913 1 4943 588 69 4944 370 69 4945 451 69 4946 822 3 4947 826 3 4948 824 3 4949 1263 69 4950 1125 69 4951 314 69 4952 1126 2 4953 1262 2 4954 1124 2 4955 371 69 4956 1124 69 4957 1262 69 4958 317 69 4959 374 69 4960 318 69 4961 61 69 4962 375 69 4963 586 69 4964 523 69 4965 526 69 4966 527 69 4967 884 0 4968 874 0 4969 885 0 4970 877 2 4971 1129 2 4972 1130 2 4973 876 69 4974 1128 69 4975 371 69 4976 375 69 4977 61 69 4978 374 69 4979 374 69 4980 49 69 4981 521 69 4982 521 69 4983 49 69 4984 518 69 4985 1065 2 4986 1066 2 4987 1069 2 4988 1133 3 4989 1284 3 4990 1311 3 4991 1067 0 4992 1064 0 4993 1068 0 4994 36 69 4995 534 69 4996 210 69 4997 1135 1 4998 1047 1 4999 1137 1 5000 532 69 5001 1142 69 5002 1146 69 5003 1147 69 5004 1141 69 5005 535 69 5006 1141 69 5007 62 69 5008 535 69 5009 411 69 5010 1220 69 5011 1145 69 5012 1148 2 5013 1142 2 5014 1139 2 5015 468 183 5016 378 183 5017 465 183 5018 1122 3 5019 914 3 5020 1271 3 5021 185 69 5022 601 69 5023 39 69 5024 1154 2 5025 1314 2 5026 1151 2 5027 1150 69 5028 599 69 5029 39 69 5030 465 69 5031 1314 69 5032 1153 69 5033 1313 69 5034 39 69 5035 600 69 5036 911 0 5037 1103 0 5038 910 0 5039 649 69 5040 115 69 5041 379 69 5042 379 69 5043 25 69 5044 649 69 5045 381 69 5046 21 69 5047 1060 69 5048 1057 0 5049 1053 0 5050 1296 0 5051 1158 2 5052 1061 2 5053 1157 2 5054 648 184 5055 454 184 5056 383 184 5057 25 185 5058 383 185 5059 457 185 5060 384 69 5061 634 69 5062 659 69 5063 1203 69 5064 1163 69 5065 634 69 5066 1163 69 5067 658 69 5068 634 69 5069 60 69 5070 660 69 5071 1162 69 5072 1204 3 5073 1162 3 5074 1164 3 5075 321 186 5076 296 186 5077 615 186 5078 623 69 5079 624 69 5080 384 69 5081 321 69 5082 384 69 5083 630 69 5084 286 69 5085 984 69 5086 1166 69 5087 996 3 5088 1010 3 5089 1008 3 5090 293 69 5091 385 69 5092 10 69 5093 1027 0 5094 882 0 5095 1030 0 5096 385 69 5097 387 69 5098 467 69 5099 1099 1 5100 1170 1 5101 1308 1 5102 292 69 5103 581 69 5104 1172 69 5105 1174 69 5106 1307 69 5107 57 69 5108 1307 1 5109 1175 1 5110 1093 1 5111 1173 69 5112 568 69 5113 569 69 5114 570 69 5115 569 69 5116 568 69 5117 44 69 5118 57 69 5119 572 69 5120 57 69 5121 44 69 5122 579 69 5123 540 69 5124 575 69 5125 161 69 5126 575 69 5127 574 69 5128 161 69 5129 23 69 5130 562 69 5131 1178 69 5132 161 69 5133 539 69 5134 1181 69 5135 1180 69 5136 563 69 5137 23 69 5138 498 69 5139 1184 69 5140 1316 69 5141 1185 69 5142 495 69 5143 63 69 5144 389 69 5145 565 69 5146 490 69 5147 565 69 5148 566 69 5149 490 69 5150 63 69 5151 567 69 5152 580 69 5153 566 69 5154 564 69 5155 498 69 5156 557 69 5157 389 69 5158 490 69 5159 838 3 5160 982 3 5161 980 3 5162 18 69 5163 391 69 5164 393 69 5165 1192 3 5166 1188 3 5167 1191 3 5168 570 69 5169 568 69 5170 560 69 5171 1189 1 5172 1193 1 5173 1190 1 5174 1190 69 5175 560 69 5176 559 69 5177 1188 69 5178 393 69 5179 391 69 5180 1190 69 5181 561 69 5182 560 69 5183 1191 69 5184 391 69 5185 395 69 5186 399 69 5187 496 69 5188 1318 69 5189 220 69 5190 946 69 5191 1194 69 5192 496 69 5193 1195 69 5194 1318 69 5195 499 69 5196 1327 69 5197 220 69 5198 63 69 5199 495 69 5200 496 69 5201 496 187 5202 399 187 5203 63 187 5204 44 69 5205 359 69 5206 520 69 5207 1199 1 5208 970 1 5209 1200 1 5210 969 3 5211 1198 3 5212 1201 3 5213 1201 69 5214 579 69 5215 44 69 5216 594 69 5217 55 69 5218 58 69 5219 592 69 5220 583 69 5221 510 69 5222 59 69 5223 336 69 5224 400 69 5225 1032 3 5226 1050 3 5227 1048 3 5228 1162 69 5229 1202 69 5230 60 69 5231 658 69 5232 400 69 5233 336 69 5234 634 69 5235 336 69 5236 402 69 5237 185 69 5238 39 69 5239 599 69 5240 956 69 5241 1206 69 5242 39 69 5243 1206 69 5244 600 69 5245 39 69 5246 475 69 5247 1211 69 5248 1319 69 5249 1319 2 5250 1212 2 5251 1214 2 5252 1216 69 5253 52 69 5254 530 69 5255 1018 0 5256 836 0 5257 1020 0 5258 391 69 5259 76 69 5260 395 69 5261 395 69 5262 76 69 5263 405 69 5264 1320 0 5265 1087 0 5266 1084 0 5267 513 69 5268 405 69 5269 76 69 5270 76 69 5271 407 69 5272 573 69 5273 934 1 5274 919 1 5275 921 1 5276 202 69 5277 50 69 5278 413 69 5279 1219 69 5280 639 69 5281 210 69 5282 1222 2 5283 1145 2 5284 1220 2 5285 1149 0 5286 1141 0 5287 1147 0 5288 535 69 5289 62 69 5290 50 69 5291 413 69 5292 50 69 5293 62 69 5294 990 3 5295 1003 3 5296 993 3 5297 58 188 5298 590 188 5299 589 188 5300 55 69 5301 594 69 5302 281 69 5303 605 69 5304 606 69 5305 596 69 5306 596 69 5307 55 69 5308 605 69 5309 953 0 5310 977 0 5311 975 0 5312 35 69 5313 71 69 5314 414 69 5315 1230 0 5316 1321 0 5317 1232 0 5318 267 69 5319 653 69 5320 48 69 5321 48 69 5322 651 69 5323 650 69 5324 654 69 5325 267 69 5326 46 69 5327 71 69 5328 1321 69 5329 1227 69 5330 1233 69 5331 46 69 5332 656 69 5333 71 69 5334 416 69 5335 1321 69 5336 1229 2 5337 1233 2 5338 1228 2 5339 135 69 5340 166 69 5341 419 69 5342 627 69 5343 138 69 5344 1294 69 5345 166 69 5346 531 69 5347 418 69 5348 619 69 5349 621 69 5350 419 69 5351 419 189 5352 166 189 5353 619 189 5354 896 0 5355 1266 0 5356 1013 0 5357 132 69 5358 67 69 5359 422 69 5360 67 69 5361 2 69 5362 422 69 5363 1240 69 5364 32 69 5365 638 69 5366 1239 0 5367 905 0 5368 1241 0 5369 176 69 5370 420 69 5371 1241 69 5372 637 69 5373 422 69 5374 2 69 5375 32 69 5376 2 69 5377 424 69 5378 564 69 5379 565 69 5380 426 69 5381 426 69 5382 492 69 5383 564 69 5384 1 2 5385 0 2 5386 274 2 5387 4 3 5388 3 3 5389 425 3 5390 6 0 5391 5 0 5392 417 0 5393 8 1 5394 125 1 5395 124 1 5396 407 3 5397 141 3 5398 143 3 5399 12 1 5400 87 1 5401 188 1 5402 96 2 5403 95 2 5404 255 2 5405 1 3 5406 100 3 5407 101 3 5408 195 2 5409 112 2 5410 111 2 5411 203 0 5412 205 0 5413 341 0 5414 352 1 5415 351 1 5416 128 1 5417 177 3 5418 179 3 5419 298 3 5420 157 2 5421 108 2 5422 107 2 5423 84 1 5424 83 1 5425 165 1 5426 4 0 5427 180 0 5428 181 0 5429 192 1 5430 191 1 5431 237 1 5432 8 2 5433 9 2 5434 198 2 5435 265 1 5436 264 1 5437 213 1 5438 154 2 5439 153 2 5440 223 2 5441 252 0 5442 251 0 5443 262 0 5444 301 1 5445 300 1 5446 241 1 5447 850 2 5448 1251 2 5449 852 2 5450 500 190 5451 505 190 5452 501 190 5453 331 0 5454 330 0 5455 249 0 5456 259 2 5457 258 2 5458 218 2 5459 15 191 5460 14 192 5461 307 193 5462 1322 0 5463 974 0 5464 972 0 5465 309 194 5466 307 194 5467 1021 194 5468 14 195 5469 15 195 5470 45 195 5471 5 1 5472 6 1 5473 270 1 5474 94 2 5475 93 2 5476 276 2 5477 388 3 5478 387 3 5479 295 3 5480 38 1 5481 304 1 5482 410 1 5483 346 0 5484 345 0 5485 328 0 5486 403 0 5487 402 0 5488 381 0 5489 380 0 5490 379 0 5491 343 0 5492 1300 1 5493 163 1 5494 30 1 5495 353 1 5496 1301 1 5497 1302 1 5498 421 0 5499 420 0 5500 366 0 5501 1213 0 5502 1216 0 5503 1215 0 5504 385 3 5505 386 3 5506 91 3 5507 272 3 5508 271 3 5509 393 3 5510 369 0 5511 368 0 5512 400 0 5513 405 3 5514 406 3 5515 396 3 5516 208 1 5517 207 1 5518 413 1 5519 231 0 5520 414 0 5521 415 0 5522 144 3 5523 422 3 5524 423 3 5525 479 196 5526 307 196 5527 1291 196 5528 973 2 5529 1285 2 5530 971 2 5531 943 2 5532 936 2 5533 942 2 5534 941 2 5535 1280 2 5536 1278 2 5537 1277 0 5538 1244 0 5539 1279 0 5540 1182 2 5541 1316 2 5542 1184 2 5543 1302 2 5544 1079 2 5545 1077 2 5546 867 1 5547 1256 1 5548 1260 1 5549 860 3 5550 866 3 5551 1259 3 5552 1255 3 5553 861 3 5554 862 3 5555 1258 1 5556 916 1 5557 863 1 5558 1253 2 5559 856 2 5560 1254 2 5561 857 0 5562 1178 0 5563 1177 0 5564 1303 0 5565 1078 0 5566 1300 0 5567 1181 0 5568 1081 0 5569 1083 0 5570 1180 2 5571 1080 2 5572 1179 2 5573 893 2 5574 889 2 5575 1265 2 5576 890 0 5577 894 0 5578 891 0 5579 1024 1 5580 1292 1 5581 1291 1 5582 1025 3 5583 1290 3 5584 1026 3 5585 511 69 5586 852 69 5587 118 69 5588 501 69 5589 118 69 5590 504 69 5591 959 2 5592 962 2 5593 960 2 5594 875 2 5595 872 2 5596 886 2 5597 1324 3 5598 1330 3 5599 504 3 5600 1071 1 5601 1073 1 5602 1075 1 5603 830 1 5604 869 1 5605 871 1 5606 888 0 5607 1127 0 5608 1125 0 5609 1128 0 5610 876 0 5611 878 0 5612 947 3 5613 1273 3 5614 927 3 5615 1183 0 5616 1185 0 5617 1315 0 5618 1152 0 5619 1150 0 5620 1313 0 5621 1134 1 5622 964 1 5623 966 1 5624 1168 2 5625 1166 2 5626 984 2 5627 1223 3 5628 999 3 5629 1000 3 5630 998 1 5631 1224 1 5632 1226 1 5633 983 0 5634 1167 0 5635 1169 0 5636 923 1 5637 1274 1 5638 1016 1 5639 1031 1 5640 1049 1 5641 1051 1 5642 1060 0 5643 1058 0 5644 1159 0 5645 1298 3 5646 1074 3 5647 1072 3 5648 1095 3 5649 1089 3 5650 1090 3 5651 956 3 5652 955 3 5653 1208 3 5654 1045 3 5655 1136 3 5656 1138 3 5657 1312 0 5658 1144 0 5659 1221 0 5660 1110 1 5661 1112 1 5662 1161 1 5663 1318 2 5664 1195 2 5665 1197 2 5666 945 0 5667 1196 0 5668 1194 0 5669 1163 1 5670 1203 1 5671 1205 1 5672 1086 2 5673 1217 2 5674 1305 2 5675 895 2 5676 1012 2 5677 1011 2 5678 221 3 5679 220 3 5680 1327 3 5681 1091 1 5682 1088 1 5683 1096 1 5684 499 1 5685 679 1 5686 1328 1 5687 829 1 5688 1246 1 5689 1114 1 5690 825 1 5691 820 1 5692 821 1 5693 1113 3 5694 827 3 5695 828 3 5696 90 69 5697 96 69 5698 254 69 5699 833 2 5700 1017 2 5701 1019 2 5702 831 3 5703 870 3 5704 868 3 5705 1248 1 5706 841 1 5707 846 1 5708 848 3 5709 1117 3 5710 1119 3 5711 1234 0 5712 1294 0 5713 1044 0 5714 902 2 5715 899 2 5716 907 2 5717 901 0 5718 1267 0 5719 908 0 5720 1104 2 5721 1102 2 5722 1270 2 5723 944 0 5724 1275 0 5725 937 0 5726 1014 3 5727 922 3 5728 924 3 5729 1207 1 5730 1209 1 5731 954 1 5732 963 0 5733 958 0 5734 1283 0 5735 1281 2 5736 976 2 5737 978 2 5738 844 3 5739 845 3 5740 840 3 5741 839 1 5742 979 1 5743 981 1 5744 1287 197 5745 995 197 5746 997 197 5747 1006 3 5748 1004 3 5749 932 3 5750 920 3 5751 918 3 5752 933 3 5753 1007 1 5754 929 1 5755 931 1 5756 926 1 5757 948 1 5758 950 1 5759 879 2 5760 1028 2 5761 1029 2 5762 1235 2 5763 1237 2 5764 1043 2 5765 1041 0 5766 1036 0 5767 1037 0 5768 1286 0 5769 988 0 5770 1108 0 5771 1038 2 5772 1035 2 5773 1040 2 5774 1107 2 5775 987 2 5776 989 2 5777 1052 2 5778 1054 2 5779 1056 2 5780 854 0 5781 851 0 5782 1252 0 5783 430 69 5784 53 69 5785 358 69 5786 473 69 5787 472 69 5788 355 69 5789 1176 3 5790 1173 3 5791 1094 3 5792 991 1 5793 992 1 5794 1002 1 5795 903 2 5796 1238 2 5797 1240 2 5798 1120 1 5799 1118 1 5800 849 1 5801 1123 1 5802 1121 1 5803 915 1 5804 822 3 5805 1245 3 5806 826 3 5807 1126 2 5808 887 2 5809 1262 2 5810 884 0 5811 873 0 5812 874 0 5813 877 2 5814 1261 2 5815 1129 2 5816 1065 2 5817 1062 2 5818 1066 2 5819 1133 3 5820 965 3 5821 1284 3 5822 1067 0 5823 1063 0 5824 1064 0 5825 1135 1 5826 1295 1 5827 1047 1 5828 1148 2 5829 1146 2 5830 1142 2 5831 1122 3 5832 912 3 5833 914 3 5834 1154 2 5835 1153 2 5836 1314 2 5837 911 0 5838 1269 0 5839 1103 0 5840 1057 0 5841 1055 0 5842 1053 0 5843 1158 2 5844 1059 2 5845 1061 2 5846 1204 3 5847 1202 3 5848 1162 3 5849 996 3 5850 994 3 5851 1010 3 5852 1027 0 5853 880 0 5854 882 0 5855 1099 1 5856 1101 1 5857 1170 1 5858 1307 1 5859 1174 1 5860 1175 1 5861 838 3 5862 837 3 5863 982 3 5864 1192 198 5865 1186 198 5866 1188 198 5867 1189 1 5868 1187 1 5869 1193 1 5870 499 69 5871 1325 69 5872 1327 69 5873 1199 1 5874 967 1 5875 970 1 5876 969 3 5877 968 3 5878 1198 3 5879 1032 3 5880 1033 3 5881 1050 3 5882 1319 2 5883 1211 2 5884 1212 2 5885 1018 0 5886 834 0 5887 836 0 5888 1320 0 5889 1218 0 5890 1087 0 5891 934 1 5892 1272 1 5893 919 1 5894 1222 2 5895 1143 2 5896 1145 2 5897 1149 0 5898 1140 0 5899 1141 0 5900 990 199 5901 1288 199 5902 1003 199 5903 953 0 5904 952 0 5905 977 0 5906 1230 0 5907 1227 0 5908 1321 0 5909 1229 2 5910 1231 2 5911 1233 2 5912 896 0 5913 897 0 5914 1266 0 5915 1239 0 5916 904 0 5917 905 0 5918 850 2 5919 853 2 5920 1251 2 5921 1322 0 5922 765 0 5923 974 0 5924 1213 0 5925 1210 0 5926 1216 0 5927 973 2 5928 1021 2 5929 1285 2 5930 943 2 5931 939 2 5932 936 2 5933 941 2 5934 940 2 5935 1280 2 5936 1277 0 5937 1243 0 5938 1244 0 5939 1182 2 5940 1242 2 5941 1316 2 5942 1302 2 5943 1301 2 5944 1079 2 5945 867 1 5946 864 1 5947 1256 1 5948 860 3 5949 865 3 5950 866 3 5951 1255 3 5952 1257 3 5953 861 3 5954 1258 1 5955 917 1 5956 916 1 5957 1253 2 5958 859 2 5959 856 2 5960 857 0 5961 858 0 5962 1178 0 5963 1303 0 5964 1076 0 5965 1078 0 5966 1181 0 5967 1304 0 5968 1081 0 5969 1180 2 5970 1082 2 5971 1080 2 5972 893 2 5973 892 2 5974 889 2 5975 890 0 5976 1264 0 5977 894 0 5978 1024 1 5979 1023 1 5980 1292 1 5981 1025 3 5982 1022 3 5983 1290 3 5984 959 2 5985 957 2 5986 962 2 5987</p>
        </triangles>
      </mesh>
    </geometry>
  </library_geometries>
  <library_visual_scenes>
    <visual_scene id="Scene" name="Scene">
      <node id="Floor_020" name="Floor.020" type="NODE">
        <matrix sid="transform">1 0 0 56.74957 0 1 0 -15.3434 0 0 1 0 0 0 0 1</matrix>
        <instance_geometry url="#Floor_mesh_020-mesh" name="Floor.020"/>
      </node>
    </visual_scene>
  </library_visual_scenes>
  <scene>
    <instance_visual_scene url="#Scene"/>
  </scene>
</COLLADA>